{"epoch":{"0":0,"1":1,"2":2,"3":3,"4":4,"5":5,"6":6,"7":7,"8":8,"9":9,"10":10,"11":11,"12":12,"13":13,"14":14,"15":15,"16":16,"17":17,"18":18,"19":19,"20":20,"21":21,"22":22,"23":23,"24":24,"25":25,"26":26,"27":27,"28":28,"29":29,"30":30,"31":31,"32":32,"33":33,"34":34,"35":35,"36":36,"37":37,"38":38,"39":39,"40":40,"41":41,"42":42,"43":43,"44":44,"45":45,"46":46,"47":47,"48":48,"49":49,"50":50,"51":51,"52":52,"53":53,"54":54,"55":55,"56":56,"57":57,"58":58,"59":59,"60":60,"61":61,"62":62,"63":63,"64":64,"65":65,"66":66,"67":67,"68":68,"69":69,"70":70,"71":71,"72":72,"73":73,"74":74,"75":75,"76":76,"77":77,"78":78,"79":79,"80":80,"81":81,"82":82,"83":83,"84":84,"85":85,"86":86,"87":87,"88":88,"89":89,"90":90,"91":91,"92":92,"93":93,"94":94,"95":95,"96":96,"97":97,"98":98,"99":99},"avg_loss":{"0":0.3319547815,"1":0.2502288159,"2":0.2286227094,"3":0.2197095255,"4":0.2114006098,"5":0.1962866507,"6":0.2019060836,"7":0.1888694303,"8":0.1883255709,"9":0.1752321237,"10":0.1652118728,"11":0.1696870373,"12":0.1666848811,"13":0.1688369818,"14":0.1735549965,"15":0.1511331811,"16":0.1637427608,"17":0.1672467369,"18":0.1707618332,"19":0.150743399,"20":0.1595805996,"21":0.1460245338,"22":0.1512288297,"23":0.1429636895,"24":0.1331776158,"25":0.1282982418,"26":0.1382305425,"27":0.137821429,"28":0.1378806396,"29":0.1250345919,"30":0.1265388759,"31":0.1390927912,"32":0.1283994684,"33":0.1234762845,"34":0.1270440101,"35":0.1174130797,"36":0.1273702532,"37":0.1090580135,"38":0.1299540829,"39":0.1261675552,"40":0.1195996265,"41":0.1213720156,"42":0.1189449797,"43":0.1231964764,"44":0.1189818217,"45":0.1154268667,"46":0.1095398559,"47":0.120845064,"48":0.1160127303,"49":0.1131550872,"50":0.1210884864,"51":0.1137777539,"52":0.1017629447,"53":0.1054906847,"54":0.117048264,"55":0.1191092963,"56":0.1133005784,"57":0.1039507408,"58":0.1045007708,"59":0.1115012469,"60":0.0975288206,"61":0.10005618,"62":0.1007459146,"63":0.0965569142,"64":0.0959730277,"65":0.1058356663,"66":0.0988365995,"67":0.0956523584,"68":0.0934141407,"69":0.1146469551,"70":0.1050692594,"71":0.0993791033,"72":0.1065915664,"73":0.0950630502,"74":0.101850428,"75":0.1002913784,"76":0.0921684828,"77":0.0956200657,"78":0.0913644725,"79":0.0873427031,"80":0.0933720178,"81":0.0819091341,"82":0.0841402401,"83":0.0833285951,"84":0.0815346405,"85":0.0933228917,"86":0.0894433399,"87":0.0773928935,"88":0.0791551462,"89":0.0907916834,"90":0.0909451105,"91":0.0833863874,"92":0.0825519807,"93":0.0760040434,"94":0.0900134263,"95":0.0862412818,"96":0.080023056,"97":0.0730044361,"98":0.0849584106,"99":0.0849085778},"avg_acc":{"0":0.8574653864,"1":0.8999487162,"2":0.910826087,"3":0.9087737799,"4":0.9167778492,"5":0.9239610434,"6":0.9208825231,"7":0.9280657172,"8":0.9237558246,"9":0.9348384142,"10":0.9368907213,"11":0.9364802837,"12":0.9342226982,"13":0.9325808287,"14":0.9331965446,"15":0.9438686967,"16":0.9354541302,"17":0.9358645678,"18":0.9313494563,"19":0.945100069,"20":0.9360697865,"21":0.9416111112,"22":0.9385325909,"23":0.9444844127,"24":0.9485890269,"25":0.9496152401,"26":0.945715785,"27":0.9412006736,"28":0.9492047429,"29":0.9555670023,"30":0.9492047429,"31":0.9477680922,"32":0.9514623284,"33":0.9522832632,"34":0.9500256777,"35":0.9553617835,"36":0.9506413937,"37":0.963160634,"38":0.9514623284,"39":0.9494099617,"40":0.9526937008,"41":0.9541303515,"42":0.9553617835,"43":0.9520780444,"44":0.9555670023,"45":0.9549512863,"46":0.959876895,"47":0.9545408487,"48":0.9580298066,"49":0.9559774399,"50":0.9500256777,"51":0.957003653,"52":0.9602873325,"53":0.9590559602,"54":0.9588507414,"55":0.9555670023,"56":0.9580298066,"57":0.9596716762,"58":0.9621344805,"59":0.9594663978,"60":0.9650077224,"61":0.9621344805,"62":0.9629554152,"63":0.9674705267,"64":0.9643920064,"65":0.959261179,"66":0.9623396993,"67":0.9656234384,"68":0.9664443731,"69":0.9576193094,"70":0.9606978297,"71":0.9600821137,"72":0.9584402442,"73":0.9629554152,"74":0.9633658528,"75":0.9627501369,"76":0.9682914615,"77":0.9617239833,"78":0.9666495919,"79":0.9703438282,"80":0.9664443731,"81":0.9713699818,"82":0.9703438282,"83":0.9691123962,"84":0.9697281122,"85":0.9627501369,"86":0.9648025036,"87":0.9721909165,"88":0.9723961353,"89":0.9676757455,"90":0.9621344805,"91":0.9687019587,"92":0.969317615,"93":0.9719856977,"94":0.9697281122,"95":0.9680862427,"96":0.9703438282,"97":0.9734222889,"98":0.9697281122,"99":0.9672653079},"avg_loss_val":{"0":0.2483841581,"1":0.2447358317,"2":0.2979574473,"3":0.3122743782,"4":0.2641645054,"5":0.2513430297,"6":0.283997836,"7":0.2204817144,"8":0.2323603513,"9":0.287552506,"10":0.2480795354,"11":0.2443449751,"12":0.250933144,"13":0.2602710465,"14":0.25036459,"15":0.270493365,"16":0.3034207141,"17":0.260342334,"18":0.2698546403,"19":0.2632991533,"20":0.265324182,"21":0.2540686785,"22":0.2549666244,"23":0.2543452615,"24":0.3114580212,"25":0.2774068034,"26":0.3105110867,"27":0.287473987,"28":0.3178758207,"29":0.303049976,"30":0.3067069328,"31":0.277486639,"32":0.2998262641,"33":0.2912039036,"34":0.3241492509,"35":0.3089011736,"36":0.3018081835,"37":0.3772216426,"38":0.246206005,"39":0.285366987,"40":0.3199414972,"41":0.2990617617,"42":0.2870812321,"43":0.2945235737,"44":0.361148544,"45":0.3265313404,"46":0.3548315797,"47":0.3709748664,"48":0.2690011764,"49":0.314486572,"50":0.3525172545,"51":0.3096794315,"52":0.3168610538,"53":0.2930549659,"54":0.3562212712,"55":0.2831280027,"56":0.2951429064,"57":0.3049889048,"58":0.3233123811,"59":0.3044181684,"60":0.2892784982,"61":0.3005170943,"62":0.3195118559,"63":0.3343201036,"64":0.3074251219,"65":0.3428539736,"66":0.4198623866,"67":0.3723662638,"68":0.3622469162,"69":0.3699441104,"70":0.3571666443,"71":0.3574661149,"72":0.3151890287,"73":0.335895374,"74":0.3057174928,"75":0.3296409987,"76":0.3491794794,"77":0.328777733,"78":0.415437477,"79":0.3355657269,"80":0.3556340794,"81":0.3736544584,"82":0.3798317025,"83":0.3659016714,"84":0.3291087006,"85":0.3952326367,"86":0.3651177181,"87":0.4009950175,"88":0.3986898057,"89":0.3307710315,"90":0.4012292047,"91":0.3649413617,"92":0.3868771872,"93":0.3724403256,"94":0.4050512957,"95":0.3610070585,"96":0.3396757469,"97":0.426745495,"98":0.3407580531,"99":0.3274591948},"avg_acc_val":{"0":0.89773947,"1":0.9052744508,"2":0.8848223686,"3":0.8783637881,"4":0.9009687901,"5":0.9031215906,"6":0.8880516291,"7":0.9181916118,"8":0.9214208722,"9":0.8912809491,"10":0.9063509107,"11":0.9138858914,"12":0.9041980505,"13":0.9041980505,"14":0.9149622917,"15":0.8988159299,"16":0.8988159299,"17":0.9052744508,"18":0.8988159299,"19":0.8998923302,"20":0.9052744508,"21":0.9138858914,"22":0.9181916118,"23":0.9138858914,"24":0.89773947,"25":0.9106565714,"26":0.8955866098,"27":0.8998923302,"28":0.8988159299,"29":0.9041980505,"30":0.9063509107,"31":0.919268012,"32":0.9063509107,"33":0.9031215906,"34":0.9095801711,"35":0.9138858914,"36":0.9149622917,"37":0.9041980505,"38":0.9128094316,"39":0.9181916118,"40":0.9106565714,"41":0.9063509107,"42":0.9117330313,"43":0.9063509107,"44":0.8988159299,"45":0.89773947,"46":0.8988159299,"47":0.8869752288,"48":0.919268012,"49":0.9009687901,"50":0.8880516291,"51":0.9020451903,"52":0.9041980505,"53":0.9149622917,"54":0.9063509107,"55":0.8988159299,"56":0.9031215906,"57":0.9052744508,"58":0.8880516291,"59":0.89773947,"60":0.9074273109,"61":0.9095801711,"62":0.8966630697,"63":0.8955866098,"64":0.9074273109,"65":0.89773947,"66":0.8708288074,"67":0.8902044892,"68":0.89773947,"69":0.8998923302,"70":0.9031215906,"71":0.8988159299,"72":0.9031215906,"73":0.8934338093,"74":0.8966630697,"75":0.9031215906,"76":0.9041980505,"77":0.9128094316,"78":0.8762109876,"79":0.8848223686,"80":0.9085037708,"81":0.8902044892,"82":0.8934338093,"83":0.9074273109,"84":0.8988159299,"85":0.8858987689,"86":0.8966630697,"87":0.9095801711,"88":0.8805166483,"89":0.9031215906,"90":0.8945102096,"91":0.9041980505,"92":0.8945102096,"93":0.9106565714,"94":0.8945102096,"95":0.9074273109,"96":0.9095801711,"97":0.9128094316,"98":0.8923573494,"99":0.9181916118},"device":{"0":"cuda:0","1":"cuda:0",