{"epoch":{"0":0,"1":1,"2":2,"3":3,"4":4},"avg_loss":{"0":0.9763981876,"1":0.6140881939,"2":0.447617695,"3":0.3730174129,"4":0.2706276088},"avg_acc":{"0":0.682000041,"1":0.7940000296,"2":0.8630000353,"3":0.8620000482,"4":0.9100000262},"avg_loss_val":{"0":0.4600618336,"1":0.0817613555,"2":0.0959778027,"3":0.1097638094,"4":0.0360697605},"avg_acc_val":{"0":0.8700000048,"1":0.9899999499,"2":0.969999969,"3":0.9499999881,"4":1.0},"image_size":{"0":224,"1":224,"2":224,"3":224,"4":224},"device":{"0":"cuda:0","1":"cuda:0","2":"cuda:0","3":"cuda:0","4":"cuda:0"},"model":{"0":"vgg16_gen","1":"vgg16_gen","2":"vgg16_gen","3":"vgg16_gen","4":"vgg16_gen"}}