{"is_flickr":{"1":1,"2":0,"3":0,"4":0,"5":0,"6":0,"7":1,"8":1,"9":1,"10":1,"11":1,"12":1,"13":1,"14":1,"15":0,"16":1,"17":1,"18":1,"19":1,"20":1,"21":1,"22":0,"23":1,"24":1,"25":1,"26":1,"27":1,"28":1,"29":1,"30":1,"31":1,"32":1,"33":1,"34":1,"35":0,"36":0,"37":1,"38":0,"39":0,"40":1,"41":1,"42":1,"43":1,"44":0,"45":0,"46":0,"47":0,"48":1,"49":0,"50":1,"51":1,"52":1},"dt":{"1":0.1380980015,"2":0.1607847214,"3":0.0468668938,"4":0.0805847645,"5":0.6956160069,"6":0.2241680622,"7":0.166823864,"8":0.1600141525,"9":0.1480329037,"10":0.2584860325,"11":0.145578146,"12":0.1499609947,"13":0.1597418785,"14":0.1662311554,"15":1.2700500488,"16":0.1450760365,"17":0.1258380413,"18":0.152025938,"19":0.1487278938,"20":0.1493132114,"21":0.1847538948,"22":0.2331709862,"23":0.1467220783,"24":0.1399929523,"25":0.157212019,"26":0.1971719265,"27":0.1466548443,"28":0.1594791412,"29":0.1241221428,"30":0.1475739479,"31":0.197176218,"32":0.1576552391,"33":0.1356370449,"34":0.1442942619,"35":0.6155309677,"36":0.2073261738,"37":0.9633500576,"38":0.2791512012,"39":0.0647909641,"40":0.1306350231,"41":0.1530733109,"42":0.1653323174,"43":0.191054821,"44":0.0568320751,"45":4.9700059891,"46":0.2510569096,"47":0.1623222828,"48":0.1479408741,"49":0.1485219002,"50":0.1781592369,"51":0.1541929245,"52":0.1766269207},"lab_work":{"1":1,"2":1,"3":1,"4":1,"5":1,"6":1,"7":1,"8":1,"9":1,"10":1,"11":1,"12":1,"13":1,"14":1,"15":1,"16":1,"17":1,"18":1,"19":1,"20":1,"21":1,"22":1,"23":1,"24":1,"25":1,"26":1,"27":1,"28":1,"29":1,"30":1,"31":1,"32":1,"33":1,"34":1,"35":1,"36":1,"37":1,"38":1,"39":1,"40":1,"41":1,"42":1,"43":1,"44":1,"45":0,"46":1,"47":1,"48":1,"49":1,"50":1,"51":1,"52":1},"class_wnid":{"1":"n01443537","2":"n01443537","3":"n01443537","4":"n01443537","5":"n01443537","6":"n02058221","7":"n02058221","8":"n02058221","9":"n02058221","10":"n02058221","11":"n02077923","12":"n02077923","13":"n02077923","14":"n02077923","15":"n02077923","16":"n02219486","17":"n02219486","18":"n02219486","19":"n02219486","20":"n02219486","21":"n02487347","22":"n02487347","23":"n02487347","24":"n02487347","25":"n02487347","26":"n02794156","27":"n02794156","28":"n02794156","29":"n02794156","30":"n02794156","31":"n03075370","32":"n03075370","33":"n03075370","34":"n03075370","35":"n03075370","36":"n03840681","37":"n03840681","38":"n03840681","39":"n03840681","40":"n03840681","41":"n03840681","42":"n03857828","43":"n03857828","44":"n03857828","45":"n03857828","46":"n03857828","47":"n03857828","48":"n07720875","49":"n07720875","50":"n07720875","51":"n07720875","52":"n07720875"},"class_name":{"1":"goldfish","2":"goldfish","3":"goldfish","4":"goldfish","5":"goldfish","6":"albatross","7":"albatross","8":"albatross","9":"albatross","10":"albatross","11":"sea lion","12":"sea lion","13":"sea lion","14":"sea lion","15":"sea lion","16":"ant","17":"ant","18":"ant","19":"ant","20":"ant","21":"macaque","22":"macaque","23":"macaque","24":"macaque","25":"macaque","26":"barometer","27":"barometer","28":"barometer","29":"barometer","30":"barometer","31":"combination lock","32":"combination lock","33":"combination lock","34":"combination lock","35":"combination lock","36":"ocarina","37":"ocarina","38":"ocarina","39":"ocarina","40":"ocarina","41":"ocarina","42":"oscilloscope","43":"oscilloscope","44":"oscilloscope","45":"oscilloscope","46":"oscilloscope","47":"oscilloscope","48":"bell pepper","49":"bell pepper","50":"bell pepper","51":"bell pepper","52":"bell pepper"}}