{"epoch":{"75":75,"76":76,"77":77,"78":78,"79":79,"80":80,"81":81,"82":82,"83":83,"84":84,"85":85,"86":86,"87":87,"88":88,"89":89,"90":90,"91":91,"92":92,"93":93,"94":94,"95":95,"96":96,"97":97,"98":98,"99":99},"avg_loss":{"75":2.0346381102,"76":2.0455519196,"77":2.0424208249,"78":2.0388012115,"79":2.0414441273,"80":2.040147914,"81":2.0388494499,"82":2.0457211711,"83":2.0436192139,"84":2.0375154099,"85":2.0431383052,"86":2.0406090105,"87":2.0379654811,"88":2.04521675,"89":2.0362038181,"90":2.0413844458,"91":2.0425067836,"92":2.0399162967,"93":2.038539314,"94":2.0410657047,"95":2.0409906964,"96":2.0419053093,"97":2.0406847649,"98":2.0396488142,"99":2.039401279},"avg_acc":{"75":0.4022482038,"76":0.3899437785,"77":0.3920704722,"78":0.3966276646,"79":0.3963238597,"80":0.3910071254,"81":0.3893361688,"82":0.384627074,"83":0.3837156296,"84":0.3996658027,"85":0.3934376538,"86":0.3841713369,"87":0.3976910114,"88":0.3861461282,"89":0.398298651,"90":0.3891842663,"91":0.3925262094,"92":0.3910071254,"93":0.3981467485,"94":0.3938933611,"95":0.3932857215,"96":0.3908552229,"97":0.4010329545,"98":0.3952605128,"99":0.3964757621},"avg_loss_val":{"75":2.0680688953,"76":2.0680689335,"77":2.068068924,"78":2.0680689049,"79":2.0680689383,"80":2.068068924,"81":2.0680688572,"82":2.0680689526,"83":2.0680689287,"84":2.0680688953,"85":2.0680689192,"86":2.0680689192,"87":2.0680689049,"88":2.0680689478,"89":2.0680688572,"90":2.0680689335,"91":2.0680688953,"92":2.0680689144,"93":2.0680688763,"94":2.0680688667,"95":2.068068924,"96":2.0680688858,"97":2.068068924,"98":2.068068943,"99":2.0680689144},"avg_acc_val":{"75":0.4399999976,"76":0.4399999976,"77":0.4399999976,"78":0.4399999976,"79":0.4399999976,"80":0.4399999976,"81":0.4399999976,"82":0.4399999976,"83":0.4399999976,"84":0.4399999976,"85":0.4399999976,"86":0.4399999976,"87":0.4399999976,"88":0.4399999976,"89":0.4399999976,"90":0.4399999976,"91":0.4399999976,"92":0.4399999976,"93":0.4399999976,"94":0.4399999976,"95":0.4399999976,"96":0.4399999976,"97":0.4399999976,"98":0.4399999976,"99":0.4399999976},"device":{"75":"cuda:0","76":"cuda:0","77":"cuda:0","78":"cuda:0","79":"cuda:0","80":"cuda:0","81":"cuda:0","82":"cuda:0","83":"cuda:0","84":"cuda:0","85":"cuda:0","86":"cuda:0","87":"cuda:0","88":"cuda:0","89":"cuda:0","90":"cuda:0","91":"cuda:0","92":"cuda:0","93":"cuda:0","94":"cuda:0","95":"cuda:0","96":"cuda:0","97":"cuda:0","98":"cuda:0","99":"cuda:0"},"model":{"75":"vgg16_scale","76":"vgg16_scale","77":"vgg16_scale","78":"vgg16_scale","79":"vgg16_scale","80":"vgg16_scale","81":"vgg16_scale","82":"vgg16_scale","83":"vgg16_scale","84":"vgg16_scale","85":"vgg16_scale","86":"vgg16_scale","87":"vgg16_scale","88":"vgg16_scale","89":"vgg16_scale","90":"vgg16_scale","91":"vgg16_scale","92":"vgg16_scale","93":"vgg16_scale","94":"vgg16_scale","95":"vgg16_scale","96":"vgg16_scale","97":"vgg16_scale","98":"vgg16_scale","99":"vgg16_scale"}}