{"epoch":{"0":0,"1":1,"2":2,"3":3,"4":4,"5":5,"6":6,"7":7,"8":8,"9":9,"10":10,"11":11,"12":12,"13":13,"14":14,"15":15,"16":16,"17":17,"18":18,"19":19,"20":20,"21":21,"22":22,"23":23,"24":24,"25":25,"26":26,"27":27,"28":28,"29":29,"30":30,"31":31,"32":32,"33":33,"34":34,"35":35,"36":36,"37":37,"38":38,"39":39,"40":40,"41":41,"42":42,"43":43,"44":44,"45":45,"46":46,"47":47,"48":48,"49":49,"50":50,"51":51,"52":52,"53":53,"54":54,"55":55,"56":56,"57":57,"58":58,"59":59,"60":60,"61":61,"62":62,"63":63,"64":64,"65":65,"66":66,"67":67,"68":68,"69":69,"70":70,"71":71,"72":72,"73":73,"74":74,"75":75,"76":76,"77":77,"78":78,"79":79,"80":80,"81":81,"82":82,"83":83,"84":84,"85":85,"86":86,"87":87,"88":88,"89":89,"90":90,"91":91,"92":92,"93":93,"94":94,"95":95,"96":96,"97":97,"98":98,"99":99},"avg_loss":{"0":1.8375233016,"1":1.8290704772,"2":1.8261244421,"3":1.8289847324,"4":1.8394525917,"5":1.8291757694,"6":1.8387197246,"7":1.8333952521,"8":1.827357725,"9":1.8347851632,"10":1.844100366,"11":1.8389686884,"12":1.8347585284,"13":1.8395259898,"14":1.8321289724,"15":1.8278909196,"16":1.8358729914,"17":1.8376980381,"18":1.8292584327,"19":1.8351505143,"20":1.8275891576,"21":1.8373044597,"22":1.8426260204,"23":1.8319144673,"24":1.8341765669,"25":1.8335358413,"26":1.8303919023,"27":1.8292157982,"28":1.8332895347,"29":1.8308911688,"30":1.8363024371,"31":1.8408995199,"32":1.8406260761,"33":1.8319237632,"34":1.8322082059,"35":1.8340275944,"36":1.8439824498,"37":1.8285453426,"38":1.8332060648,"39":1.8366316682,"40":1.8408236482,"41":1.8409765192,"42":1.8326315824,"43":1.8400976346,"44":1.8341750845,"45":1.8390396324,"46":1.8369354306,"47":1.8235463439,"48":1.8372525473,"49":1.8327214598,"50":1.8343564901,"51":1.8384194095,"52":1.8246697398,"53":1.8280121669,"54":1.8310762863,"55":1.8269997958,"56":1.8374439473,"57":1.8381798279,"58":1.8324680754,"59":1.8443901723,"60":1.8370415311,"61":1.8291323742,"62":1.8272284584,"63":1.8312839932,"64":1.8274753004,"65":1.839603233,"66":1.8352727615,"67":1.8424606619,"68":1.831909998,"69":1.8310291175,"70":1.8378604734,"71":1.8308900983,"72":1.8313189536,"73":1.8366332748,"74":1.8328115663,"75":1.8313529558,"76":1.8429888412,"77":1.8376061274,"78":1.8354319984,"79":1.8394773713,"80":1.8247648928,"81":1.8245378145,"82":1.8297601261,"83":1.8373325993,"84":1.84311349,"85":1.8352150424,"86":1.8323177064,"87":1.8332120198,"88":1.8409492613,"89":1.8349729687,"90":1.8298720532,"91":1.8420982455,"92":1.8309964197,"93":1.8328455451,"94":1.8198703544,"95":1.8259959872,"96":1.8326173861,"97":1.8361401485,"98":1.8317946658,"99":1.83237663},"avg_acc":{"0":0.4118183255,"1":0.4168312252,"2":0.4175907671,"3":0.4054382443,"4":0.4043748975,"5":0.4118183255,"6":0.4034634531,"7":0.4102992415,"8":0.4150083661,"9":0.4027039409,"10":0.4040710926,"11":0.4025520384,"12":0.4058939517,"13":0.410451144,"14":0.4020963013,"15":0.4118183255,"16":0.4110587835,"17":0.4107549787,"18":0.4122740328,"19":0.400881052,"20":0.4060458839,"21":0.4101473391,"22":0.4020963013,"23":0.4065015912,"24":0.4022482038,"25":0.4110587835,"26":0.4099954367,"27":0.4124259353,"28":0.4136411846,"29":0.4099954367,"30":0.4095397294,"31":0.4083244801,"32":0.4040710926,"33":0.411970228,"34":0.4072611332,"35":0.4148564339,"36":0.4069572985,"37":0.4106030762,"38":0.4077168405,"39":0.4011848569,"40":0.4078687429,"41":0.4092358947,"42":0.4052863419,"43":0.4125778377,"44":0.4113625884,"45":0.4093878269,"46":0.4057420492,"47":0.4115144908,"48":0.4121221304,"49":0.4071092308,"50":0.4039191902,"51":0.4115144908,"52":0.4060458839,"53":0.4148564339,"54":0.4096916318,"55":0.4154640734,"56":0.4121221304,"57":0.4140969217,"58":0.4115144908,"59":0.4083244801,"60":0.4013367593,"61":0.411970228,"62":0.411210686,"63":0.4087801874,"64":0.4128816724,"65":0.4051344395,"66":0.4071092308,"67":0.4121221304,"68":0.4148564339,"69":0.4169831276,"70":0.4156159759,"71":0.4156159759,"72":0.4174388647,"73":0.4092358947,"74":0.4024001062,"75":0.4140969217,"76":0.4128816724,"77":0.4074130356,"78":0.4098435342,"79":0.4096916318,"80":0.4093878269,"81":0.4139450192,"82":0.4128816724,"83":0.4072611332,"84":0.4025520384,"85":0.4107549787,"86":0.4110587835,"87":0.4157678783,"88":0.410451144,"89":0.4121221304,"90":0.4124259353,"91":0.4048306346,"92":0.4147045314,"93":0.4147045314,"94":0.4115144908,"95":0.4124259353,"96":0.4093878269,"97":0.4131854773,"98":0.4075649381,"99":0.413793087},"avg_loss_val":{"0":1.7026201248,"1":1.7026201344,"2":1.702620163,"3":1.7026201344,"4":1.7026201057,"5":1.7026201248,"6":1.7026201057,"7":1.7026201296,"8":1.7026201344,"9":1.7026201344,"10":1.7026201725,"11":1.7026201344,"12":1.7026201391,"13":1.7026201439,"14":1.7026201391,"15":1.7026201105,"16":1.7026201439,"17":1.7026201439,"18":1.702620163,"19":1.7026201153,"20":1.7026201534,"21":1.7026201296,"22":1.702620163,"23":1.7026201534,"24":1.702620163,"25":1.7026201344,"26":1.7026201296,"27":1.7026201439,"28":1.7026201725,"29":1.7026201105,"30":1.7026201487,"31":1.7026201344,"32":1.70262012,"33":1.7026201391,"34":1.7026201916,"35":1.7026201344,"36":1.7026201439,"37":1.7026201391,"38":1.7026201534,"39":1.7026201057,"40":1.7026201296,"41":1.702620182,"42":1.7026201439,"43":1.702620163,"44":1.7026201534,"45":1.7026201153,"46":1.7026201105,"47":1.7026201439,"48":1.7026201344,"49":1.7026201391,"50":1.7026201057,"51":1.7026201057,"52":1.7026201105,"53":1.7026201677,"54":1.7026201344,"55":1.702620163,"56":1.7026201153,"57":1.7026201248,"58":1.7026201391,"59":1.7026201248,"60":1.7026201153,"61":1.7026201153,"62":1.7026201248,"63":1.7026201439,"64":1.7026201153,"65":1.7026201296,"66":1.7026201105,"67":1.7026201534,"68":1.7026201248,"69":1.702620163,"70":1.70262012,"71":1.7026201248,"72":1.7026201534,"73":1.7026201487,"74":1.7026201248,"75":1.7026201296,"76":1.7026201248,"77":1.7026201344,"78":1.7026201248,"79":1.7026201296,"80":1.7026201582,"81":1.7026201248,"82":1.70262012,"83":1.7026201153,"84":1.7026201439,"85":1.7026200962,"86":1.7026201057,"87":1.7026201534,"88":1.7026201248,"89":1.7026201344,"90":1.7026201248,"91":1.7026201534,"92":1.7026201296,"93":1.7026201534,"94":1.7026201725,"95":1.7026201534,"96":1.7026201296,"97":1.7026201248,"98":1.7026201344,"99":1.702620101},"avg_acc_val":{"0":0.5500000119,"1":0.5500000119,"2":0.5500000119,"3":0.5500000119,"4":0.5500000119,"5":0.5500000119,"6":0.5500000119,"7":0.5500000119,"8":0.5500000119,"9":0.5500000119,"10":0.5500000119,"11":0.5500000119,"12":0.5500000119,"13":0.5500000119,"14":0.5500000119,"15":0.5500000119,"16":0.5500000119,"17":0.5500000119,"18":0.5500000119,"19":0.5500000119,"20":0.5500000119,"21":0.5500000119,"22":0.5500000119,"23":0.5500000119,"24":0.5500000119,"25":0.5500000119,"26":0.5500000119,"27":0.5500000119,"28":0.5500000119,"29":0.5500000119,"30":0.5500000119,"31":0.5500000119,"32":0.5500000119,"33":0.5500000119,"34":0.5500000119,"35":0.5500000119,"36":0.5500000119,"37":0.5500000119,"38":0.5500000119,"39":0.5500000119,"40":0.5500000119,"41":0.5500000119,"42":0.5500000119,"43":0.5500000119,"44":0.5500000119,"45":0.5500000119,"46":0.5500000119,"47":0.5500000119,"48":0.5500000119,"49":0.5500000119,"50":0.5500000119,"51":0.5500000119,"52":0.5500000119,"53":0.5500000119,"54":0.5500000119,"55":0.5500000119,"56":0.5500000119,"57":0.5500000119,"58":0.5500000119,"59":0.5500000119,"60":0.5500000119,"61":0.5500000119,"62":0.5500000119,"63":0.5500000119,"64":0.5500000119,"65":0.5500000119,"66":0.5500000119,"67":0.5500000119,"68":0.5500000119,"69":0.5500000119,"70":0.5500000119,"71":0.5500000119,"72":0.5500000119,"73":0.5500000119,"74":0.5500000119,"75":0.5500000119,"76":0.5500000119,"77":0.5500000119,"78":0.5500000119,"79":0.5500000119,"80":0.5500000119,"81":0.5500000119,"82":0.5500000119,"83":0.5500000119,"84":0.5500000119,"85":0.5500000119,"86":0.5500000119,"87":0.5500000119,"88":0.5500000119,"89":0.5500000119,"90":0.5500000119,"91":0.5500000119,"92":0.5500000119,"93":0.5500000119,"94":0.5500000119,"95":0.5500000119,"96":0.5500000119,"97":0.5500000119,"98":0.5500000119,"99":0.5500000119},