{"epoch":{"0":0,"1":1,"2":2,"3":3,"4":4,"5":5,"6":6,"7":7,"8":8,"9":9,"10":10,"11":11,"12":12,"13":13,"14":14,"15":15,"16":16,"17":17,"18":18,"19":19,"20":20,"21":21,"22":22,"23":23,"24":24,"25":25,"26":26,"27":27,"28":28,"29":29,"30":30,"31":31,"32":32,"33":33,"34":34,"35":35,"36":36,"37":37,"38":38,"39":39,"40":40,"41":41,"42":42,"43":43,"44":44,"45":45,"46":46,"47":47,"48":48,"49":49,"50":50,"51":51,"52":52,"53":53,"54":54,"55":55,"56":56,"57":57,"58":58,"59":59,"60":60,"61":61,"62":62,"63":63,"64":64,"65":65,"66":66,"67":67,"68":68,"69":69,"70":70,"71":71,"72":72,"73":73,"74":74,"75":75,"76":76,"77":77,"78":78,"79":79,"80":80,"81":81,"82":82,"83":83,"84":84,"85":85,"86":86,"87":87,"88":88,"89":89,"90":90,"91":91,"92":92,"93":93,"94":94,"95":95,"96":96,"97":97,"98":98,"99":99},"avg_loss":{"0":1.2310697166,"1":1.2138573405,"2":1.2144461738,"3":1.2290826276,"4":1.2140113371,"5":1.2120442436,"6":1.2215883306,"7":1.2300735254,"8":1.2161870796,"9":1.2150223987,"10":1.2169835303,"11":1.2317695067,"12":1.227119661,"13":1.2175827585,"14":1.221943655,"15":1.2155636073,"16":1.2224618244,"17":1.2133220808,"18":1.2119218458,"19":1.2180169834,"20":1.2208935935,"21":1.2203336157,"22":1.224411716,"23":1.2276733311,"24":1.2233224953,"25":1.218724113,"26":1.2199167584,"27":1.2236194894,"28":1.2125700147,"29":1.2199531927,"30":1.2157546165,"31":1.2254126234,"32":1.2288065977,"33":1.2186562689,"34":1.2101573752,"35":1.2235206076,"36":1.222815011,"37":1.2225439798,"38":1.2322153646,"39":1.2227597095,"40":1.2243895667,"41":1.2224166192,"42":1.2259155387,"43":1.2228883315,"44":1.2154427266,"45":1.2347623984,"46":1.2249934836,"47":1.2232238577,"48":1.2225166276,"49":1.2219366673,"50":1.2212966167,"51":1.2260357535,"52":1.2299790959,"53":1.2179225493,"54":1.2155157996,"55":1.2227957657,"56":1.2070911076,"57":1.2210301675,"58":1.2211135501,"59":1.2195785717,"60":1.2142629197,"61":1.2254712251,"62":1.2170360037,"63":1.2320575951,"64":1.2300125621,"65":1.2232032051,"66":1.2233608075,"67":1.2172816103,"68":1.226636754,"69":1.21958573,"70":1.2186242651,"71":1.211250785,"72":1.2155898464,"73":1.2244809367,"74":1.2184516756,"75":1.2185409478,"76":1.2214046587,"77":1.2197146663,"78":1.2216530446,"79":1.2208238716,"80":1.2096972075,"81":1.219726682,"82":1.2215146972,"83":1.2138974281,"84":1.2269866603,"85":1.2269660209,"86":1.2290925096,"87":1.2208397299,"88":1.2152602478,"89":1.2185295194,"90":1.2152579691,"91":1.2327790052,"92":1.2237447177,"93":1.2270364279,"94":1.2127022459,"95":1.226357604,"96":1.2207630624,"97":1.2276655714,"98":1.2289128272,"99":1.2217787961},"avg_acc":{"0":0.5745100975,"1":0.5836244822,"2":0.5770925283,"3":0.5754215121,"4":0.5807382464,"5":0.5808901787,"6":0.5745100975,"7":0.5766367912,"8":0.5778520107,"9":0.5805863738,"10":0.5843840241,"11":0.5766367912,"12":0.5716238618,"13":0.5807382464,"14":0.5767886639,"15":0.5818015933,"16":0.5702567101,"17":0.5760291815,"18":0.5878778696,"19":0.5752696395,"20":0.5769405961,"21":0.5790672898,"22":0.5773963332,"23":0.5828649402,"24":0.5805863738,"25":0.5755734444,"26":0.5735986829,"27":0.5810420513,"28":0.5778520107,"29":0.578763485,"30":0.5781558752,"31":0.5769405961,"32":0.5792192221,"33":0.5795230269,"34":0.578003943,"35":0.5729910135,"36":0.5790672898,"37":0.5743581653,"38":0.5760291815,"39":0.5836244822,"40":0.5749658346,"41":0.5790672898,"42":0.5775482059,"43":0.577244401,"44":0.571775794,"45":0.5735986829,"46":0.5746620297,"47":0.5737505555,"48":0.5781558752,"49":0.5802825689,"50":0.5804344416,"51":0.577244401,"52":0.5714719892,"53":0.5775482059,"54":0.5793710947,"55":0.5748139024,"56":0.583928287,"57":0.5775482059,"58":0.5786115527,"59":0.5729910135,"60":0.5707124472,"61":0.5811939836,"62":0.5777001381,"63":0.576484859,"64":0.5748139024,"65":0.571016252,"66":0.5777001381,"67":0.5801306367,"68":0.5802825689,"69":0.5821053982,"70":0.5757253766,"71":0.5805863738,"72":0.5825611353,"73":0.5749658346,"74":0.5824092031,"75":0.5816497207,"76":0.5769405961,"77":0.5781558752,"78":0.577244401,"79":0.5757253766,"80":0.5860549808,"81":0.5757253766,"82":0.578763485,"83":0.5825611353,"84":0.5763329864,"85":0.5752696395,"86":0.5755734444,"87":0.5743581653,"88":0.578763485,"89":0.5763329864,"90":0.5801306367,"91":0.5705605149,"92":0.576484859,"93":0.571775794,"94":0.5790672898,"95":0.5699529052,"96":0.5798268318,"97":0.5804344416,"98":0.5777001381,"99":0.5814977884},"avg_loss_val":{"0":0.8092325902,"1":0.8092325759,"2":0.8092325842,"3":0.8092325616,"4":0.8092325759,"5":0.8092325902,"6":0.8092325616,"7":0.8092325664,"8":0.8092325735,"9":0.8092325664,"10":0.8092325878,"11":0.809232583,"12":0.8092325783,"13":0.8092325711,"14":0.8092325687,"15":0.8092326045,"16":0.8092325711,"17":0.8092325759,"18":0.8092325854,"19":0.8092325878,"20":0.8092325723,"21":0.8092325759,"22":0.8092325664,"23":0.8092325783,"24":0.8092325687,"25":0.8092325544,"26":0.8092325616,"27":0.809232589,"28":0.8092325878,"29":0.8092325807,"30":0.8092325974,"31":0.8092325592,"32":0.8092325759,"33":0.8092325735,"34":0.8092325866,"35":0.809232564,"36":0.8092325664,"37":0.8092326021,"38":0.8092325568,"39":0.8092325783,"40":0.8092325592,"41":0.8092325616,"42":0.809232583,"43":0.8092325926,"44":0.8092325926,"45":0.809232583,"46":0.8092325807,"47":0.8092325699,"48":0.8092325544,"49":0.809232583,"50":0.8092325878,"51":0.8092325664,"52":0.809232564,"53":0.8092325807,"54":0.8092325759,"55":0.8092325854,"56":0.8092325902,"57":0.809232583,"58":0.809232595,"59":0.809232564,"60":0.8092326021,"61":0.809232564,"62":0.8092325723,"63":0.8092325878,"64":0.8092325974,"65":0.8092325711,"66":0.8092325783,"67":0.8092325616,"68":0.8092325687,"69":0.8092325902,"70":0.809232564,"71":0.8092325819,"72":0.8092325759,"73":0.8092325783,"74":0.809232583,"75":0.8092325711,"76":0.8092325878,"77":0.8092325759,"78":0.8092325711,"79":0.8092325377,"80":0.8092325783,"81":0.8092325854,"82":0.8092325926,"83":0.8092325878,"84":0.8092325735,"85":0.8092325759,"86":0.8092325735,"87":0.8092325878,"88":0.8092325807,"89":0.8092325735,"90":0.8092326045,"91":0.8092325878,"92":0.8092325735,"93":0.8092325664,"94":0.8092325759,"95":0.8092325878,"96":0.809232564,"97":0.8092325711,"98":0.809232583,"99":0.8092325878},"avg_acc_val":{"0":0.719999969,"1":0.719999969,"2":0.719999969,"3":0.719999969,"4":0.719999969,"5":0.719999969,"6":0.719999969,"7":0.719999969,"8":0.719999969,"9":0.719999969,"10":0.719999969,"11":0.719999969,"12":0.719999969,"13":0.719999969,"14":0.719999969,"15":0.719999969,"16":0.719999969,"17":0.719999969,"18":0.719999969,"19":0.719999969,"20":0.719999969,"21":0.719999969,"22":0.719999969,"23":0.719999969,"24":0.719999969,"25":0.719999969,"26":0.719999969,"27":0.719999969,"28":0.719999969,"29":0.719999969,"30":0.719999969,"31":0.719999969,"32":0.719999969,"33":0.719999969,"34":0.719999969,"35":0.719999969,"36":0.719999969,"37":0.719999969,"38":0.719999969,"39":0.719999969,"40":0.719999969,"41":0.719999969,"42":0.719999969,"43":0.719999969,"44":0.719999969,"45":0.719999969,"46":0.719999969,"47":0.719999969,"48":0.719999969,"49":0.719999969,"50":0.719999969,"51":0.719999969,"52":0.719999969,"53":0.719999969,"54":0.719999969,"55":0.719999969,"56":0.719999969,"57":0.719999969,"58":0.719999969,"59":0.719999969,"60":0.719999969,"61":0.719999969,"62":0.719999969,"63":0.719999969,"64":0.719999969,"65":0.719999969,"66":0.719999969,"67":0.719999969,"68":0.719999969,"69":0.719999969,"70":0.719999969,"71":0.719999969,"72":0.719999969,"73":0.719999969,"74":0.719999969,"75":0.719999969,"76":0.719999969,"77":0.719999969,"78":0.719999969,"79":0.719999969,"80":0.719999969,"81":0.719999969,"82":0.719999969,"83":0.719999969,"84":0.719999969,"85":0.719999969,"86":0.719999969,"87":0.719999969,"88":0.719999969,"89":0.719999969,"90":0.719999969,"91":0.719999969,"92":0.719999969,"93":0.719999969,"94":0.719999969,"95":0.719999969,"96":0.719999969,"97":0.719999969,"98":0.719999969,"99":0.719999969},"device":{"0":"cuda:0","1":"cuda:0","2":"cuda:0","3":"cuda:0","4":"cuda:0","5":"cuda:0","6":"cuda:0","7":"cuda:0","8":"cuda:0",