{"epoch":{"0":0,"1":1,"2":2,"3":3,"4":4,"5":5,"6":6,"7":7,"8":8,"9":9,"10":10,"11":11,"12":12,"13":13,"14":14,"15":15,"16":16,"17":17,"18":18,"19":19,"20":20,"21":21,"22":22,"23":23,"24":24,"25":25,"26":26,"27":27,"28":28,"29":29,"30":30,"31":31,"32":32,"33":33,"34":34,"35":35,"36":36,"37":37,"38":38,"39":39,"40":40,"41":41,"42":42,"43":43,"44":44,"45":45,"46":46,"47":47,"48":48,"49":49},"avg_loss":{"0":0.4925475321,"1":0.2566233405,"2":0.1888742918,"3":0.1543540713,"4":0.1312318789,"5":0.1125417179,"6":0.1036961031,"7":0.080224181,"8":0.0892504794,"9":0.0992854412,"10":0.0417926922,"11":0.0261294593,"12":0.0212807262,"13":0.0236047517,"14":0.0178729403,"15":0.0145411016,"16":0.0117793433,"17":0.0160242268,"18":0.014923403,"19":0.0121013586,"20":0.0119057289,"21":0.0127409745,"22":0.0133077179,"23":0.0137576422,"24":0.0114820554,"25":0.0080026004,"26":0.0128690476,"27":0.0081580631,"28":0.0137390636,"29":0.007942619,"30":0.007792178,"31":0.0131610736,"32":0.0087659391,"33":0.0127338843,"34":0.0103490171,"35":0.0091100858,"36":0.0072863915,"37":0.007286759,"38":0.0094024776,"39":0.012895987,"40":0.0105903534,"41":0.0069471507,"42":0.0088121998,"43":0.011113964,"44":0.0077021508,"45":0.0127753963,"46":0.0088488856,"47":0.0130517813,"48":0.0092839074,"49":0.0102409928},"avg_acc":{"0":0.8487395048,"1":0.9153661132,"2":0.9393757582,"3":0.9507803321,"4":0.9571828842,"5":0.9637855291,"6":0.9681872725,"7":0.9757903218,"8":0.9727891088,"9":0.9701880813,"10":0.9883953333,"11":0.9919967651,"12":0.9929971695,"13":0.9923969507,"14":0.9943977594,"15":0.9947978854,"16":0.9967986941,"17":0.9935974479,"18":0.9953981638,"19":0.995198071,"20":0.9967986941,"21":0.9967986941,"22":0.9959983826,"23":0.9955982566,"24":0.9965986609,"25":0.9967986941,"26":0.9961984754,"27":0.9979991913,"28":0.9957982898,"29":0.9967986941,"30":0.9979991913,"31":0.9957982898,"32":0.9969987869,"33":0.9959983826,"34":0.9967986941,"35":0.9969987869,"36":0.9977990985,"37":0.9979991913,"38":0.9971988797,"39":0.9957982898,"40":0.9965986609,"41":0.9977990985,"42":0.9973989725,"43":0.9961984754,"44":0.9975990057,"45":0.9961984754,"46":0.9967986941,"47":0.9973989725,"48":0.9971988797,"49":0.9965986609},"avg_loss_val":{"0":0.2578874304,"1":0.258799309,"2":0.1239974469,"3":0.1606971439,"4":0.1217987288,"5":0.1276010432,"6":0.1492403442,"7":0.2838667444,"8":0.1518531914,"9":0.1579516753,"10":0.1009317294,"11":0.1263719148,"12":0.1378565353,"13":0.1227738037,"14":0.111400569,"15":0.1221403156,"16":0.1119947986,"17":0.0943350806,"18":0.1136878625,"19":0.0945797902,"20":0.1314655659,"21":0.1216755735,"22":0.0952609299,"23":0.1073166886,"24":0.0996531809,"25":0.1055172854,"26":0.0982495958,"27":0.1053730287,"28":0.0975100928,"29":0.092566652,"30":0.1204119028,"31":0.1199503499,"32":0.0911862281,"33":0.0862886246,"34":0.103221239,"35":0.1060839428,"36":0.125658394,"37":0.1079317176,"38":0.1315901586,"39":0.1041782014,"40":0.0995688986,"41":0.1182896424,"42":0.1288030328,"43":0.1235292085,"44":0.108850674,"45":0.1130585604,"46":0.1043767792,"47":0.1237106927,"48":0.1016042072,"49":0.1291076708},"avg_acc_val":{"0":0.9198396802,"1":0.9218437076,"2":0.9539078474,"3":0.9589178562,"4":0.9619238377,"5":0.9609218836,"6":0.9539078474,"7":0.9188376665,"8":0.9569138288,"9":0.9549098611,"10":0.9729459286,"11":0.9679358602,"12":0.963927865,"13":0.963927865,"14":0.9739478827,"15":0.9709419012,"16":0.9719439149,"17":0.9769539237,"18":0.9709419012,"19":0.9749498963,"20":0.9679358602,"21":0.9699398875,"22":0.9739478827,"23":0.9709419012,"24":0.9799599051,"25":0.9739478827,"26":0.97595191,"27":0.9739478827,"28":0.9729459286,"29":0.9729459286,"30":0.9689378738,"31":0.9689378738,"32":0.97595191,"33":0.9749498963,"34":0.97595191,"35":0.9699398875,"36":0.97595191,"37":0.9739478827,"38":0.9689378738,"39":0.9739478827,"40":0.9789579511,"41":0.9789579511,"42":0.9719439149,"43":0.9689378738,"44":0.9719439149,"45":0.9749498963,"46":0.9729459286,"47":0.9709419012,"48":0.9779559374,"49":0.9709419012},"image_size":{"0":256,"1":256,"2":256,"3":256,"4":256,"5":256,"6":256,"7":256,"8":256,"9":256,"10":256,"11":256,"12":256,"13":256,"14":256,"15":256,"16":256,"17":256,"18":256,"19":256,"20":256,"21":256,"22":256,"23":256,"24":256,"25":256,"26":256,"27":256,"28":256,"29":256,"30":256,"31":256,"32":256,"33":256,"34":256,"35":256,"36":256,"37":256,"38":256,"39":256,"40":256,"41":256,"42":256,"43":256,"44":256,"45":256,"46":256,"47":256,"48":256,"49":256},"device":{"0":"cuda:0","1":"cuda:0","2":"cuda:0","3":"cuda:0","4":"cuda:0","5":"cuda:0","6":"cuda:0","7":"cuda:0","8":"cuda:0","9":"cuda:0","10":"cuda:0","11":"cuda:0","12":"cuda:0","13":"cuda:0","14":"cuda:0","15":"cuda:0","16":"cuda:0","17":"cuda:0","18":"cuda:0","19":"cuda:0","20":"cuda:0","21":"cuda:0","22":"cuda:0","23":"cuda:0","24":"cuda:0","25":"cuda:0","26":"cuda:0","27":"cuda:0","28":"cuda:0","29":"cuda:0","30":"cuda:0","31":"cuda:0","32":"cuda:0","33":"cuda:0","34":"cuda:0","35":"cuda:0","36":"cuda:0","37":"cuda:0","38":"cuda:0","39":"cuda:0","40":"cuda:0","41":"cuda:0","42":"cuda:0","43":"cuda:0","44":"cuda:0","45":"cuda:0","46":"cuda:0","47":"cuda:0","48":"cuda:0","49":"cuda:0"},"model":{"0":"vgg16_gen","1":"vgg16_gen","2":"vgg16_gen","3":"vgg16_gen","4":"vgg16_gen","5":"vgg16_gen","6":"vgg16_gen","7":"vgg16_gen","8":"vgg16_gen","9":"vgg16_gen","10":"vgg16_gen","11":"vgg16_gen","12":"vgg16_gen","13":"vgg16_gen","14":"vgg16_gen","15":"vgg16_gen","16":"vgg16_gen","17":"vgg16_gen","18":"vgg16_gen","19":"vgg16_gen","20":"vgg16_gen","21":"vgg16_gen","22":"vgg16_gen","23":"vgg16_gen","24":"vgg16_gen","25":"vgg16_gen","26":"vgg16_gen","27":"vgg16_gen","28":"vgg16_gen","29":"vgg16_gen","30":"vgg16_gen","31":"vgg16_gen","32":"vgg16_gen","33":"vgg16_gen","34":"vgg16_gen","35":"vgg16_gen","36":"vgg16_gen","37":"vgg16_gen","38":"vgg16_gen","39":"vgg16_gen","40":"vgg16_gen","41":"vgg16_gen","42":"vgg16_gen","43":"vgg16_gen","44":"vgg16_gen","45":"vgg16_gen","46":"vgg16_gen","47":"vgg16_gen","48":"vgg16_gen","49":"vgg16_gen"}}