{"epoch":{"0":0,"1":1,"2":2},"avg_loss":{"0":0.8697769927,"1":0.6942090077,"2":0.5214739675},"avg_acc":{"0":0.7130000591,"1":0.7810000181,"2":0.8300000429},"avg_loss_val":{"0":0.1895471412,"1":0.1681587088,"2":0.1854758368},"avg_acc_val":{"0":0.9399999976,"1":0.9499999881,"2":0.9300000072},"image_size":{"0":224,"1":224,"2":224},"device":{"0":"cuda:0","1":"cuda:0","2":"cuda:0"},"model":{"0":"vgg16_gray","1":"vgg16_gray","2":"vgg16_gray"}}