{"epoch":{"90":90,"91":91,"92":92,"93":93,"94":94,"95":95,"96":96,"97":97,"98":98},"avg_loss":{"90":1.8600459327,"91":1.855001014,"92":1.8579419403,"93":1.8582059589,"94":1.8650868864,"95":1.8673140529,"96":1.8599262884,"97":1.8571395888,"98":1.8632835703},"avg_acc":{"90":0.4081725478,"91":0.4039191902,"92":0.4034634531,"93":0.4074130356,"94":0.4010329545,"95":0.4019443989,"96":0.4025520384,"97":0.4166793227,"98":0.4033115506},"avg_loss_val":{"90":1.5262861013,"91":1.5262861061,"92":1.5262860537,"93":1.526286087,"94":1.5262860966,"95":1.5262860584,"96":1.5262861061,"97":1.526286087,"98":1.5262861204},"avg_acc_val":{"90":0.6800000072,"91":0.6800000072,"92":0.6800000072,"93":0.6800000072,"94":0.6800000072,"95":0.6800000072,"96":0.6800000072,"97":0.6800000072,"98":0.6800000072},"device":{"90":"cuda:0","91":"cuda:0","92":"cuda:0","93":"cuda:0","94":"cuda:0","95":"cuda:0","96":"cuda:0","97":"cuda:0","98":"cuda:0"},"model":{"90":"vgg16_gray","91":"vgg16_gray","92":"vgg16_gray","93":"vgg16_gray","94":"vgg16_gray","95":"vgg16_gray","96":"vgg16_gray","97":"vgg16_gray","98":"vgg16_gray"}}