{"is_flickr":{"1":1,"2":0,"3":0,"4":0,"5":0,"6":0,"7":1,"8":1,"9":1,"10":1,"11":1,"12":1,"13":1,"14":1,"15":0,"16":0,"17":0,"18":0,"19":0,"20":0,"21":1,"22":1,"23":1,"24":1,"25":1,"26":1,"27":1,"28":1,"29":1,"30":1,"31":1,"32":1,"33":1,"34":1,"35":1,"36":1,"37":1,"38":1,"39":1,"40":1,"41":1,"42":1,"43":0,"44":0,"45":1,"46":0,"47":0,"48":1,"49":1,"50":1,"51":1,"52":0,"53":0,"54":0,"55":0,"56":1,"57":0,"58":1,"59":1,"60":1},"dt":{"1":0.3054201603,"2":0.2593297958,"3":0.0835418701,"4":0.1741368771,"5":0.6206068993,"6":0.2357649803,"7":0.1909019947,"8":0.132021904,"9":0.1631829739,"10":0.1739330292,"11":0.1680560112,"12":0.1349687576,"13":0.1369121075,"14":0.1355309486,"15":1.379609108,"16":2.1832287312,"17":0.9038808346,"18":0.3758070469,"19":1.1600809097,"20":1.3759627342,"21":0.2305440903,"22":0.2017109394,"23":0.160572052,"24":0.1157741547,"25":0.164478302,"26":0.1355242729,"27":0.123426199,"28":1.0952692032,"29":0.15305686,"30":0.125947237,"31":0.1630871296,"32":0.1328766346,"33":0.5566959381,"34":0.1381030083,"35":0.1278700829,"36":0.1659030914,"37":0.1302177906,"38":0.1642701626,"39":0.1325383186,"40":0.1484928131,"41":0.1341822147,"42":0.1324920654,"43":0.0772118568,"44":0.1940028667,"45":0.1760177612,"46":0.2719311714,"47":0.0664460659,"48":0.1501688957,"49":0.1622538567,"50":0.1848959923,"51":0.6095275879,"52":0.0529983044,"53":1.0094060898,"54":0.7224943638,"55":0.2559461594,"56":0.131000042,"57":0.1450769901,"58":0.1533441544,"59":0.1262450218,"60":0.158673048},"lab_work":{"1":1,"2":1,"3":1,"4":1,"5":1,"6":1,"7":1,"8":1,"9":1,"10":1,"11":1,"12":1,"13":1,"14":1,"15":0,"16":0,"17":0,"18":0,"19":0,"20":0,"21":0,"22":1,"23":1,"24":1,"25":1,"26":1,"27":1,"28":0,"29":1,"30":1,"31":1,"32":1,"33":1,"34":1,"35":1,"36":1,"37":1,"38":1,"39":1,"40":1,"41":1,"42":1,"43":1,"44":1,"45":1,"46":1,"47":1,"48":1,"49":1,"50":1,"51":1,"52":1,"53":0,"54":1,"55":1,"56":1,"57":1,"58":1,"59":1,"60":1},"tot_lab":{"1":null,"2":null,"3":null,"4":null,"5":null,"6":null,"7":null,"8":null,"9":null,"10":null,"11":null,"12":null,"13":null,"14":null,"15":null,"16":null,"17":null,"18":null,"19":null,"20":null,"21":null,"22":null,"23":null,"24":null,"25":null,"26":null,"27":null,"28":null,"29":null,"30":null,"31":null,"32":null,"33":null,"34":null,"35":null,"36":null,"37":null,"38":null,"39":null,"40":null,"41":null,"42":null,"43":null,"44":null,"45":null,"46":null,"47":null,"48":null,"49":null,"50":null,"51":null,"52":null,"53":null,"54":null,"55":null,"56":null,"57":null,"58":null,"59":null,"60":null},"class_wnid":{"1":"n01443537","2":"n01443537","3":"n01443537","4":"n01443537","5":"n01443537","6":"n02058221","7":"n02058221","8":"n02058221","9":"n02058221","10":"n02058221","11":"n02077923","12":"n02077923","13":"n02077923","14":"n02077923","15":"n02077923","16":"n02077923","17":"n02077923","18":"n02077923","19":"n02077923","20":"n02077923","21":"n02077923","22":"n02077923","23":"n02219486","24":"n02219486","25":"n02219486","26":"n02219486","27":"n02219486","28":"n02487347","29":"n02487347","30":"n02487347","31":"n02487347","32":"n02487347","33":"n02487347","34":"n02794156","35":"n02794156","36":"n02794156","37":"n02794156","38":"n02794156","39":"n03075370","40":"n03075370","41":"n03075370","42":"n03075370","43":"n03075370","44":"n03840681","45":"n03840681","46":"n03840681","47":"n03840681","48":"n03840681","49":"n03840681","50":"n03857828","51":"n03857828","52":"n03857828","53":"n03857828","54":"n03857828","55":"n03857828","56":"n07720875","57":"n07720875","58":"n07720875","59":"n07720875","60":"n07720875"},"class_name":{"1":"goldfish","2":"goldfish","3":"goldfish","4":"goldfish","5":"goldfish","6":"albatross","7":"albatross","8":"albatross","9":"albatross","10":"albatross","11":"sea lion","12":"sea lion","13":"sea lion","14":"sea lion","15":"sea lion","16":"sea lion","17":"sea lion","18":"sea lion","19":"sea lion","20":"sea lion","21":"sea lion","22":"sea lion","23":"ant","24":"ant","25":"ant","26":"ant","27":"ant","28":"macaque","29":"macaque","30":"macaque","31":"macaque","32":"macaque","33":"macaque","34":"barometer","35":"barometer","36":"barometer","37":"barometer","38":"barometer","39":"combination lock","40":"combination lock","41":"combination lock","42":"combination lock","43":"combination lock","44":"ocarina","45":"ocarina","46":"ocarina","47":"ocarina","48":"ocarina","49":"ocarina","50":"oscilloscope","51":"oscilloscope","52":"oscilloscope","53":"oscilloscope","54":"oscilloscope","55":"oscilloscope","56":"bell pepper","57":"bell pepper","58":"bell pepper","59":"bell pepper","60":"bell pepper"}}