{"epoch":{"0":0,"1":1,"2":2,"3":3,"4":4},"avg_loss":{"0":1.1578462672,"1":0.592892899,"2":0.470785834,"3":0.4037993118,"4":0.3163541868},"avg_acc":{"0":0.6360000372,"1":0.8110000491,"2":0.8430000544,"3":0.8760000467,"4":0.9030000567},"avg_loss_val":{"0":0.3264988989,"1":0.2294279698,"2":0.1710930265,"3":0.0727418853,"4":0.0337187528},"avg_acc_val":{"0":0.8999999762,"1":0.9099999666,"2":0.9399999976,"3":0.9799999595,"4":0.9899999499},"image_size":{"0":224,"1":224,"2":224,"3":224,"4":224},"device":{"0":"cuda:0","1":"cuda:0","2":"cuda:0","3":"cuda:0","4":"cuda:0"},"model":{"0":"vgg16_lin","1":"vgg16_lin","2":"vgg16_lin","3":"vgg16_lin","4":"vgg16_lin"}}