{"epoch":{"0":0,"1":1,"2":2,"3":3},"avg_loss":{"0":1.709439414,"1":0.9613454557,"2":0.5534643385,"3":0.4958063743},"avg_acc":{"0":0.4110000134,"1":0.6680000424,"2":0.8110000491,"3":0.8380000591},"avg_loss_val":{"0":1.1892768335,"1":0.2717279714,"2":0.0457067063,"3":0.0697378755},"avg_acc_val":{"0":0.5799999833,"1":0.9099999666,"2":1.0,"3":0.9899999499},"image_size":{"0":64,"1":128,"2":256,"3":512},"device":{"0":"cuda:0","1":"cuda:0","2":"cuda:0","3":"cuda:0"},"model":{"0":"vgg16_scale","1":"vgg16_scale","2":"vgg16_scale","3":"vgg16_scale"}}