{"epoch":{"0":0,"1":1,"2":2,"3":3,"4":4,"5":5,"6":6,"7":7,"8":8,"9":9,"10":10,"11":11,"12":12,"13":13,"14":14,"15":15,"16":16,"17":17,"18":18,"19":19,"20":20,"21":21,"22":22,"23":23,"24":24,"25":25,"26":26,"27":27,"28":28,"29":29,"30":30,"31":31,"32":32,"33":33,"34":34,"35":35,"36":36,"37":37,"38":38,"39":39,"40":40,"41":41,"42":42,"43":43,"44":44,"45":45,"46":46,"47":47,"48":48,"49":49},"avg_loss":{"0":0.5155884886,"1":0.2905478002,"2":0.214858531,"3":0.1857160144,"4":0.1507346724,"5":0.1350861682,"6":0.1041573388,"7":0.0949513193,"8":0.0861122542,"9":0.0784716626,"10":0.0402429404,"11":0.030315605,"12":0.0240702581,"13":0.0193156701,"14":0.019105607,"15":0.0215647351,"16":0.0162543683,"17":0.0179065938,"18":0.0138611496,"19":0.0092959082,"20":0.0143474653,"21":0.0112261434,"22":0.0128309383,"23":0.0118739817,"24":0.0162645159,"25":0.0105220835,"26":0.0102819143,"27":0.0092748682,"28":0.0110639379,"29":0.0132113172,"30":0.0108177991,"31":0.0091469854,"32":0.012549251,"33":0.010550101,"34":0.0119547333,"35":0.0124342518,"36":0.0105876503,"37":0.0073551876,"38":0.0142657227,"39":0.0137298388,"40":0.0091330998,"41":0.0127887847,"42":0.0149380992,"43":0.0104481716,"44":0.0124416178,"45":0.0116637897,"46":0.0109749566,"47":0.0121593809,"48":0.0120658761,"49":0.0113528483},"avg_acc":{"0":0.8357343078,"1":0.9111644626,"2":0.9349739552,"3":0.9411764741,"4":0.9519807696,"5":0.9533813596,"6":0.9655862451,"7":0.9687874913,"8":0.972589016,"9":0.975590229,"10":0.9875950217,"11":0.990396142,"12":0.9933973551,"13":0.9939975739,"14":0.9935974479,"15":0.9927971363,"16":0.9953981638,"17":0.9943977594,"18":0.9963985682,"19":0.9973989725,"20":0.9957982898,"21":0.9967986941,"22":0.995198071,"23":0.9969987869,"24":0.9953981638,"25":0.9965986609,"26":0.9963985682,"27":0.9975990057,"28":0.9957982898,"29":0.995198071,"30":0.9969987869,"31":0.9967986941,"32":0.9967986941,"33":0.9967986941,"34":0.9959983826,"35":0.9959983826,"36":0.9975990057,"37":0.9981992841,"38":0.9947978854,"39":0.9957982898,"40":0.9973989725,"41":0.9957982898,"42":0.9945978522,"43":0.9967986941,"44":0.9961984754,"45":0.9957982898,"46":0.9957982898,"47":0.9959983826,"48":0.9961984754,"49":0.9963985682},"avg_loss_val":{"0":0.3039342346,"1":0.2989535945,"2":0.2256075134,"3":0.242667262,"4":0.1930752196,"5":0.1565219652,"6":0.1568425467,"7":0.2177417106,"8":0.1782234135,"9":0.1613459026,"10":0.1255444159,"11":0.128799739,"12":0.1332283491,"13":0.136543782,"14":0.156523013,"15":0.1446825132,"16":0.1196067905,"17":0.1229637725,"18":0.1108604016,"19":0.1239128338,"20":0.1216599519,"21":0.1027110372,"22":0.1263194698,"23":0.1207343162,"24":0.0956604773,"25":0.1288583645,"26":0.1175421026,"27":0.0996008561,"28":0.111909871,"29":0.1231332117,"30":0.1044624134,"31":0.1176314166,"32":0.1506854511,"33":0.114280709,"34":0.1422002808,"35":0.1201400798,"36":0.1017346158,"37":0.1310799372,"38":0.1110357995,"39":0.1184331187,"40":0.0945648483,"41":0.1032531732,"42":0.1227356036,"43":0.118508715,"44":0.1259403193,"45":0.103904209,"46":0.1087682347,"47":0.1142464547,"48":0.1186744404,"49":0.1273095694},"avg_acc_val":{"0":0.9108216763,"1":0.9108216763,"2":0.9198396802,"3":0.9178357124,"4":0.936873734,"5":0.9438877702,"6":0.9569138288,"7":0.939879775,"8":0.9378757477,"9":0.9498997927,"10":0.9599198699,"11":0.9569138288,"12":0.9569138288,"13":0.9629258513,"14":0.9629258513,"15":0.9599198699,"16":0.9629258513,"17":0.9659318924,"18":0.963927865,"19":0.9609218836,"20":0.963927865,"21":0.9669339061,"22":0.9629258513,"23":0.9619238377,"24":0.9689378738,"25":0.9629258513,"26":0.9669339061,"27":0.9649298787,"28":0.9719439149,"29":0.9619238377,"30":0.9709419012,"31":0.9619238377,"32":0.9579158425,"33":0.9599198699,"34":0.9569138288,"35":0.9699398875,"36":0.9709419012,"37":0.9659318924,"38":0.9699398875,"39":0.9669339061,"40":0.9739478827,"41":0.9669339061,"42":0.963927865,"43":0.9599198699,"44":0.963927865,"45":0.9719439149,"46":0.9659318924,"47":0.9649298787,"48":0.9709419012,"49":0.963927865},"image_size":{"0":256,"1":256,"2":256,"3":256,"4":256,"5":256,"6":256,"7":256,"8":256,"9":256,"10":256,"11":256,"12":256,"13":256,"14":256,"15":256,"16":256,"17":256,"18":256,"19":256,"20":256,"21":256,"22":256,"23":256,"24":256,"25":256,"26":256,"27":256,"28":256,"29":256,"30":256,"31":256,"32":256,"33":256,"34":256,"35":256,"36":256,"37":256,"38":256,"39":256,"40":256,"41":256,"42":256,"43":256,"44":256,"45":256,"46":256,"47":256,"48":256,"49":256},"device":{"0":"cuda:0","1":"cuda:0","2":"cuda:0","3":"cuda:0","4":"cuda:0","5":"cuda:0","6":"cuda:0","7":"cuda:0","8":"cuda:0","9":"cuda:0","10":"cuda:0","11":"cuda:0","12":"cuda:0","13":"cuda:0","14":"cuda:0","15":"cuda:0","16":"cuda:0","17":"cuda:0","18":"cuda:0","19":"cuda:0","20":"cuda:0","21":"cuda:0","22":"cuda:0","23":"cuda:0","24":"cuda:0","25":"cuda:0","26":"cuda:0","27":"cuda:0","28":"cuda:0","29":"cuda:0","30":"cuda:0","31":"cuda:0","32":"cuda:0","33":"cuda:0","34":"cuda:0","35":"cuda:0","36":"cuda:0","37":"cuda:0","38":"cuda:0","39":"cuda:0","40":"cuda:0","41":"cuda:0","42":"cuda:0","43":"cuda:0","44":"cuda:0","45":"cuda:0","46":"cuda:0","47":"cuda:0","48":"cuda:0","49":"cuda:0"},"model":{"0":"vgg16_gray","1":"vgg16_gray","2":"vgg16_gray","3":"vgg16_gray","4":"vgg16_gray","5":"vgg16_gray","6":"vgg16_gray","7":"vgg16_gray","8":"vgg16_gray","9":"vgg16_gray","10":"vgg16_gray","11":"vgg16_gray","12":"vgg16_gray","13":"vgg16_gray","14":"vgg16_gray","15":"vgg16_gray","16":"vgg16_gray","17":"vgg16_gray","18":"vgg16_gray","19":"vgg16_gray","20":"vgg16_gray","21":"vgg16_gray","22":"vgg16_gray","23":"vgg16_gray","24":"vgg16_gray","25":"vgg16_gray","26":"vgg16_gray","27":"vgg16_gray","28":"vgg16_gray","29":"vgg16_gray","30":"vgg16_gray","31":"vgg16_gray","32":"vgg16_gray","33":"vgg16_gray","34":"vgg16_gray","35":"vgg16_gray","36":"vgg16_gray","37":"vgg16_gray","38":"vgg16_gray","39":"vgg16_gray","40":"vgg16_gray","41":"vgg16_gray","42":"vgg16_gray","43":"vgg16_gray","44":"vgg16_gray","45":"vgg16_gray","46":"vgg16_gray","47":"vgg16_gray","48":"vgg16_gray","49":"vgg16_gray"}}