{"epoch":{"0":0,"1":1,"2":2,"3":3,"4":4,"5":5,"6":6,"7":7,"8":8,"9":9,"10":10,"11":11,"12":12,"13":13,"14":14,"15":15,"16":16,"17":17,"18":18,"19":19,"20":20,"21":21,"22":22,"23":23,"24":24,"25":25,"26":26,"27":27,"28":28,"29":29,"30":30,"31":31,"32":32,"33":33,"34":34,"35":35,"36":36,"37":37,"38":38,"39":39,"40":40,"41":41,"42":42,"43":43,"44":44,"45":45,"46":46,"47":47,"48":48,"49":49},"avg_loss":{"0":0.4595911271,"1":0.2322655571,"2":0.1804709119,"3":0.1483163728,"4":0.1512845314,"5":0.1206797095,"6":0.0918816239,"7":0.1034850274,"8":0.0982857837,"9":0.0808250751,"10":0.0326327461,"11":0.02529524,"12":0.0206733096,"13":0.0187757364,"14":0.0186434456,"15":0.0181184483,"16":0.0148096245,"17":0.0134063579,"18":0.0112235746,"19":0.0088103074,"20":0.0093993615,"21":0.007819463,"22":0.0108174972,"23":0.0086531072,"24":0.0094402051,"25":0.0122956505,"26":0.007425815,"27":0.0151784605,"28":0.0101204158,"29":0.0102480091,"30":0.0108724838,"31":0.0098307414,"32":0.0107064869,"33":0.0103654338,"34":0.0097976808,"35":0.0089657024,"36":0.0107992333,"37":0.0097531142,"38":0.0136254971,"39":0.0094231778,"40":0.0113386182,"41":0.0106301214,"42":0.0112137217,"43":0.0083522022,"44":0.0074858348,"45":0.0095993544,"46":0.0066545474,"47":0.0098661891,"48":0.0138669777,"49":0.0107954143},"avg_acc":{"0":0.8551420569,"1":0.9183673263,"2":0.9387754798,"3":0.9521808624,"4":0.9515806437,"5":0.9633853436,"6":0.967787087,"7":0.9657862782,"8":0.9681872725,"9":0.972589016,"10":0.9901960492,"11":0.9925970435,"12":0.9921968579,"13":0.9947978854,"14":0.9937975407,"15":0.9941976666,"16":0.9949979782,"17":0.995198071,"18":0.9957982898,"19":0.9977990985,"20":0.9977990985,"21":0.9971988797,"22":0.9957982898,"23":0.9973989725,"24":0.9977990985,"25":0.9967986941,"26":0.9981992841,"27":0.9945978522,"28":0.9963985682,"29":0.9965986609,"30":0.9969987869,"31":0.9965986609,"32":0.9969987869,"33":0.9967986941,"34":0.9963985682,"35":0.9969987869,"36":0.9961984754,"37":0.9977990985,"38":0.995198071,"39":0.9975990057,"40":0.9965986609,"41":0.9967986941,"42":0.9965986609,"43":0.9977990985,"44":0.9979991913,"45":0.9963985682,"46":0.9979991913,"47":0.9969987869,"48":0.9959983826,"49":0.9963985682},"avg_loss_val":{"0":0.2791590797,"1":0.2178402666,"2":0.2090794268,"3":0.1722442149,"4":0.2299809558,"5":0.1612192507,"6":0.2165044801,"7":0.1586563306,"8":0.1468353257,"9":0.1785390202,"10":0.1279046408,"11":0.1493823322,"12":0.1233466736,"13":0.1314477522,"14":0.127304548,"15":0.1059596008,"16":0.1132191096,"17":0.1076723763,"18":0.1172701267,"19":0.0875746846,"20":0.1071563902,"21":0.092046065,"22":0.0906021989,"23":0.123700612,"24":0.1070160008,"25":0.1231778984,"26":0.0871439369,"27":0.1123630551,"28":0.0962631153,"29":0.111963314,"30":0.0957926584,"31":0.0909032314,"32":0.0941619292,"33":0.1022150292,"34":0.1164563387,"35":0.0819650511,"36":0.0868661192,"37":0.0919037827,"38":0.0902047344,"39":0.1175678672,"40":0.105187158,"41":0.0931011427,"42":0.1108012687,"43":0.0892558154,"44":0.0868363269,"45":0.092282057,"46":0.1059295368,"47":0.1084806319,"48":0.1163324487,"49":0.1323705282},"avg_acc_val":{"0":0.9048096538,"1":0.9278557301,"2":0.9378757477,"3":0.9448897839,"4":0.9198396802,"5":0.9478958249,"6":0.9358717799,"7":0.9539078474,"8":0.9589178562,"9":0.9539078474,"10":0.9609218836,"11":0.963927865,"12":0.9679358602,"13":0.9629258513,"14":0.9659318924,"15":0.9709419012,"16":0.9679358602,"17":0.9679358602,"18":0.9679358602,"19":0.97595191,"20":0.9729459286,"21":0.9739478827,"22":0.9719439149,"23":0.9689378738,"24":0.9709419012,"25":0.9709419012,"26":0.9769539237,"27":0.9679358602,"28":0.9709419012,"29":0.9689378738,"30":0.9749498963,"31":0.9659318924,"32":0.9749498963,"33":0.9719439149,"34":0.9719439149,"35":0.9749498963,"36":0.9729459286,"37":0.9719439149,"38":0.9729459286,"39":0.9679358602,"40":0.9749498963,"41":0.9669339061,"42":0.9659318924,"43":0.9789579511,"44":0.9769539237,"45":0.9739478827,"46":0.9689378738,"47":0.9709419012,"48":0.9749498963,"49":0.9689378738},"image_size":{"0":256,"1":256,"2":256,"3":256,"4":256,"5":256,"6":256,"7":256,"8":256,"9":256,"10":256,"11":256,"12":256,"13":256,"14":256,"15":256,"16":256,"17":256,"18":256,"19":256,"20":256,"21":256,"22":256,"23":256,"24":256,"25":256,"26":256,"27":256,"28":256,"29":256,"30":256,"31":256,"32":256,"33":256,"34":256,"35":256,"36":256,"37":256,"38":256,"39":256,"40":256,"41":256,"42":256,"43":256,"44":256,"45":256,"46":256,"47":256,"48":256,"49":256},"device":{"0":"cuda:0","1":"cuda:0","2":"cuda:0","3":"cuda:0","4":"cuda:0","5":"cuda:0","6":"cuda:0","7":"cuda:0","8":"cuda:0","9":"cuda:0","10":"cuda:0","11":"cuda:0","12":"cuda:0","13":"cuda:0","14":"cuda:0","15":"cuda:0","16":"cuda:0","17":"cuda:0","18":"cuda:0","19":"cuda:0","20":"cuda:0","21":"cuda:0","22":"cuda:0","23":"cuda:0","24":"cuda:0","25":"cuda:0","26":"cuda:0","27":"cuda:0","28":"cuda:0","29":"cuda:0","30":"cuda:0","31":"cuda:0","32":"cuda:0","33":"cuda:0","34":"cuda:0","35":"cuda:0","36":"cuda:0","37":"cuda:0","38":"cuda:0","39":"cuda:0","40":"cuda:0","41":"cuda:0","42":"cuda:0","43":"cuda:0","44":"cuda:0","45":"cuda:0","46":"cuda:0","47":"cuda:0","48":"cuda:0","49":"cuda:0"},"model":{"0":"vgg16_lin","1":"vgg16_lin","2":"vgg16_lin","3":"vgg16_lin","4":"vgg16_lin","5":"vgg16_lin","6":"vgg16_lin","7":"vgg16_lin","8":"vgg16_lin","9":"vgg16_lin","10":"vgg16_lin","11":"vgg16_lin","12":"vgg16_lin","13":"vgg16_lin","14":"vgg16_lin","15":"vgg16_lin","16":"vgg16_lin","17":"vgg16_lin","18":"vgg16_lin","19":"vgg16_lin","20":"vgg16_lin","21":"vgg16_lin","22":"vgg16_lin","23":"vgg16_lin","24":"vgg16_lin","25":"vgg16_lin","26":"vgg16_lin","27":"vgg16_lin","28":"vgg16_lin","29":"vgg16_lin","30":"vgg16_lin","31":"vgg16_lin","32":"vgg16_lin","33":"vgg16_lin","34":"vgg16_lin","35":"vgg16_lin","36":"vgg16_lin","37":"vgg16_lin","38":"vgg16_lin","39":"vgg16_lin","40":"vgg16_lin","41":"vgg16_lin","42":"vgg16_lin","43":"vgg16_lin","44":"vgg16_lin","45":"vgg16_lin","46":"vgg16_lin","47":"vgg16_lin","48":"vgg16_lin","49":"vgg16_lin"}}