{"epoch":{"0":0,"1":1,"2":2,"3":3,"4":4,"5":5,"6":6,"7":7,"8":8,"9":9,"10":10,"11":11,"12":12,"13":13,"14":14,"15":15,"16":16,"17":17,"18":18,"19":19,"20":20,"21":21,"22":22,"23":23,"24":24,"25":25,"26":26,"27":27,"28":28,"29":29,"30":30,"31":31,"32":32,"33":33,"34":34,"35":35,"36":36,"37":37,"38":38,"39":39,"40":40,"41":41,"42":42,"43":43,"44":44,"45":45,"46":46,"47":47,"48":48,"49":49,"50":50,"51":51,"52":52,"53":53,"54":54,"55":55,"56":56,"57":57,"58":58,"59":59,"60":60,"61":61,"62":62,"63":63,"64":64,"65":65,"66":66,"67":67,"68":68,"69":69,"70":70,"71":71,"72":72,"73":73,"74":74,"75":75,"76":76,"77":77,"78":78,"79":79,"80":80,"81":81,"82":82,"83":83,"84":84,"85":85,"86":86,"87":87,"88":88,"89":89,"90":90,"91":91,"92":92,"93":93,"94":94,"95":95,"96":96,"97":97,"98":98,"99":99},"avg_loss":{"0":1.2593015907,"1":0.8843897116,"2":0.7361615018,"3":0.6223203103,"4":0.5293822342,"5":0.5062793572,"6":0.4681775372,"7":0.4116603174,"8":0.3947109449,"9":0.3539676676,"10":0.330284527,"11":0.3095608155,"12":0.321432925,"13":0.2976115663,"14":0.2647523575,"15":0.245278425,"16":0.2503893788,"17":0.2295932598,"18":0.2150616069,"19":0.2068216592,"20":0.2042157746,"21":0.2012586727,"22":0.1921388929,"23":0.1740041541,"24":0.1717896789,"25":0.3285951508,"26":0.2637851214,"27":0.2104767117,"28":0.1851187136,"29":0.1676258437,"30":0.1483560236,"31":0.1593138989,"32":0.1441924982,"33":0.1370644346,"34":0.117490481,"35":0.1147957105,"36":0.1016416651,"37":0.1166713789,"38":0.099057784,"39":0.1001026542,"40":0.0846457968,"41":0.0733729147,"42":0.079351912,"43":0.0879580782,"44":0.0743218047,"45":0.0742894896,"46":0.0784312659,"47":0.0561219715,"48":0.0839686526,"49":0.0650910492,"50":0.1720357212,"51":0.1312878626,"52":0.0888920054,"53":0.090475126,"54":0.091640847,"55":0.0718247376,"56":0.0607371824,"57":0.0656058921,"58":0.0636182795,"59":0.0491399407,"60":0.0521945553,"61":0.0529265181,"62":0.0416902896,"63":0.0547977452,"64":0.0500564998,"65":0.0407368598,"66":0.0483323586,"67":0.0501958713,"68":0.0441633761,"69":0.036918495,"70":0.0335256899,"71":0.0344427816,"72":0.0355440511,"73":0.0259786965,"74":0.0299425949,"75":0.1814572217,"76":0.1333050867,"77":0.1143063605,"78":0.0940339366,"79":0.0793658694,"80":0.0745016774,"81":0.0573587852,"82":0.0621372876,"83":0.0538908982,"84":0.0648736307,"85":0.0540269839,"86":0.0462998082,"87":0.0423264997,"88":0.0282134287,"89":0.0399305187,"90":0.0312655042,"91":0.0341993472,"92":0.0361680405,"93":0.0372544185,"94":0.030681113,"95":0.0344680693,"96":0.0341954149,"97":0.0337220342,"98":0.0263679902,"99":0.0193946016},"avg_acc":{"0":0.5742062926,"1":0.7128968239,"2":0.7589244843,"3":0.7990278006,"4":0.8284976482,"5":0.8359410763,"6":0.8480935693,"7":0.8699681163,"8":0.8731581569,"9":0.8877411485,"10":0.8941212296,"11":0.898678422,"12":0.8983746171,"13":0.9032356143,"14":0.9178186059,"15":0.922983408,"16":0.9238948822,"17":0.9292116165,"18":0.9337688088,"19":0.9357435703,"20":0.9363511801,"21":0.9384778738,"22":0.9410603046,"23":0.944098413,"24":0.9457693696,"25":0.8939692974,"26":0.9134133458,"27":0.9322497249,"28":0.9383260012,"29":0.944857955,"30":0.9542761445,"31":0.9481999278,"32":0.9533647299,"33":0.9567066431,"34":0.9632386565,"35":0.9632386565,"36":0.9673401117,"37":0.9620233774,"38":0.970682025,"39":0.9676439166,"40":0.9747835398,"41":0.9761506915,"42":0.9744797349,"43":0.9740239978,"44":0.9769102335,"45":0.9763025641,"46":0.9749354124,"47":0.9826826453,"48":0.9755430818,"49":0.9778216481,"50":0.944857955,"51":0.9557952285,"52":0.9700744152,"53":0.970682025,"54":0.9715934992,"55":0.9778216481,"56":0.9808597565,"57":0.9779735804,"58":0.9807078838,"59":0.9837459922,"60":0.9831383824,"61":0.9811636209,"62":0.9872398376,"63":0.9828345776,"64":0.9831383824,"65":0.9866322279,"66":0.9837459922,"67":0.9826826453,"68":0.9845055342,"69":0.9875436425,"70":0.9893665314,"71":0.9898222685,"72":0.9873917699,"73":0.9916451573,"74":0.9892146587,"75":0.9371107221,"76":0.9589852691,"77":0.9647576809,"78":0.9693148732,"79":0.9758468866,"80":0.9758468866,"81":0.9793407321,"82":0.9802521467,"83":0.9832903147,"84":0.9802521467,"85":0.9822269678,"86":0.9837459922,"87":0.9875436425,"88":0.9919489622,"89":0.9869360328,"90":0.9896703362,"91":0.9890627265,"92":0.9896703362,"93":0.9896703362,"94":0.9899741411,"95":0.9886069894,"96":0.9895184636,"97":0.9890627265,"98":0.9916451573,"99":0.9937718511},"avg_loss_val":{"0":0.6276343248,"1":0.4683763904,"2":0.463142258,"3":0.3594997677,"4":0.248526585,"5":0.2925960271,"6":0.220745399,"7":0.1342432844,"8":0.1524496692,"9":0.1154820279,"10":0.0744591596,"11":0.0840258084,"12":0.1064522978,"13":0.0561978428,"14":0.055884328,"15":0.0937637876,"16":0.0498997425,"17":0.0349593194,"18":0.0547375178,"19":0.0384838808,"20":0.0582876027,"21":0.0285566858,"22":0.0715604234,"23":0.0281522197,"24":0.0204947716,"25":0.120483534,"26":0.0825708287,"27":0.0766634829,"28":0.0306492584,"29":0.0393584626,"30":0.0549174736,"31":0.0310086521,"32":0.0390999826,"33":0.0235358063,"34":0.0174092599,"35":0.0125988734,"36":0.028978308,"37":0.0196511272,"38":0.0203736847,"39":0.0588671517,"40":0.0106568666,"41":0.0154638471,"42":0.0136481982,"43":0.0144356122,"44":0.0085779443,"45":0.002793512,"46":0.010407168,"47":0.0056658605,"48":0.0173514894,"49":0.0193843851,"50":0.0494724652,"51":0.0317337068,"52":0.024026024,"53":0.0286970814,"54":0.0154686665,"55":0.0197878109,"56":0.0097548125,"57":0.0115561418,"58":0.0131208631,"59":0.0197188448,"60":0.007810313,"61":0.0050675426,"62":0.0038648933,"63":0.0036304209,"64":0.0051000038,"65":0.0071412711,"66":0.0079967634,"67":0.0084208519,"68":0.0095467639,"69":0.0027406959,"70":0.001400683,"71":0.0016813446,"72":0.0019407361,"73":0.0172174041,"74":0.0032832053,"75":0.0346694766,"76":0.0385009362,"77":0.0278281137,"78":0.0206100967,"79":0.0140132371,"80":0.0104635436,"81":0.0252046541,"82":0.0264658394,"83":0.0146914966,"84":0.0363611318,"85":0.0060112404,"86":0.0061775871,"87":0.0019155394,"88":0.0074834526,"89":0.0028407213,"90":0.0042800616,"91":0.0029872757,"92":0.0033009802,"93":0.0099160278,"94":0.0025820492,"95":0.0015172906,"96":0.0002984882,"97":0.004707516,"98":0.0034297049,"99":0.0032650064},"avg_acc_val":{"0":0.7910000086,"1":0.8560000658,"2":0.8500000238,"3":0.8830000162,"4":0.9220000505,"5":0.9210000634,"6":0.9340000153,"7":0.9570000172,"8":0.9570000172,"9":0.9650000334,"10":0.9830000401,"11":0.9710000753,"12":0.9660000205,"13":0.9870000482,"14":0.9840000272,"15":0.9680000544,"16":0.9840000272,"17":0.9920000434,"18":0.9840000272,"19":0.9900000691,"20":0.9730000496,"21":0.9940000176,"22":0.9790000319,"23":0.9910000563,"24":0.9940000176,"25":0.9680000544,"26":0.9710000753,"27":0.9760000706,"28":0.9940000176,"29":0.9880000353,"30":0.9810000658,"31":0.9910000563,"32":0.9920000434,"33":0.9960000515,"34":0.9960000515,"35":0.9960000515,"36":0.9900000691,"37":0.9960000515,"38":0.9940000176,"39":0.9810000658,"40":0.9960000515,"41":0.9980000257,"42":0.9980000257,"43":0.9940000176,"44":0.9970000386,"45":0.9990000725,"46":0.9980000257,"47":0.9980000257,"48":0.9950000644,"49":0.9940000176,"50":0.986000061,"51":0.9910000563,"52":0.9900000691,"53":0.9900000691,"54":0.9930000305,"55":0.9960000515,"56":0.9980000257,"57":0.9960000515,"58":0.9940000176,"59":0.9940000176,"60":0.9970000386,"61":0.9990000725,"62":0.9990000725,"63":1.0,"64":0.9990000725,"65":0.9980000257,"66":0.9990000725,"67":0.9990000725,"68":0.9970000386,"69":0.9990000725,"70":1.0,"71":0.9990000725,"72":1.0,"73":0.9960000515,"74":0.9990000725,"75":0.9940000176,"76":0.9880000353,"77":0.9930000305,"78":0.9920000434,"79":0.9970000386,"80":0.9990000725,"81":0.9940000176,"82":0.9940000176,"83":0.9970000386,"84":0.9840000272,"85":0.9990000725,"86":0.9980000257,"87":1.0,"88":0.9970000386,"89":0.9990000725,"90":0.9980000257,"91":0.9990000725,"92":0.9990000725,"93":0.9970000386,"94":0.9990000725,"95":1.0,"96":1.0,"97":0.9980000257,"98":0.9990000725,"99":0.9980000257},"image_size":{"0":64,"1":64,"2":64,"3":64,"4":64,"5":64,"6":64,"7":64,