{"epoch":{"0":0,"1":1,"2":2,"3":3,"4":4,"5":5,"6":6,"7":7,"8":8,"9":9,"10":10,"11":11,"12":12,"13":13,"14":14,"15":15,"16":16,"17":17,"18":18,"19":19,"20":20,"21":21,"22":22,"23":23,"24":24,"25":25,"26":26,"27":27,"28":28,"29":29,"30":30,"31":31,"32":32,"33":33,"34":34,"35":35,"36":36,"37":37,"38":38,"39":39,"40":40,"41":41,"42":42,"43":43,"44":44,"45":45,"46":46,"47":47,"48":48,"49":49},"avg_loss":{"0":0.5008211294,"1":0.2239514821,"2":0.177521457,"3":0.1517362581,"4":0.1224014831,"5":0.087231696,"6":0.1066611396,"7":0.0643804173,"8":0.089157952,"9":0.0487141302,"10":0.0518411141,"11":0.0489744335,"12":0.0598101127,"13":0.0442010322,"14":0.0386030176,"15":0.031053102,"16":0.0305381811,"17":0.0628743332,"18":0.0384032078,"19":0.0305286923,"20":0.056446835,"21":0.0233658052,"22":0.0431050441,"23":0.014936983,"24":0.0358947822,"25":0.0153713427,"26":0.0280209995,"27":0.0240266782,"28":0.044919493,"29":0.015399382,"30":0.0164955288,"31":0.0140876434,"32":0.0217403476,"33":0.0308663406,"34":0.0213626586,"35":0.0407591402,"36":0.013006157,"37":0.0163710431,"38":0.0220303558,"39":0.0223926548,"40":0.0113881042,"41":0.0144730406,"42":0.0114033184,"43":0.0061800116,"44":0.0206791149,"45":0.0248446552,"46":0.0094276512,"47":0.0151905605,"48":0.0283939764,"49":0.0135628012},"avg_acc":{"0":0.8441491723,"1":0.936126709,"2":0.9443024993,"3":0.9463464618,"4":0.963719964,"5":0.9688298106,"6":0.9698517919,"7":0.9785385728,"8":0.9749616385,"9":0.9846704006,"10":0.9810935259,"11":0.98415941,"12":0.9780275822,"13":0.9867143631,"14":0.9877363443,"15":0.9902912378,"16":0.9908022285,"17":0.9785385728,"18":0.9897802472,"19":0.9918242097,"20":0.979560554,"21":0.9902912378,"22":0.9877363443,"23":0.9948900938,"24":0.9908022285,"25":0.9954010844,"26":0.9918242097,"27":0.9918242097,"28":0.9867143631,"29":0.9954010844,"30":0.9943791628,"31":0.9954010844,"32":0.9913132191,"33":0.9892692566,"34":0.9902912378,"35":0.9892692566,"36":0.9954010844,"37":0.9933571815,"38":0.9928461909,"39":0.9943791628,"40":0.9969340563,"41":0.9964230657,"42":0.9964230657,"43":0.9979560375,"44":0.9923352003,"45":0.9923352003,"46":0.9969340563,"47":0.9948900938,"48":0.9928461909,"49":0.9948900938},"avg_loss_val":{"0":0.3190284134,"1":0.2400384875,"2":0.2404262995,"3":0.2342656179,"4":0.2461216808,"5":0.2295128331,"6":0.212583477,"7":0.25498215,"8":0.3043473561,"9":0.2551677938,"10":0.2595704345,"11":0.2375772201,"12":0.2307852892,"13":0.2036186677,"14":0.2438755075,"15":0.2395416233,"16":0.283322368,"17":0.2132319868,"18":0.2101010081,"19":0.2967310499,"20":0.2130201944,"21":0.231655472,"22":0.2593057129,"23":0.2535090947,"24":0.2099367091,"25":0.2200761855,"26":0.2852729329,"27":0.3151660044,"28":0.2162235446,"29":0.2453951924,"30":0.2274079592,"31":0.2785829298,"32":0.2281745205,"33":0.2745777746,"34":0.267613881,"35":0.4556416312,"36":0.2279587761,"37":0.2469354801,"38":0.4632997403,"39":0.2733066175,"40":0.1922034737,"41":0.3347545464,"42":0.243554203,"43":0.2726146249,"44":0.3964525481,"45":0.2474893632,"46":0.2753452264,"47":0.3090906558,"48":0.2489779769,"49":0.3272662433},"avg_acc_val":{"0":0.8959537745,"1":0.9251766205,"2":0.9235709906,"3":0.9219653606,"4":0.9245343804,"5":0.9348105788,"6":0.934489429,"7":0.9254977703,"8":0.9126525521,"9":0.9283879399,"10":0.9274245501,"11":0.9325626493,"12":0.9325626493,"13":0.942196548,"14":0.9293513298,"15":0.934489429,"16":0.9193962812,"17":0.9450867176,"18":0.942838788,"19":0.9203596711,"20":0.9299935699,"21":0.9373795986,"22":0.9312781096,"23":0.9431599379,"24":0.9354528189,"25":0.9380218387,"26":0.9261400104,"27":0.9277456999,"28":0.9425176978,"29":0.9402697682,"30":0.9399486184,"31":0.9287090898,"32":0.9370584488,"33":0.9296724796,"34":0.9312781096,"35":0.8779704571,"36":0.9412331581,"37":0.9325626493,"38":0.8978805542,"39":0.9319203496,"40":0.9495825768,"41":0.9187540412,"42":0.9373795986,"43":0.9360950589,"44":0.9245343804,"45":0.9328837395,"46":0.9373795986,"47":0.9303147197,"48":0.9380218387,"49":0.9296724796},"device_type":{"0":"cuda","1":"cuda","2":"cuda","3":"cuda","4":"cuda","5":"cuda","6":"cuda","7":"cuda","8":"cuda","9":"cuda","10":"cuda","11":"cuda","12":"cuda","13":"cuda","14":"cuda","15":"cuda","16":"cuda","17":"cuda","18":"cuda","19":"cuda","20":"cuda","21":"cuda","22":"cuda","23":"cuda","24":"cuda","25":"cuda","26":"cuda","27":"cuda","28":"cuda","29":"cuda","30":"cuda","31":"cuda","32":"cuda","33":"cuda","34":"cuda","35":"cuda","36":"cuda","37":"cuda","38":"cuda","39":"cuda","40":"cuda","41":"cuda","42":"cuda","43":"cuda","44":"cuda","45":"cuda","46":"cuda","47":"cuda","48":"cuda","49":"cuda"}}