{"epoch":{"0":0,"1":1,"2":2,"3":3,"4":4,"5":5,"6":6,"7":7,"8":8,"9":9,"10":10,"11":11,"12":12,"13":13,"14":14,"15":15,"16":16,"17":17,"18":18,"19":19,"20":20,"21":21,"22":22,"23":23,"24":24,"25":25,"26":26,"27":27,"28":28,"29":29,"30":30,"31":31,"32":32,"33":33,"34":34,"35":35,"36":36,"37":37,"38":38,"39":39,"40":40,"41":41,"42":42,"43":43,"44":44,"45":45,"46":46,"47":47,"48":48,"49":49},"avg_loss":{"0":0.4965627538,"1":0.2786710601,"2":0.2162096914,"3":0.1632950812,"4":0.1294950478,"5":0.1277178154,"6":0.0964550377,"7":0.1002361008,"8":0.0815326455,"9":0.0638002226,"10":0.0772336383,"11":0.0502573325,"12":0.0656781372,"13":0.0580816838,"14":0.0645222118,"15":0.0509928565,"16":0.0474793028,"17":0.0587971059,"18":0.0436256497,"19":0.0527147722,"20":0.0433267548,"21":0.0423873155,"22":0.0391213274,"23":0.0384210704,"24":0.0293681883,"25":0.0362097522,"26":0.0237029387,"27":0.0273165823,"28":0.0192675473,"29":0.0344548399,"30":0.0253853321,"31":0.0242675122,"32":0.0219284029,"33":0.0281666297,"34":0.0223947772,"35":0.023203841,"36":0.0222106398,"37":0.0163037946,"38":0.0260124484,"39":0.0387311379,"40":0.0495569031,"41":0.0204754005,"42":0.0242990935,"43":0.0224015463,"44":0.0247241691,"45":0.0257194702,"46":0.0239424568,"47":0.0202983265,"48":0.0160173556,"49":0.022052335},"avg_acc":{"0":0.8392568827,"1":0.9141761065,"2":0.9311389327,"3":0.9485056996,"4":0.9571890235,"5":0.960016191,"6":0.9691033959,"7":0.9666801691,"8":0.9741519094,"9":0.9800081253,"10":0.9749596119,"11":0.984248817,"12":0.9794023037,"13":0.9822294116,"14":0.9804120064,"15":0.9834410548,"16":0.9870759249,"17":0.9808158278,"18":0.9868740439,"19":0.9838449359,"20":0.9872778654,"21":0.9874798059,"22":0.9892972708,"23":0.9868740439,"24":0.9913166761,"25":0.9903069735,"26":0.9929322004,"27":0.9919224977,"28":0.9929322004,"29":0.9901050329,"30":0.9925283194,"31":0.9925283194,"32":0.9945476651,"33":0.9921244383,"34":0.993739903,"35":0.993134141,"36":0.9935379624,"37":0.9959612489,"38":0.9919224977,"39":0.9872778654,"40":0.9852585196,"41":0.9947496057,"42":0.9921244383,"43":0.9921244383,"44":0.9927302599,"45":0.9935379624,"46":0.9925283194,"47":0.9935379624,"48":0.9951534867,"49":0.9933360219},"avg_loss_val":{"0":0.363055466,"1":0.190599531,"2":0.2698836973,"3":0.2527050958,"4":0.1458198478,"5":0.2088660924,"6":0.1702521952,"7":0.152719988,"8":0.217559656,"9":0.2732091242,"10":0.1541796982,"11":0.1382040179,"12":0.1448932187,"13":0.1877930541,"14":0.1521494407,"15":0.1393585249,"16":0.2300223134,"17":0.1867010123,"18":0.2101054779,"19":0.1243940539,"20":0.1043980685,"21":0.1741314406,"22":0.1445830024,"23":0.1118886291,"24":0.2112662954,"25":0.0925015155,"26":0.119302075,"27":0.1542310983,"28":0.1040522393,"29":0.1459406276,"30":0.1543980798,"31":0.1492151402,"32":0.1689222737,"33":0.1905937807,"34":0.1297314186,"35":0.1677316778,"36":0.1410565222,"37":0.1645199121,"38":0.1870222647,"39":0.2095418298,"40":0.1263086285,"41":0.1980020992,"42":0.1545178395,"43":0.1503676117,"44":0.133103444,"45":0.2221325199,"46":0.1581837131,"47":0.1299871482,"48":0.1975045262,"49":0.1940813242},"avg_acc_val":{"0":0.8867346644,"1":0.9418367147,"2":0.8999999762,"3":0.9234693646,"4":0.9571428299,"5":0.9367346764,"6":0.9520407915,"7":0.9642856717,"8":0.9448978901,"9":0.9499999881,"10":0.9540815949,"11":0.9602040648,"12":0.9622448683,"13":0.9469387531,"14":0.9632652402,"15":0.9642856717,"16":0.9438775182,"17":0.9540815949,"18":0.9551020265,"19":0.9714285135,"20":0.97551018,"21":0.9561223984,"22":0.9612244368,"23":0.9765305519,"24":0.9581632018,"25":0.973469317,"26":0.9683672786,"27":0.9663264751,"28":0.9765305519,"29":0.9591836333,"30":0.9642856717,"31":0.9602040648,"32":0.9663264751,"33":0.9571428299,"34":0.972448945,"35":0.9632652402,"36":0.9663264751,"37":0.9642856717,"38":0.947959125,"39":0.9571428299,"40":0.9673469067,"41":0.9530611634,"42":0.9642856717,"43":0.9673469067,"44":0.9653061032,"45":0.9428570867,"46":0.9673469067,"47":0.9673469067,"48":0.9622448683,"49":0.9632652402},"image_size":{"0":256,"1":256,"2":256,"3":256,"4":256,"5":256,"6":256,"7":256,"8":256,"9":256,"10":256,"11":256,"12":256,"13":256,"14":256,"15":256,"16":256,"17":256,"18":256,"19":256,"20":256,"21":256,"22":256,"23":256,"24":256,"25":256,"26":256,"27":256,"28":256,"29":256,"30":256,"31":256,"32":256,"33":256,"34":256,"35":256,"36":256,"37":256,"38":256,"39":256,"40":256,"41":256,"42":256,"43":256,"44":256,"45":256,"46":256,"47":256,"48":256,"49":256},"device_type":{"0":"cuda","1":"cuda","2":"cuda","3":"cuda","4":"cuda","5":"cuda","6":"cuda","7":"cuda","8":"cuda","9":"cuda","10":"cuda","11":"cuda","12":"cuda","13":"cuda","14":"cuda","15":"cuda","16":"cuda","17":"cuda","18":"cuda","19":"cuda","20":"cuda","21":"cuda","22":"cuda","23":"cuda","24":"cuda","25":"cuda","26":"cuda","27":"cuda","28":"cuda","29":"cuda","30":"cuda","31":"cuda","32":"cuda","33":"cuda","34":"cuda","35":"cuda","36":"cuda","37":"cuda","38":"cuda","39":"cuda","40":"cuda","41":"cuda","42":"cuda","43":"cuda","44":"cuda","45":"cuda","46":"cuda","47":"cuda","48":"cuda","49":"cuda"}}