{"epoch":{"0":0,"1":1,"2":2,"3":3,"4":4,"5":5,"6":6,"7":7,"8":8,"9":9,"10":10,"11":11,"12":12,"13":13,"14":14,"15":15,"16":16,"17":17,"18":18,"19":19,"20":20,"21":21,"22":22,"23":23,"24":24,"25":25,"26":26,"27":27,"28":28,"29":29,"30":30,"31":31,"32":32,"33":33,"34":34,"35":35,"36":36,"37":37,"38":38,"39":39,"40":40,"41":41,"42":42,"43":43,"44":44,"45":45,"46":46,"47":47,"48":48,"49":49},"avg_loss":{"0":0.4283616971,"1":0.2650649342,"2":0.1827487227,"3":0.1573042084,"4":0.1303418345,"5":0.1350143325,"6":0.0969894729,"7":0.1062205993,"8":0.0937299512,"9":0.0701326221,"10":0.0397726377,"11":0.0293268373,"12":0.0221915555,"13":0.021407233,"14":0.0179541158,"15":0.0172089208,"16":0.0171869314,"17":0.0112783198,"18":0.0097562515,"19":0.0122201272,"20":0.0100582538,"21":0.0117619535,"22":0.0111679487,"23":0.0126462405,"24":0.0116016052,"25":0.0096793031,"26":0.0121530139,"27":0.0108905737,"28":0.0063818225,"29":0.0083829695,"30":0.0088851068,"31":0.0074358001,"32":0.0121886253,"33":0.0088574872,"34":0.0103833795,"35":0.0100816603,"36":0.0075913815,"37":0.0093701985,"38":0.0107260915,"39":0.013283936,"40":0.0132616644,"41":0.0111142612,"42":0.00968129,"43":0.0092599857,"44":0.0095156884,"45":0.0109586989,"46":0.0083934893,"47":0.0064481395,"48":0.0068162269,"49":0.0101153197},"avg_acc":{"0":0.8615446091,"1":0.9181672335,"2":0.9431772828,"3":0.9513805509,"4":0.9605842233,"5":0.9569827914,"6":0.9679871798,"7":0.9651860595,"8":0.9689875841,"9":0.9791916609,"10":0.9875950217,"11":0.9913965464,"12":0.9925970435,"13":0.9927971363,"14":0.9941976666,"15":0.995198071,"16":0.9961984754,"17":0.9957982898,"18":0.9977990985,"19":0.9963985682,"20":0.9965986609,"21":0.9959983826,"22":0.9965986609,"23":0.9961984754,"24":0.9959983826,"25":0.9967986941,"26":0.9963985682,"27":0.9961984754,"28":0.9979991913,"29":0.9975990057,"30":0.9969987869,"31":0.9977990985,"32":0.9959983826,"33":0.9975990057,"34":0.9963985682,"35":0.9973989725,"36":0.9967986941,"37":0.9971988797,"38":0.9965986609,"39":0.995198071,"40":0.9969987869,"41":0.9975990057,"42":0.9967986941,"43":0.9975990057,"44":0.9975990057,"45":0.9969987869,"46":0.9975990057,"47":0.9979991913,"48":0.9981992841,"49":0.9963985682},"avg_loss_val":{"0":0.2470255227,"1":0.1922424293,"2":0.220212565,"3":0.1767731731,"4":0.2235846539,"5":0.1702038272,"6":0.2397956787,"7":0.2122502893,"8":0.1354262451,"9":0.2262035349,"10":0.1044770048,"11":0.1062534432,"12":0.1027440749,"13":0.0937140933,"14":0.1047319215,"15":0.1020430501,"16":0.1117238675,"17":0.1103519076,"18":0.1075309609,"19":0.0912789162,"20":0.103140317,"21":0.144208316,"22":0.1370430295,"23":0.0943503278,"24":0.0999094581,"25":0.1158312437,"26":0.103536123,"27":0.0938073725,"28":0.106785018,"29":0.1003841991,"30":0.0827817877,"31":0.0998597363,"32":0.0915052732,"33":0.0967629084,"34":0.1035718796,"35":0.1097530611,"36":0.1006143064,"37":0.0999883607,"38":0.1095996457,"39":0.0983207625,"40":0.0938706267,"41":0.1065026164,"42":0.0969063675,"43":0.1012163574,"44":0.0939974578,"45":0.0886014725,"46":0.1194943776,"47":0.1377925035,"48":0.1217348437,"49":0.1078760444},"avg_acc_val":{"0":0.924849689,"1":0.9278557301,"2":0.9298597574,"3":0.9448897839,"4":0.9278557301,"5":0.9428857565,"6":0.9268537164,"7":0.9448897839,"8":0.9579158425,"9":0.9388777614,"10":0.9649298787,"11":0.9669339061,"12":0.9739478827,"13":0.9739478827,"14":0.9689378738,"15":0.9739478827,"16":0.9699398875,"17":0.9689378738,"18":0.9739478827,"19":0.9729459286,"20":0.9719439149,"21":0.9709419012,"22":0.9689378738,"23":0.9739478827,"24":0.9699398875,"25":0.9679358602,"26":0.9729459286,"27":0.97595191,"28":0.9729459286,"29":0.9789579511,"30":0.9749498963,"31":0.9689378738,"32":0.97595191,"33":0.9719439149,"34":0.9729459286,"35":0.9739478827,"36":0.9739478827,"37":0.97595191,"38":0.9689378738,"39":0.9769539237,"40":0.9799599051,"41":0.9729459286,"42":0.97595191,"43":0.9749498963,"44":0.9769539237,"45":0.9719439149,"46":0.9719439149,"47":0.9689378738,"48":0.9649298787,"49":0.9719439149},"image_size":{"0":256,"1":256,"2":256,"3":256,"4":256,"5":256,"6":256,"7":256,"8":256,"9":256,"10":256,"11":256,"12":256,"13":256,"14":256,"15":256,"16":256,"17":256,"18":256,"19":256,"20":256,"21":256,"22":256,"23":256,"24":256,"25":256,"26":256,"27":256,"28":256,"29":256,"30":256,"31":256,"32":256,"33":256,"34":256,"35":256,"36":256,"37":256,"38":256,"39":256,"40":256,"41":256,"42":256,"43":256,"44":256,"45":256,"46":256,"47":256,"48":256,"49":256},"device":{"0":"cuda:0","1":"cuda:0","2":"cuda:0","3":"cuda:0","4":"cuda:0","5":"cuda:0","6":"cuda:0","7":"cuda:0","8":"cuda:0","9":"cuda:0","10":"cuda:0","11":"cuda:0","12":"cuda:0","13":"cuda:0","14":"cuda:0","15":"cuda:0","16":"cuda:0","17":"cuda:0","18":"cuda:0","19":"cuda:0","20":"cuda:0","21":"cuda:0","22":"cuda:0","23":"cuda:0","24":"cuda:0","25":"cuda:0","26":"cuda:0","27":"cuda:0","28":"cuda:0","29":"cuda:0","30":"cuda:0","31":"cuda:0","32":"cuda:0","33":"cuda:0","34":"cuda:0","35":"cuda:0","36":"cuda:0","37":"cuda:0","38":"cuda:0","39":"cuda:0","40":"cuda:0","41":"cuda:0","42":"cuda:0","43":"cuda:0","44":"cuda:0","45":"cuda:0","46":"cuda:0","47":"cuda:0","48":"cuda:0","49":"cuda:0"},"model":{"0":"vgg16_gen","1":"vgg16_gen","2":"vgg16_gen","3":"vgg16_gen","4":"vgg16_gen","5":"vgg16_gen","6":"vgg16_gen","7":"vgg16_gen","8":"vgg16_gen","9":"vgg16_gen","10":"vgg16_gen","11":"vgg16_gen","12":"vgg16_gen","13":"vgg16_gen","14":"vgg16_gen","15":"vgg16_gen","16":"vgg16_gen","17":"vgg16_gen","18":"vgg16_gen","19":"vgg16_gen","20":"vgg16_gen","21":"vgg16_gen","22":"vgg16_gen","23":"vgg16_gen","24":"vgg16_gen","25":"vgg16_gen","26":"vgg16_gen","27":"vgg16_gen","28":"vgg16_gen","29":"vgg16_gen","30":"vgg16_gen","31":"vgg16_gen","32":"vgg16_gen","33":"vgg16_gen","34":"vgg16_gen","35":"vgg16_gen","36":"vgg16_gen","37":"vgg16_gen","38":"vgg16_gen","39":"vgg16_gen","40":"vgg16_gen","41":"vgg16_gen","42":"vgg16_gen","43":"vgg16_gen","44":"vgg16_gen","45":"vgg16_gen","46":"vgg16_gen","47":"vgg16_gen","48":"vgg16_gen","49":"vgg16_gen"}}