{"epoch":{"0":0,"1":1,"2":2,"3":3,"4":4,"5":5,"6":6,"7":7,"8":8,"9":9,"10":10,"11":11,"12":12,"13":13,"14":14,"15":15,"16":16,"17":17,"18":18,"19":19,"20":20,"21":21,"22":22,"23":23,"24":24,"25":25,"26":26,"27":27,"28":28,"29":29,"30":30,"31":31,"32":32,"33":33,"34":34,"35":35,"36":36,"37":37,"38":38,"39":39,"40":40,"41":41,"42":42,"43":43,"44":44,"45":45,"46":46,"47":47,"48":48,"49":49},"avg_loss":{"0":0.4921133137,"1":0.2512259667,"2":0.1901280612,"3":0.1721886812,"4":0.1277309364,"5":0.146466401,"6":0.1144560575,"7":0.090734597,"8":0.0899436793,"9":0.0672041576,"10":0.0794677991,"11":0.0538938399,"12":0.0591996762,"13":0.0876197407,"14":0.0592229105,"15":0.0535445503,"16":0.0541102963,"17":0.0400097155,"18":0.0427727919,"19":0.0525256264,"20":0.0391680446,"21":0.0321771509,"22":0.0280269448,"23":0.0314832192,"24":0.0388532702,"25":0.0456903232,"26":0.0358965665,"27":0.0193916894,"28":0.0200932147,"29":0.0423624029,"30":0.0228422463,"31":0.0152289885,"32":0.0214681498,"33":0.0259301068,"34":0.0473171404,"35":0.015875653,"36":0.0248851711,"37":0.0199054261,"38":0.0210419167,"39":0.0177605205,"40":0.0189924896,"41":0.0112341402,"42":0.0158552008,"43":0.0191037353,"44":0.0146466055,"45":0.0172214053,"46":0.0153787971,"47":0.0206936247,"48":0.0168569243,"49":0.0205012528},"avg_acc":{"0":0.8438759446,"1":0.9188715816,"2":0.9395478964,"3":0.9435780644,"4":0.9584720731,"5":0.955142796,"6":0.9618012905,"7":0.970562458,"8":0.9717890024,"9":0.9786227345,"10":0.9745926261,"11":0.9814262986,"12":0.9805501699,"13":0.9716138244,"14":0.9803749919,"15":0.983178556,"16":0.9833537936,"17":0.9872086644,"18":0.9866830111,"19":0.9842298627,"20":0.9889609218,"21":0.9905379415,"22":0.9924653769,"23":0.9908883572,"24":0.9875591397,"25":0.9872086644,"26":0.9886104465,"27":0.9952689409,"28":0.9929910898,"29":0.9872086644,"30":0.9931662679,"31":0.9949185252,"32":0.9938671589,"33":0.9915892482,"34":0.9847555757,"35":0.9954441786,"36":0.9915892482,"37":0.9936919808,"38":0.9926406145,"39":0.9935167432,"40":0.9945680499,"41":0.9968459606,"42":0.9957946539,"43":0.9938671589,"44":0.9956194162,"45":0.9938671589,"46":0.9963203073,"47":0.9938671589,"48":0.9942176342,"49":0.9938671589},"avg_loss_val":{"0":0.3211031878,"1":0.2319531551,"2":0.2250707945,"3":0.1702524114,"4":0.1617985374,"5":0.2704486973,"6":0.2093173007,"7":0.1826364314,"8":0.1805870168,"9":0.2327077026,"10":0.1933185781,"11":0.1573227129,"12":0.2288101343,"13":0.2076202625,"14":0.2019457066,"15":0.2671996839,"16":0.1547439068,"17":0.2133640879,"18":0.1440748523,"19":0.2771139162,"20":0.152749064,"21":0.1558922348,"22":0.1597431219,"23":0.2286080603,"24":0.2402134863,"25":0.1903007015,"26":0.1380516085,"27":0.1689897906,"28":0.230169002,"29":0.14909931,"30":0.2021862709,"31":0.1420206768,"32":0.2637160565,"33":0.1949248608,"34":0.1955384322,"35":0.2633358943,"36":0.209279754,"37":0.1461418039,"38":0.1505127908,"39":0.1620960371,"40":0.230145985,"41":0.1537321576,"42":0.161626052,"43":0.163068377,"44":0.2768396157,"45":0.1955330121,"46":0.1693277396,"47":0.1790708056,"48":0.3012732538,"49":0.2215169818},"avg_acc_val":{"0":0.8971110582,"1":0.9219462872,"2":0.9310694933,"3":0.9488089681,"4":0.9457678795,"5":0.9219462872,"6":0.9371516109,"7":0.9391789436,"8":0.9483020902,"9":0.9356310368,"10":0.9401926398,"11":0.9493157864,"12":0.9371516109,"13":0.933603704,"14":0.944247365,"15":0.9295489192,"16":0.9559047818,"17":0.9346174002,"18":0.959959507,"19":0.9295489192,"20":0.9564116001,"21":0.9503294826,"22":0.9533705115,"23":0.9376584291,"24":0.9341105223,"25":0.9381652474,"26":0.9604663253,"27":0.9589458108,"28":0.9467815757,"29":0.9564116001,"30":0.9437405467,"31":0.9614800215,"32":0.9351242185,"33":0.9523568749,"34":0.9422200322,"35":0.9310694933,"36":0.944247365,"37":0.9640142322,"38":0.9584389925,"39":0.9528636932,"40":0.944247365,"41":0.9624937177,"42":0.9609732032,"43":0.959959507,"44":0.936644733,"45":0.9477952719,"46":0.959959507,"47":0.9548910856,"48":0.944247365,"49":0.9467815757},"device_type":{"0":"cuda","1":"cuda","2":"cuda","3":"cuda","4":"cuda","5":"cuda","6":"cuda","7":"cuda","8":"cuda","9":"cuda","10":"cuda","11":"cuda","12":"cuda","13":"cuda","14":"cuda","15":"cuda","16":"cuda","17":"cuda","18":"cuda","19":"cuda","20":"cuda","21":"cuda","22":"cuda","23":"cuda","24":"cuda","25":"cuda","26":"cuda","27":"cuda","28":"cuda","29":"cuda","30":"cuda","31":"cuda","32":"cuda","33":"cuda","34":"cuda","35":"cuda","36":"cuda","37":"cuda","38":"cuda","39":"cuda","40":"cuda","41":"cuda","42":"cuda","43":"cuda","44":"cuda","45":"cuda","46":"cuda","47":"cuda","48":"cuda","49":"cuda"}}