{"epoch":{"0":0,"1":1,"2":2,"3":3,"4":4,"5":5,"6":6,"7":7,"8":8,"9":9,"10":10,"11":11,"12":12,"13":13,"14":14,"15":15,"16":16,"17":17,"18":18,"19":19,"20":20,"21":21,"22":22,"23":23,"24":24},"avg_loss":{"0":0.6774733966,"1":0.2379012745,"2":0.2042324899,"3":0.1583856436,"4":0.1436015031,"5":0.13217262,"6":0.1133563931,"7":0.1042235592,"8":0.1071178394,"9":0.0997839289,"10":0.0892468228,"11":0.0844335904,"12":0.0651931833,"13":0.0780243129,"14":0.060941479,"15":0.0769258701,"16":0.0626097339,"17":0.0665725075,"18":0.0563085427,"19":0.0609545528,"20":0.0529551546,"21":0.0489829923,"22":0.040620628,"23":0.0468078025,"24":0.0479170433},"avg_acc":{"0":0.784653008,"1":0.9213842154,"2":0.9336091876,"3":0.9490314126,"4":0.9539213777,"5":0.9582471251,"6":0.9616324902,"7":0.965770185,"8":0.9614444375,"9":0.9685912728,"10":0.9721647501,"11":0.972540915,"12":0.9798758626,"13":0.9753620625,"14":0.9776189327,"15":0.9753620625,"16":0.9783712626,"17":0.9781831503,"18":0.9813804626,"19":0.9815685153,"20":0.98119241,"21":0.9842016101,"22":0.98645854,"23":0.98269701,"24":0.9838254452},"avg_loss_val":{"0":0.3113870076,"1":0.2339149592,"2":0.199835104,"3":0.1890842488,"4":0.1833335832,"5":0.1772682865,"6":0.1722882512,"7":0.1585850728,"8":0.1505806579,"9":0.1639170179,"10":0.1676438084,"11":0.1574369311,"12":0.1901309875,"13":0.1770331205,"14":0.1416208024,"15":0.1428621262,"16":0.1464121318,"17":0.1688593411,"18":0.1710866665,"19":0.1635338749,"20":0.1652072288,"21":0.1782176087,"22":0.1603610549,"23":0.175640397,"24":0.1543186109},"avg_acc_val":{"0":0.8922413588,"1":0.9238505363,"2":0.9315133691,"3":0.933429122,"4":0.9372605085,"5":0.9372605085,"6":0.952586174,"7":0.9497126341,"8":0.9454022646,"9":0.9506704807,"10":0.951149404,"11":0.9497126341,"12":0.944444418,"13":0.9439654946,"14":0.9506704807,"15":0.9564176202,"16":0.9530650973,"17":0.9530650973,"18":0.9545018673,"19":0.9492337108,"20":0.9554597735,"21":0.9434865713,"22":0.9545018673,"23":0.9492337108,"24":0.9506704807},"device_type":{"0":"cuda","1":"cuda","2":"cuda","3":"cuda","4":"cuda","5":"cuda","6":"cuda","7":"cuda","8":"cuda","9":"cuda","10":"cuda","11":"cuda","12":"cuda","13":"cuda","14":"cuda","15":"cuda","16":"cuda","17":"cuda","18":"cuda","19":"cuda","20":"cuda","21":"cuda","22":"cuda","23":"cuda","24":"cuda"}}