{"epoch":{"0":0,"1":1,"2":2,"3":3,"4":4,"5":5,"6":6,"7":7,"8":8,"9":9,"10":10,"11":11,"12":12,"13":13,"14":14,"15":15,"16":16,"17":17,"18":18,"19":19,"20":20,"21":21,"22":22,"23":23,"24":24,"25":25,"26":26,"27":27,"28":28,"29":29,"30":30,"31":31,"32":32,"33":33,"34":34,"35":35,"36":36,"37":37,"38":38,"39":39,"40":40,"41":41,"42":42,"43":43,"44":44,"45":45,"46":46,"47":47,"48":48,"49":49,"50":50,"51":51,"52":52,"53":53,"54":54,"55":55,"56":56,"57":57,"58":58,"59":59,"60":60,"61":61,"62":62,"63":63,"64":64,"65":65,"66":66,"67":67,"68":68,"69":69,"70":70,"71":71,"72":72,"73":73,"74":74,"75":75,"76":76,"77":77,"78":78,"79":79,"80":80,"81":81,"82":82,"83":83,"84":84,"85":85,"86":86,"87":87,"88":88,"89":89,"90":90,"91":91,"92":92,"93":93,"94":94,"95":95,"96":96,"97":97,"98":98,"99":99},"avg_loss":{"0":0.5053066205,"1":0.2875700706,"2":0.2216949364,"3":0.1830263165,"4":0.1605844393,"5":0.1261066405,"6":0.1241406601,"7":0.1159536982,"8":0.1127587164,"9":0.0856535805,"10":0.122994208,"11":0.0973593247,"12":0.0822836478,"13":0.0889956618,"14":0.0866150572,"15":0.0752398672,"16":0.0774615477,"17":0.0705604085,"18":0.0690272133,"19":0.0532943025,"20":0.0609038111,"21":0.0549853258,"22":0.0610644849,"23":0.0559912996,"24":0.0571584281,"25":0.0565531299,"26":0.0427511002,"27":0.0433232136,"28":0.0496634126,"29":0.0366728197,"30":0.0462428702,"31":0.042898059,"32":0.0435602003,"33":0.0368681931,"34":0.0458240133,"35":0.0492531757,"36":0.0384683204,"37":0.0399194685,"38":0.0442607115,"39":0.0457416038,"40":0.0488566681,"41":0.0440146584,"42":0.0575329562,"43":0.0358738183,"44":0.0413471236,"45":0.0270553764,"46":0.0304520712,"47":0.0463723487,"48":0.0371783414,"49":0.0190418761,"50":0.0385132598,"51":0.0350708857,"52":0.0403942703,"53":0.0421930699,"54":0.0401999537,"55":0.0413454071,"56":0.0373198274,"57":0.023432478,"58":0.0284493519,"59":0.0457096175,"60":0.0326984197,"61":0.0303166927,"62":0.0278325787,"63":0.0305859085,"64":0.021534098,"65":0.0223721561,"66":0.0270541531,"67":0.0308536528,"68":0.0353015056,"69":0.0295372336,"70":0.0223006669,"71":0.0530087221,"72":0.0205039351,"73":0.0244692753,"74":0.0336193937,"75":0.0283458238,"76":0.0347337048,"77":0.0293565044,"78":0.0225697528,"79":0.0216884321,"80":0.0206013924,"81":0.0419426987,"82":0.0365010041,"83":0.0125984732,"84":0.0237894202,"85":0.0280652177,"86":0.0301919475,"87":0.0261822094,"88":0.0232329592,"89":0.0205507281,"90":0.0300697787,"91":0.0334470279,"92":0.0274330665,"93":0.0258441895,"94":0.0184929924,"95":0.0283677475,"96":0.0256681422,"97":0.0204315768,"98":0.0226747061,"99":0.0304872476},"avg_acc":{"0":0.8371562958,"1":0.9090080261,"2":0.9292116165,"3":0.9427312613,"4":0.9532127976,"5":0.9586814642,"6":0.9632386565,"7":0.966732502,"8":0.9629348516,"9":0.9718973041,"10":0.9611119628,"11":0.9712896943,"12":0.9763025641,"13":0.9708339572,"14":0.9731125832,"15":0.9747835398,"16":0.9740239978,"17":0.9764544964,"18":0.9790369272,"19":0.9840497971,"20":0.9816192985,"21":0.9829864502,"22":0.9794926047,"23":0.9828345776,"24":0.9829864502,"25":0.9835941195,"26":0.986328423,"27":0.9875436425,"28":0.9849612713,"29":0.9892146587,"30":0.9861764908,"31":0.986328423,"32":0.9860246181,"33":0.9866322279,"34":0.9851131439,"35":0.9849612713,"36":0.9881513119,"37":0.9881513119,"38":0.9854169488,"39":0.9860246181,"40":0.9837459922,"41":0.9872398376,"42":0.9831383824,"43":0.9890627265,"44":0.9860246181,"45":0.9927085042,"46":0.9898222685,"47":0.9857208133,"48":0.9883031845,"49":0.9939237237,"50":0.9873917699,"51":0.9893665314,"52":0.9884551167,"53":0.9873917699,"54":0.9873917699,"55":0.9869360328,"56":0.9884551167,"57":0.9940756559,"58":0.9911894202,"59":0.9857208133,"60":0.9899741411,"61":0.9907336831,"62":0.9914932251,"63":0.99179703,"64":0.9936199188,"65":0.9931641817,"66":0.9911894202,"67":0.9902780056,"68":0.9889107943,"69":0.9898222685,"70":0.992556572,"71":0.9834421873,"72":0.9928603768,"73":0.9928603768,"74":0.9895184636,"75":0.9924046993,"76":0.9893665314,"77":0.9921008348,"78":0.9921008348,"79":0.992556572,"80":0.9931641817,"81":0.9873917699,"82":0.9899741411,"83":0.9963542223,"84":0.9914932251,"85":0.9908856153,"86":0.9914932251,"87":0.9916451573,"88":0.9914932251,"89":0.9940756559,"90":0.9922527671,"91":0.9887589216,"92":0.9930123091,"93":0.9914932251,"94":0.9939237237,"95":0.9916451573,"96":0.9913413525,"97":0.9936199188,"98":0.9924046993,"99":0.9892146587},"avg_loss_val":{"0":0.324760267,"1":0.1789121692,"2":0.1129060863,"3":0.1112109488,"4":0.1384084904,"5":0.0932879416,"6":0.1124957768,"7":0.0573424202,"8":0.0553442548,"9":0.0552374106,"10":0.1677412663,"11":0.0851600965,"12":0.0759059598,"13":0.0655027035,"14":0.0827557081,"15":0.047589998,"16":0.0701629351,"17":0.0372567022,"18":0.0499036901,"19":0.036313849,"20":0.0352519606,"21":0.0252217695,"22":0.0476012977,"23":0.0211341398,"24":0.0234887599,"25":0.0393899313,"26":0.0305432072,"27":0.0233604038,"28":0.0637916231,"29":0.0435527306,"30":0.0400939169,"31":0.0500557414,"32":0.0639146477,"33":0.0430114729,"34":0.0294358407,"35":0.0359933462,"36":0.0265348536,"37":0.0219613059,"38":0.0383864437,"39":0.0317951067,"40":0.0592779245,"41":0.0173098202,"42":0.0312204193,"43":0.0208789483,"44":0.025549867,"45":0.0188721169,"46":0.0245014647,"47":0.022205536,"48":0.0365025615,"49":0.0179478112,"50":0.0560534606,"51":0.0242399996,"52":0.0393350565,"53":0.0241458681,"54":0.0645925929,"55":0.0285915316,"56":0.0342957399,"57":0.0125004365,"58":0.0593883238,"59":0.0084098025,"60":0.0185123395,"61":0.02297075,"62":0.017684289,"63":0.0106564246,"64":0.0123017447,"65":0.0196488904,"66":0.0240521077,"67":0.0146511217,"68":0.0415839951,"69":0.0323042874,"70":0.01571767,"71":0.0217322808,"72":0.0109465976,"73":0.0151609938,"74":0.0237613867,"75":0.0120929587,"76":0.0260196245,"77":0.0459021843,"78":0.0178570504,"79":0.0334697791,"80":0.01314783,"81":0.0380213124,"82":0.0125424488,"83":0.0055017582,"84":0.0381026904,"85":0.0262647177,"86":0.0084208072,"87":0.0206395653,"88":0.0078808766,"89":0.0057428078,"90":0.0457443329,"91":0.0653066372,"92":0.0331667329,"93":0.0192265017,"94":0.0060293942,"95":0.0084862155,"96":0.0113538952,"97":0.0078337513,"98":0.0670409993,"99":0.0162587316},"avg_acc_val":{"0":0.8970000148,"1":0.9440000653,"2":0.959000051,"3":0.9640000463,"4":0.9600000381,"5":0.9730000496,"6":0.9660000205,"7":0.9790000319,"8":0.9840000272,"9":0.9820000529,"10":0.9420000315,"11":0.9680000544,"12":0.9780000448,"13":0.9800000191,"14":0.9740000367,"15":0.9840000272,"16":0.9770000577,"17":0.9880000353,"18":0.9850000739,"19":0.9910000563,"20":0.9890000224,"21":0.9910000563,"22":0.9830000401,"23":0.9940000176,"24":0.9910000563,"25":0.986000061,"26":0.9880000353,"27":0.9950000644,"28":0.9800000191,"29":0.9830000401,"30":0.9890000224,"31":0.9870000482,"32":0.9800000191,"33":0.986000061,"34":0.9890000224,"35":0.9850000739,"36":0.9890000224,"37":0.9930000305,"38":0.9880000353,"39":0.9890000224,"40":0.9770000577,"41":0.9960000515,"42":0.9910000563,"43":0.9930000305,"44":0.9920000434,"45":0.9940000176,"46":0.9920000434,"47":0.9950000644,"48":0.9870000482,"49":0.9940000176,"50":0.9810000658,"51":0.9930000305,"52":0.9890000224,"53":0.9930000305,"54":0.9770000577,"55":0.9900000691,"56":0.9910000563,"57":0.9980000257,"58":0.9800000191,"59":0.9980000257,"60":0.9960000515,"61":0.9930000305,"62":0.9940000176,"63":0.9970000386,"64":0.9970000386,"65":0.9930000305,"66":0.9910000563,"67":0.9960000515,"68":0.9910000563,"69":0.9880000353,"70":0.9940000176,"71":0.9920000434,"72":0.9960000515,"73":0.9940000176,"74":0.9920000434,"75":0.9970000386,"76":0.9920000434,"77":0.9910000563,"78":0.9930000305,"79":0.9880000353,"80":0.9960000515,"81":0.9850000739,"82":0.9970000386,"83":1.0,"84":0.9880000353,"85":0.9890000224,"86":0.9980000257,"87":0.9920000434,"88":0.9970000386,"89":0.9980000257,"90":0.9850000739,"91":0.9830000401,"92":0.9920000434,"93":0.9920000434,"94":0.9990000725,"95":0.9980000257,"96":0.9970000386,"97":0.9980000257,"98":0.9830000401,"99":0.9950000644},"image_size":{"0":256,