{"epoch":{"0":0,"1":1,"2":2,"3":3,"4":4,"5":5,"6":6,"7":7,"8":8,"9":9,"10":10,"11":11,"12":12,"13":13,"14":14,"15":15,"16":16,"17":17,"18":18,"19":19,"20":20,"21":21,"22":22,"23":23,"24":24,"25":25,"26":26,"27":27,"28":28,"29":29,"30":30,"31":31,"32":32,"33":33,"34":34,"35":35,"36":36,"37":37,"38":38,"39":39,"40":40,"41":41,"42":42,"43":43,"44":44,"45":45,"46":46,"47":47,"48":48,"49":49,"50":50,"51":51,"52":52,"53":53,"54":54,"55":55,"56":56,"57":57,"58":58,"59":59,"60":60,"61":61,"62":62,"63":63,"64":64,"65":65,"66":66,"67":67,"68":68,"69":69,"70":70,"71":71,"72":72,"73":73,"74":74,"75":75,"76":76,"77":77,"78":78,"79":79,"80":80,"81":81,"82":82,"83":83,"84":84,"85":85,"86":86,"87":87,"88":88,"89":89,"90":90,"91":91,"92":92,"93":93,"94":94,"95":95,"96":96,"97":97,"98":98,"99":99},"avg_loss":{"0":0.5078241277,"1":0.2904072887,"2":0.2918208105,"3":0.2614788589,"4":0.2328498023,"5":0.2507225103,"6":0.2104609155,"7":0.1895308061,"8":0.1935875146,"9":0.1632083621,"10":0.1906603204,"11":0.1958802992,"12":0.1673138716,"13":0.1533326047,"14":0.1731901638,"15":0.1662892671,"16":0.1522625167,"17":0.1562722489,"18":0.1367610579,"19":0.1633787829,"20":0.1305092197,"21":0.1484902024,"22":0.1556262191,"23":0.1543162084,"24":0.1292648944,"25":0.1408471853,"26":0.1361336775,"27":0.1115057117,"28":0.1374034679,"29":0.1262385137,"30":0.1308832289,"31":0.1271892766,"32":0.1268182117,"33":0.1377427615,"34":0.1155290181,"35":0.1090153357,"36":0.1086186895,"37":0.1095969057,"38":0.0971847282,"39":0.1124368983,"40":0.0958498205,"41":0.1292741689,"42":0.1009612929,"43":0.1030792226,"44":0.1065739355,"45":0.112906003,"46":0.1027747878,"47":0.1230681037,"48":0.1030450888,"49":0.109102368,"50":0.0887544193,"51":0.1059176895,"52":0.1156328195,"53":0.11857513,"54":0.1148415541,"55":0.1032815426,"56":0.0901057,"57":0.1037801138,"58":0.0826601067,"59":0.0983118146,"60":0.0914799239,"61":0.1039850269,"62":0.1042224836,"63":0.0838741844,"64":0.0974869511,"65":0.0941032758,"66":0.0919118123,"67":0.0918727721,"68":0.0958185224,"69":0.0797379372,"70":0.0859545203,"71":0.1076612052,"72":0.0954626726,"73":0.0862410563,"74":0.0819620858,"75":0.0880462742,"76":0.0817844919,"77":0.1003030675,"78":0.1084525119,"79":0.0867736896,"80":0.0899786194,"81":0.0948432185,"82":0.0904503631,"83":0.0791889467,"84":0.0890120039,"85":0.0878037791,"86":0.0778492721,"87":0.0928629009,"88":0.0777793229,"89":0.0769385457,"90":0.0949773503,"91":0.0805916107,"92":0.0807481327,"93":0.0783845747,"94":0.0968750312,"95":0.1048383033,"96":0.1008175754,"97":0.0882819803,"98":0.0730116615,"99":0.0837189095},"avg_acc":{"0":0.8319927151,"1":0.9093944453,"2":0.9093944453,"3":0.9142510244,"4":0.9266960085,"5":0.9239641827,"6":0.9324631962,"7":0.9400516012,"8":0.9391409926,"9":0.9494612233,"10":0.9339808772,"11":0.939748065,"12":0.9488541509,"13":0.9512824404,"14":0.9443011079,"15":0.9467293975,"16":0.9518895128,"17":0.9531036576,"18":0.95371073,"19":0.9470329337,"20":0.9594779177,"21":0.9497647594,"22":0.9509789042,"23":0.9534071938,"24":0.9597814539,"25":0.95371073,"26":0.9588708453,"27":0.9676733951,"28":0.9555319472,"29":0.9585673092,"30":0.9573531644,"31":0.9609955987,"32":0.9612991349,"33":0.9570496282,"34":0.9631203521,"35":0.9655486417,"36":0.9661557141,"37":0.9628168159,"38":0.9688875398,"39":0.9612991349,"40":0.9649415693,"41":0.9603885263,"42":0.9676733951,"43":0.9640309607,"44":0.9640309607,"45":0.9658521779,"46":0.969191076,"47":0.9597814539,"48":0.9661557141,"49":0.9646380331,"50":0.9719229018,"51":0.9625132797,"52":0.9625132797,"53":0.9619062073,"54":0.9643344969,"55":0.9640309607,"56":0.9679769312,"57":0.9676733951,"58":0.973744119,"59":0.9679769312,"60":0.9667627865,"61":0.9676733951,"62":0.9643344969,"63":0.9694946122,"64":0.9697981484,"65":0.9688875398,"66":0.9713158294,"67":0.972226438,"68":0.9670663227,"69":0.9764759448,"70":0.9725299742,"71":0.9646380331,"72":0.9670663227,"73":0.972226438,"74":0.9728335104,"75":0.9725299742,"76":0.9734405828,"77":0.9661557141,"78":0.9685840036,"79":0.9734405828,"80":0.9704052208,"81":0.9731370466,"82":0.9713158294,"83":0.9743511914,"84":0.9740476552,"85":0.9728335104,"86":0.9758688724,"87":0.9670663227,"88":0.976779481,"89":0.976779481,"90":0.9697981484,"91":0.9731370466,"92":0.9752618,"93":0.9752618,"94":0.9685840036,"95":0.9667627865,"96":0.9673698589,"97":0.9713158294,"98":0.9773865533,"99":0.9725299742},"avg_loss_val":{"0":0.1234890747,"1":0.1489763451,"2":0.1109079814,"3":0.2691783857,"4":0.0622000861,"5":0.0822718728,"6":0.0641522312,"7":0.0435907817,"8":0.1108888459,"9":0.0350323868,"10":0.074553299,"11":0.0722309303,"12":0.0626705503,"13":0.0443330121,"14":0.040422914,"15":0.0981303811,"16":0.052486074,"17":0.0704764867,"18":0.0476213574,"19":0.044542377,"20":0.0323183727,"21":0.0553277969,"22":0.1058028531,"23":0.032066927,"24":0.0121778154,"25":0.0463048935,"26":0.009212904,"27":0.0064496946,"28":0.0056145144,"29":0.0900956333,"30":0.0209658837,"31":0.0153550386,"32":0.0260092974,"33":0.01251966,"34":0.0103062415,"35":0.0192578101,"36":0.0059492874,"37":0.0169102764,"38":0.0056608057,"39":0.0168893814,"40":0.0115287018,"41":0.0037451696,"42":0.0038780499,"43":0.0097456264,"44":0.0129343486,"45":0.0067213583,"46":0.0056732607,"47":0.005499723,"48":0.0305416441,"49":0.0071465158,"50":0.0164202976,"51":0.0053153324,"52":0.0117359924,"53":0.0168089247,"54":0.0206546712,"55":0.0159531331,"56":0.0071750927,"57":0.0026997042,"58":0.0025610971,"59":0.0030778217,"60":0.0487683582,"61":0.0839026403,"62":0.0083503628,"63":0.0025464678,"64":0.003006978,"65":0.01897995,"66":0.0061580038,"67":0.0023373413,"68":0.010216465,"69":0.0387371111,"70":0.0013492107,"71":0.008146553,"72":0.0569899845,"73":0.0028809977,"74":0.0368652916,"75":0.0100015736,"76":0.003273797,"77":0.002686038,"78":0.0064145899,"79":0.0013840151,"80":0.0036289835,"81":0.0241636562,"82":0.002242918,"83":0.0040414906,"84":0.0223905802,"85":0.0026941395,"86":0.0014245701,"87":0.007755022,"88":0.0098508215,"89":0.0073497486,"90":0.0044652081,"91":0.00301579,"92":0.0012632322,"93":0.0076625204,"94":0.0021611738,"95":0.004902091,"96":0.0366043973,"97":0.0089121723,"98":0.0194420934,"99":0.0016452265},"avg_acc_val":{"0":0.98,"1":0.96,"2":0.96,"3":0.95,"4":0.98,"5":0.96,"6":0.98,"7":0.99,"8":0.95,"9":0.99,"10":0.98,"11":0.98,"12":0.99,"13":0.99,"14":0.98,"15":0.96,"16":0.98,"17":0.97,"18":0.99,"19":0.98,"20":0.99,"21":0.97,"22":0.98,"23":0.99,"24":0.99,"25":0.99,"26":1.0,"27":1.0,"28":1.0,"29":0.98,"30":0.99,"31":0.99,"32":0.99,"33":1.0,"34":1.0,"35":0.99,"36":1.0,"37":0.99,"38":1.0,"39":0.99,"40":0.99,"41":1.0,"42":1.0,"43":1.0,"44":1.0,"45":1.0,"46":1.0,"47":1.0,"48":0.98,"49":1.0,"50":0.99,"51":1.0,"52":0.99,"53":1.0,"54":0.99,"55":0.99,"56":1.0,"57":1.0,"58":1.0,"59":1.0,"60":0.99,"61":0.98,"62":1.0,"63":1.0,"64":1.0,"65":0.99,"66":1.0,"67":1.0,"68":1.0,"69":0.97,"70":1.0,"71":1.0,"72":0.99,"73":1.0,"74":0.99,"75":0.99,"76":1.0,"77":1.0,"78":1.0,"79":1.0,"80":1.0,"81":0.98,"82":1.0,"83":1.0,"84":0.99,"85":1.0,"86":1.0,"87":1.0,"88":1.0,"89":1.0,"90":1.0,"91":1.0,"92":1.0,"93":1.0,"94":1.0,"95":1.0,"96":0.99,"97":1.0,"98":0.99,"99":1.0},"device":{"0":"cuda:0","1":"cuda:0","2":"cuda:0","3":"cuda:0","4":"cuda:0","5":"cuda:0","6":"cuda:0","7":"cuda:0","8":"cuda:0","9":"cuda:0","10":"cuda:0","11":"cuda:0","12":"cuda:0","13":"cuda:0","14":"cuda:0","15":"cuda:0","16":"cuda:0","17":"cuda:0","18":"cuda:0","19":"cuda:0","20":"cuda:0","21":"cuda:0","22":"cuda:0","23":"cuda:0","24":"cuda:0","25":"cuda:0","26":"cuda:0","27":"cuda:0","28":"cuda:0","29":"cuda:0","30":"cuda:0","31":"cuda:0","32":"cuda:0","33":"cuda:0","34":"cuda:0","35":"cuda:0","36":"cuda:0","37":"cuda:0","38":"cuda:0","39":"cuda:0","40":"cuda:0","41":"cuda:0","42":"cuda:0","43":"cuda:0","44":"cuda:0","45":"cuda:0","46":"cuda:0","47":"cuda:0","48":"cuda:0","49":"cuda:0","50":"cuda:0","51":"cuda:0","52":"cuda:0","53":"cuda:0","54":"cuda:0","55":"cuda:0","56":"cuda:0","57":"cuda:0","58":"cuda:0","59":"cuda:0","60":"cuda:0","61":"cuda:0","62":"cuda:0",