{"epoch":{"0":0,"1":1,"2":2,"3":3,"4":4,"5":5,"6":6,"7":7,"8":8,"9":9,"10":10,"11":11,"12":12,"13":13,"14":14,"15":15,"16":16,"17":17,"18":18,"19":19,"20":20,"21":21,"22":22,"23":23,"24":24,"25":25,"26":26,"27":27,"28":28,"29":29,"30":30,"31":31,"32":32,"33":33,"34":34,"35":35,"36":36,"37":37,"38":38,"39":39,"40":40,"41":41,"42":42,"43":43,"44":44,"45":45,"46":46,"47":47,"48":48,"49":49,"50":50,"51":51,"52":52,"53":53,"54":54,"55":55,"56":56,"57":57,"58":58,"59":59,"60":60,"61":61,"62":62,"63":63,"64":64,"65":65,"66":66,"67":67,"68":68,"69":69,"70":70,"71":71,"72":72,"73":73,"74":74,"75":75,"76":76,"77":77,"78":78,"79":79,"80":80,"81":81,"82":82,"83":83,"84":84,"85":85,"86":86,"87":87,"88":88,"89":89,"90":90,"91":91,"92":92,"93":93,"94":94,"95":95,"96":96,"97":97,"98":98,"99":99},"avg_loss":{"0":1.2387065086,"1":0.8266256376,"2":0.6774355277,"3":0.5779400149,"4":0.5031300938,"5":0.4812039561,"6":0.4106917456,"7":0.3901215907,"8":0.3241297313,"9":0.3170121468,"10":0.3013283747,"11":0.2686999366,"12":0.2541416857,"13":0.2424223444,"14":0.2400808547,"15":0.2250592926,"16":0.2129631247,"17":0.205877784,"18":0.19826992,"19":0.187343605,"20":0.1742983857,"21":0.1559595374,"22":0.1685089572,"23":0.1564074539,"24":0.1588477794,"25":0.3173488883,"26":0.2080216055,"27":0.1908440136,"28":0.1715795837,"29":0.1563905244,"30":0.1446422879,"31":0.1182168513,"32":0.1155857536,"33":0.1207681983,"34":0.0990545407,"35":0.0975304204,"36":0.1000907579,"37":0.0890298626,"38":0.093828527,"39":0.0818388534,"40":0.0754588652,"41":0.0634260742,"42":0.0550783418,"43":0.0670759595,"44":0.0755719064,"45":0.0535268412,"46":0.078275509,"47":0.0686816735,"48":0.0631496283,"49":0.0616328768,"50":0.1652532461,"51":0.1036703989,"52":0.0987982609,"53":0.0834960094,"54":0.0818408333,"55":0.0742039153,"56":0.0510952184,"57":0.0607050275,"58":0.0521881834,"59":0.0573343175,"60":0.0453450512,"61":0.0463277866,"62":0.0396180315,"63":0.0468900518,"64":0.0487487833,"65":0.0382012306,"66":0.0408563586,"67":0.0244784765,"68":0.0222470018,"69":0.0354498515,"70":0.0258422165,"71":0.0224209316,"72":0.0222940982,"73":0.0383594023,"74":0.0329163449,"75":0.1663312463,"76":0.1051338847,"77":0.0910271341,"78":0.082704491,"79":0.0542415014,"80":0.0652016251,"81":0.0708778015,"82":0.0519284104,"83":0.0534321446,"84":0.0428801201,"85":0.0450555465,"86":0.0542224006,"87":0.0353507754,"88":0.028619997,"89":0.0421186383,"90":0.0417071803,"91":0.0257569628,"92":0.0349049618,"93":0.0264421026,"94":0.0210779127,"95":0.0388706711,"96":0.0222198893,"97":0.0280828705,"98":0.0290989,"99":0.0212054782},"avg_acc":{"0":0.5842320919,"1":0.7248974442,"2":0.7800394893,"3":0.8122436404,"4":0.8341181874,"5":0.8439921141,"6":0.8672337532,"7":0.8771076798,"8":0.896399796,"9":0.9000455737,"10":0.9058179855,"11":0.9132614136,"12":0.9193376899,"13":0.9207048416,"14":0.9234391451,"15":0.9273887277,"16":0.9348321557,"17":0.9389336109,"18":0.9403007627,"19":0.9428831935,"20":0.9460732341,"21":0.9516937733,"22":0.9497189522,"23":0.9533647299,"24":0.9497189522,"25":0.8992860317,"26":0.9308825731,"27":0.9413641095,"28":0.944098413,"29":0.9486556053,"30":0.9541242719,"31":0.9614157677,"32":0.9638462663,"33":0.9617195725,"34":0.9708339572,"35":0.9684034586,"36":0.9688591957,"37":0.9722011089,"38":0.9684034586,"39":0.9746316075,"40":0.9766064286,"41":0.978884995,"42":0.9838979244,"43":0.978125453,"44":0.9732644558,"45":0.9826826453,"46":0.9761506915,"47":0.9782773852,"48":0.9802521467,"49":0.9811636209,"50":0.9453136921,"51":0.9653653502,"52":0.9684034586,"53":0.9718973041,"54":0.9723530412,"55":0.9766064286,"56":0.9845055342,"57":0.9823788404,"58":0.9834421873,"59":0.9829864502,"60":0.9852650762,"61":0.9866322279,"62":0.9879993796,"63":0.984809339,"64":0.9857208133,"65":0.987847507,"66":0.9854169488,"67":0.9924046993,"68":0.9936199188,"69":0.9902780056,"70":0.9921008348,"71":0.9933161139,"72":0.9930123091,"73":0.9879993796,"74":0.9904298782,"75":0.9453136921,"76":0.9662767649,"77":0.9703782201,"78":0.9709858894,"79":0.9823788404,"80":0.9776697755,"81":0.978125453,"82":0.9837459922,"83":0.9820750356,"84":0.9866322279,"85":0.9876955748,"86":0.9822269678,"87":0.9889107943,"88":0.9904298782,"89":0.9875436425,"90":0.9873917699,"91":0.9913413525,"92":0.9886069894,"93":0.9911894202,"94":0.9945313334,"95":0.9879993796,"96":0.9936199188,"97":0.992556572,"98":0.991037488,"99":0.9933161139},"avg_loss_val":{"0":0.8575992177,"1":0.8127499975,"2":0.6255943272,"3":0.52586388,"4":0.5062613843,"5":0.421338514,"6":0.395122233,"7":0.2491585603,"8":0.3023181835,"9":0.4254533407,"10":0.2533234229,"11":0.2024324165,"12":0.204416624,"13":0.1914434277,"14":0.3030030278,"15":0.228108956,"16":0.1810535402,"17":0.1885827918,"18":0.1584484858,"19":0.1273982582,"20":0.1458986638,"21":0.1797765025,"22":0.1429452926,"23":0.090721536,"24":0.1414333074,"25":0.2217038646,"26":0.1843288955,"27":0.1572246251,"28":0.1751697834,"29":0.1121085565,"30":0.1015192536,"31":0.1015059685,"32":0.0773687348,"33":0.0859050596,"34":0.0682298223,"35":0.0889194731,"36":0.0753865137,"37":0.0834397019,"38":0.0660411633,"39":0.0630024476,"40":0.0530895648,"41":0.0814638378,"42":0.0314415711,"43":0.0600865363,"44":0.0918306087,"45":0.0539311347,"46":0.0653961637,"47":0.042883579,"48":0.0653384208,"49":0.1012914945,"50":0.1073517175,"51":0.0932501896,"52":0.0400992493,"53":0.0440223011,"54":0.1293292731,"55":0.0851357893,"56":0.0412661814,"57":0.0684680871,"58":0.0375741928,"59":0.0289974067,"60":0.0177049823,"61":0.1139097004,"62":0.0251110807,"63":0.0347630879,"64":0.0181052299,"65":0.0206640669,"66":0.0213722148,"67":0.0167877496,"68":0.0243523756,"69":0.0224877583,"70":0.0278152389,"71":0.0231966225,"72":0.0251624853,"73":0.0331921949,"74":0.0193740774,"75":0.0871382349,"76":0.0919197763,"77":0.0566177411,"78":0.0632810234,"79":0.0839348525,"80":0.0558652215,"81":0.0429054101,"82":0.0291861605,"83":0.0394478317,"84":0.0137498174,"85":0.0246466479,"86":0.0390991557,"87":0.0343569188,"88":0.0072485463,"89":0.1119220914,"90":0.0243081876,"91":0.012639827,"92":0.0335368487,"93":0.0183948198,"94":0.010604924,"95":0.0192349402,"96":0.0194557064,"97":0.0140319739,"98":0.0218396205,"99":0.0247764484},"avg_acc_val":{"0":0.7030000091,"1":0.7310000062,"2":0.7940000296,"3":0.8330000639,"4":0.8250000477,"5":0.8710000515,"6":0.8770000339,"7":0.9200000167,"8":0.9060000181,"9":0.8720000386,"10":0.9130000472,"11":0.9310000539,"12":0.9280000329,"13":0.9440000653,"14":0.908000052,"15":0.9270000458,"16":0.9470000267,"17":0.9430000186,"18":0.9540000558,"19":0.9550000429,"20":0.9520000219,"21":0.9480000734,"22":0.9520000219,"23":0.9730000496,"24":0.9550000429,"25":0.9240000248,"26":0.9370000362,"27":0.9400000572,"28":0.9550000429,"29":0.9650000334,"30":0.9690000415,"31":0.9690000415,"32":0.9740000367,"33":0.9760000706,"34":0.9800000191,"35":0.9690000415,"36":0.9780000448,"37":0.9690000415,"38":0.9780000448,"39":0.9800000191,"40":0.9830000401,"41":0.9730000496,"42":0.9890000224,"43":0.9830000401,"44":0.9770000577,"45":0.9820000529,"46":0.9770000577,"47":0.9830000401,"48":0.9790000319,"49":0.9660000205,"50":0.9630000591,"51":0.9660000205,"52":0.9910000563,"53":0.9840000272,"54":0.9610000253,"55":0.9700000286,"56":0.986000061,"57":0.9820000529,"58":0.9890000224,"59":0.9890000224,"60":0.9950000644,"61":0.9650000334,"62":0.9920000434,"63":0.9880000353,"64":0.9950000644,"65":0.9940000176,"66":0.9960000515,"67":0.9960000515,"68":0.9920000434,"69":0.9910000563,"70":0.9900000691,"71":0.9940000176,"72":0.9920000434,"73":0.9900000691,"74":0.9940000176,"75":0.9750000238,"76":0.9720000625,"77":0.9850000739,"78":0.9810000658,"79":0.9700000286,"80":0.9840000272,"81":0.9870000482,"82":0.9930000305,"83":0.9880000353,"84":0.9990000725,"85":0.9930000305,"86":0.9890000224,"87":0.9900000691,"88":0.9980000257,"89":0.9680000544,"90":0.9910000563,"91":0.9950000644,"92":0.9910000563,"93":0.9920000434,"94":0.9970000386,"95":0.9940000176,"96":0.9930000305,"97":0.9950000644,"98":0.9930000305,"99":0.9950000644},"image_size":{"0":64,