{"epoch":{"0":0,"1":1,"2":2,"3":3,"4":4,"5":5,"6":6,"7":7,"8":8,"9":9,"10":10,"11":11,"12":12,"13":13,"14":14,"15":15,"16":16,"17":17,"18":18,"19":19,"20":20,"21":21,"22":22,"23":23,"24":24,"25":25,"26":26,"27":27,"28":28,"29":29,"30":30,"31":31,"32":32,"33":33,"34":34,"35":35,"36":36,"37":37,"38":38,"39":39,"40":40,"41":41,"42":42,"43":43,"44":44,"45":45,"46":46,"47":47,"48":48,"49":49},"avg_loss":{"0":0.0505122201,"1":0.0618551001,"2":0.0574872582,"3":0.061031948,"4":0.0537364971,"5":0.0469747263,"6":0.05898005,"7":0.0576544317,"8":0.064823335,"9":0.0401705229,"10":0.020064464,"11":0.0115594875,"12":0.0101723076,"13":0.0093505886,"14":0.0114330701,"15":0.0070369945,"16":0.007888722,"17":0.004468042,"18":0.0084104584,"19":0.0064312183,"20":0.008251934,"21":0.0067423018,"22":0.0047469946,"23":0.0049660495,"24":0.006078427,"25":0.0041225887,"26":0.0056069631,"27":0.0060731777,"28":0.0072567414,"29":0.00809468,"30":0.005867389,"31":0.0033618234,"32":0.0057279722,"33":0.0054611813,"34":0.0049155898,"35":0.0057750676,"36":0.0050166945,"37":0.006689444,"38":0.0074983825,"39":0.0069828939,"40":0.0054269641,"41":0.0054565699,"42":0.004319605,"43":0.0082058194,"44":0.0035476197,"45":0.0063614758,"46":0.0036600991,"47":0.0055235974,"48":0.0047075335,"49":0.0045794787},"avg_acc":{"0":0.985194087,"1":0.9799919724,"2":0.9831932783,"3":0.9801920652,"4":0.9843937755,"5":0.9865946174,"6":0.9817926884,"7":0.9845938087,"8":0.9809923768,"9":0.9865946174,"10":0.9949979782,"11":0.9963985682,"12":0.9971988797,"13":0.9971988797,"14":0.9963985682,"15":0.9977990985,"16":0.9975990057,"17":0.9987995028,"18":0.9971988797,"19":0.9977990985,"20":0.9977990985,"21":0.9977990985,"22":0.9981992841,"23":0.9983993769,"24":0.9973989725,"25":0.9991996884,"26":0.9985994101,"27":0.9977990985,"28":0.9977990985,"29":0.9975990057,"30":0.9981992841,"31":0.9991996884,"32":0.9973989725,"33":0.9983993769,"34":0.9981992841,"35":0.9983993769,"36":0.9987995028,"37":0.9977990985,"38":0.9977990985,"39":0.9979991913,"40":0.9987995028,"41":0.9983993769,"42":0.9985994101,"43":0.9971988797,"44":0.9995998144,"45":0.9981992841,"46":0.9985994101,"47":0.9987995028,"48":0.9983993769,"49":0.9987995028},"avg_loss_val":{"0":0.2070282784,"1":0.2031902863,"2":0.2319635258,"3":0.1527855331,"4":0.1488665276,"5":0.1278297775,"6":0.1407935696,"7":0.1102616457,"8":0.1906110695,"9":0.1904312371,"10":0.1186651477,"11":0.138240743,"12":0.0966388849,"13":0.1236061736,"14":0.1159671374,"15":0.0927284066,"16":0.1171713277,"17":0.0922591348,"18":0.0928958728,"19":0.0979105536,"20":0.0942090923,"21":0.1194228325,"22":0.1079080538,"23":0.095355695,"24":0.0853148962,"25":0.1097938986,"26":0.0963196645,"27":0.1137217379,"28":0.1062739083,"29":0.1140593131,"30":0.1107284993,"31":0.1017292756,"32":0.1069820588,"33":0.0918523688,"34":0.0860077539,"35":0.1525076728,"36":0.1088566298,"37":0.1086552799,"38":0.1054494316,"39":0.099528107,"40":0.1041502309,"41":0.1170642156,"42":0.1071915306,"43":0.1293013723,"44":0.1203255118,"45":0.1037857056,"46":0.0812871646,"47":0.1123088493,"48":0.1200068012,"49":0.1248005443},"avg_acc_val":{"0":0.9418838024,"1":0.9408817887,"2":0.9408817887,"3":0.9569138288,"4":0.9619238377,"5":0.9669339061,"6":0.9569138288,"7":0.9659318924,"8":0.9498997927,"9":0.9509018064,"10":0.963927865,"11":0.9669339061,"12":0.9709419012,"13":0.9679358602,"14":0.9679358602,"15":0.9699398875,"16":0.9679358602,"17":0.9709419012,"18":0.9739478827,"19":0.9669339061,"20":0.97595191,"21":0.9669339061,"22":0.9679358602,"23":0.9689378738,"24":0.9709419012,"25":0.9709419012,"26":0.9749498963,"27":0.9719439149,"28":0.9719439149,"29":0.9699398875,"30":0.9659318924,"31":0.9709419012,"32":0.9669339061,"33":0.9699398875,"34":0.9769539237,"35":0.9629258513,"36":0.9709419012,"37":0.9719439149,"38":0.9709419012,"39":0.9739478827,"40":0.9669339061,"41":0.9699398875,"42":0.9679358602,"43":0.9709419012,"44":0.9669339061,"45":0.9719439149,"46":0.9749498963,"47":0.9679358602,"48":0.9729459286,"49":0.9669339061},"image_size":{"0":256,"1":256,"2":256,"3":256,"4":256,"5":256,"6":256,"7":256,"8":256,"9":256,"10":256,"11":256,"12":256,"13":256,"14":256,"15":256,"16":256,"17":256,"18":256,"19":256,"20":256,"21":256,"22":256,"23":256,"24":256,"25":256,"26":256,"27":256,"28":256,"29":256,"30":256,"31":256,"32":256,"33":256,"34":256,"35":256,"36":256,"37":256,"38":256,"39":256,"40":256,"41":256,"42":256,"43":256,"44":256,"45":256,"46":256,"47":256,"48":256,"49":256},"device":{"0":"cuda:0","1":"cuda:0","2":"cuda:0","3":"cuda:0","4":"cuda:0","5":"cuda:0","6":"cuda:0","7":"cuda:0","8":"cuda:0","9":"cuda:0","10":"cuda:0","11":"cuda:0","12":"cuda:0","13":"cuda:0","14":"cuda:0","15":"cuda:0","16":"cuda:0","17":"cuda:0","18":"cuda:0","19":"cuda:0","20":"cuda:0","21":"cuda:0","22":"cuda:0","23":"cuda:0","24":"cuda:0","25":"cuda:0","26":"cuda:0","27":"cuda:0","28":"cuda:0","29":"cuda:0","30":"cuda:0","31":"cuda:0","32":"cuda:0","33":"cuda:0","34":"cuda:0","35":"cuda:0","36":"cuda:0","37":"cuda:0","38":"cuda:0","39":"cuda:0","40":"cuda:0","41":"cuda:0","42":"cuda:0","43":"cuda:0","44":"cuda:0","45":"cuda:0","46":"cuda:0","47":"cuda:0","48":"cuda:0","49":"cuda:0"},"model":{"0":"vgg16_gen","1":"vgg16_gen","2":"vgg16_gen","3":"vgg16_gen","4":"vgg16_gen","5":"vgg16_gen","6":"vgg16_gen","7":"vgg16_gen","8":"vgg16_gen","9":"vgg16_gen","10":"vgg16_gen","11":"vgg16_gen","12":"vgg16_gen","13":"vgg16_gen","14":"vgg16_gen","15":"vgg16_gen","16":"vgg16_gen","17":"vgg16_gen","18":"vgg16_gen","19":"vgg16_gen","20":"vgg16_gen","21":"vgg16_gen","22":"vgg16_gen","23":"vgg16_gen","24":"vgg16_gen","25":"vgg16_gen","26":"vgg16_gen","27":"vgg16_gen","28":"vgg16_gen","29":"vgg16_gen","30":"vgg16_gen","31":"vgg16_gen","32":"vgg16_gen","33":"vgg16_gen","34":"vgg16_gen","35":"vgg16_gen","36":"vgg16_gen","37":"vgg16_gen","38":"vgg16_gen","39":"vgg16_gen","40":"vgg16_gen","41":"vgg16_gen","42":"vgg16_gen","43":"vgg16_gen","44":"vgg16_gen","45":"vgg16_gen","46":"vgg16_gen","47":"vgg16_gen","48":"vgg16_gen","49":"vgg16_gen"}}