{"epoch":{"0":0,"1":1,"2":2,"3":3,"4":4,"5":5,"6":6,"7":7,"8":8,"9":9,"10":10,"11":11,"12":12,"13":13,"14":14,"15":15,"16":16,"17":17,"18":18,"19":19,"20":20,"21":21,"22":22,"23":23,"24":24,"25":25,"26":26,"27":27,"28":28,"29":29,"30":30,"31":31,"32":32,"33":33,"34":34,"35":35,"36":36,"37":37,"38":38,"39":39,"40":40,"41":41,"42":42,"43":43,"44":44,"45":45,"46":46,"47":47,"48":48,"49":49,"50":50,"51":51,"52":52,"53":53,"54":54,"55":55,"56":56,"57":57,"58":58,"59":59,"60":60,"61":61,"62":62,"63":63,"64":64,"65":65,"66":66,"67":67,"68":68,"69":69,"70":70,"71":71,"72":72,"73":73,"74":74,"75":75,"76":76,"77":77,"78":78,"79":79,"80":80,"81":81,"82":82,"83":83,"84":84,"85":85,"86":86,"87":87,"88":88,"89":89,"90":90,"91":91,"92":92,"93":93,"94":94,"95":95,"96":96,"97":97,"98":98,"99":99},"avg_loss":{"0":0.4154069767,"1":0.3241919893,"2":0.2948668482,"3":0.2755430185,"4":0.2795818719,"5":0.259379451,"6":0.2677406136,"7":0.2412830303,"8":0.2424481356,"9":0.2296767031,"10":0.2329765346,"11":0.2220438978,"12":0.2093728818,"13":0.2113099525,"14":0.2261045108,"15":0.2172943875,"16":0.2167223732,"17":0.1973338264,"18":0.1928790353,"19":0.2084904237,"20":0.1883462327,"21":0.1793294552,"22":0.1967799726,"23":0.1776952281,"24":0.1814239958,"25":0.189964585,"26":0.1768165112,"27":0.1680417149,"28":0.1726420365,"29":0.1616691222,"30":0.1703027605,"31":0.1561022632,"32":0.15643891,"33":0.1588031393,"34":0.1499495479,"35":0.1705739026,"36":0.1519237234,"37":0.1458007535,"38":0.153182302,"39":0.1446564618,"40":0.1502526512,"41":0.1351142427,"42":0.1448304365,"43":0.1515579386,"44":0.138188774,"45":0.1441521612,"46":0.1392577702,"47":0.1447689135,"48":0.1422928291,"49":0.1277156959,"50":0.1298150893,"51":0.1375599966,"52":0.1311247588,"53":0.1242648757,"54":0.1304314244,"55":0.1295312822,"56":0.1315441903,"57":0.1309416462,"58":0.1275023374,"59":0.1249671613,"60":0.1367749498,"61":0.1244956838,"62":0.1215305774,"63":0.1152953785,"64":0.1166247806,"65":0.129584428,"66":0.1327395606,"67":0.1130090217,"68":0.1164544272,"69":0.103999112,"70":0.1168845552,"71":0.1190836059,"72":0.1062208036,"73":0.1140084563,"74":0.1221741077,"75":0.1138768508,"76":0.1037891487,"77":0.1049615263,"78":0.1078183488,"79":0.1228755292,"80":0.1067447748,"81":0.119642109,"82":0.0996590843,"83":0.1016887651,"84":0.1068822827,"85":0.0916039984,"86":0.1071922529,"87":0.1089933635,"88":0.1015703385,"89":0.1113580101,"90":0.1044910866,"91":0.1189598471,"92":0.1190524691,"93":0.0979959921,"94":0.0967226104,"95":0.1030320166,"96":0.0959444675,"97":0.0951254269,"98":0.0959298199,"99":0.0998244244},"avg_acc":{"0":0.8108339578,"1":0.8620062092,"2":0.8789208864,"3":0.8817043143,"4":0.8829889733,"5":0.8885558291,"6":0.8881276095,"7":0.8999036506,"8":0.8947650145,"9":0.9043999572,"10":0.9005459801,"11":0.909966813,"12":0.9136066802,"13":0.9142490097,"14":0.905898726,"15":0.9086821539,"16":0.9101809228,"17":0.9163901081,"18":0.9219569639,"19":0.9127502409,"20":0.9238839525,"21":0.9275238197,"22":0.9189594262,"23":0.9305213575,"24":0.9281661492,"25":0.9155336688,"26":0.9288084787,"27":0.9352317739,"28":0.9292366984,"29":0.9335188952,"30":0.9328765657,"31":0.9354458837,"32":0.9363023231,"33":0.9335188952,"34":0.9399421903,"35":0.9268814902,"36":0.9399421903,"37":0.939085751,"38":0.9375869821,"39":0.9401563002,"40":0.9392998608,"41":0.9429397281,"42":0.94037041,"43":0.9450808265,"44":0.9427256182,"45":0.9395139707,"46":0.945723156,"47":0.9418691789,"48":0.9405845199,"49":0.9510759019,"50":0.9489348036,"51":0.9452949363,"52":0.9467937052,"53":0.9517182315,"54":0.9495771331,"55":0.9461513757,"56":0.9474360347,"57":0.9463654855,"58":0.9504335724,"59":0.9485065839,"60":0.9465795953,"61":0.9487206937,"62":0.9530028905,"63":0.9553580987,"64":0.9538593298,"65":0.9495771331,"66":0.9495771331,"67":0.9538593298,"68":0.9525746708,"69":0.9587838561,"70":0.9564286479,"71":0.9555722085,"72":0.9609249545,"73":0.9579274168,"74":0.9532170003,"75":0.9555722085,"76":0.9592120758,"77":0.9592120758,"78":0.9545016594,"79":0.9497912429,"80":0.9572850872,"81":0.9525746708,"82":0.9592120758,"83":0.9594261856,"84":0.9579274168,"85":0.9643507119,"86":0.9581415266,"87":0.9579274168,"88":0.960282625,"89":0.9568568676,"90":0.960282625,"91":0.9512900118,"92":0.9521464511,"93":0.9604967348,"94":0.962851943,"95":0.9624237234,"96":0.960282625,"97":0.962851943,"98":0.9652071513,"99":0.9600685151},"avg_loss_val":{"0":0.2556204307,"1":0.265364765,"2":0.2604980083,"3":0.2359596404,"4":0.2336989445,"5":0.2242640805,"6":0.2299517299,"7":0.2595889823,"8":0.2431376922,"9":0.2448559199,"10":0.2397786202,"11":0.222450895,"12":0.2365592081,"13":0.2742383818,"14":0.2639660605,"15":0.2537235327,"16":0.2264892526,"17":0.2226878589,"18":0.2359255974,"19":0.2533464174,"20":0.2429997158,"21":0.2574940753,"22":0.2378786661,"23":0.279349716,"24":0.286016008,"25":0.2491764689,"26":0.269331891,"27":0.2587845742,"28":0.2441638337,"29":0.2678994399,"30":0.2576259469,"31":0.270337946,"32":0.2880031905,"33":0.291177755,"34":0.308935274,"35":0.2841661664,"36":0.2960337291,"37":0.2397178119,"38":0.2842478268,"39":0.321588391,"40":0.2773055387,"41":0.2893332761,"42":0.2835550419,"43":0.2956261335,"44":0.3144958043,"45":0.3137497066,"46":0.2979787287,"47":0.2932286414,"48":0.2768539952,"49":0.2974074896,"50":0.301823623,"51":0.3212298317,"52":0.2697208999,"53":0.2853924121,"54":0.2860402582,"55":0.3025139559,"56":0.3104824945,"57":0.3343799821,"58":0.3397798295,"59":0.2760106718,"60":0.3085596993,"61":0.3002552618,"62":0.3106061832,"63":0.2925273586,"64":0.3163217273,"65":0.3037262786,"66":0.3743342269,"67":0.3520171306,"68":0.3736885825,"69":0.3485377641,"70":0.3248283971,"71":0.3169635722,"72":0.4684867868,"73":0.3610813346,"74":0.339477148,"75":0.354658688,"76":0.3251477206,"77":0.3315160449,"78":0.3410533925,"79":0.3236798606,"80":0.2809148673,"81":0.3425222765,"82":0.3606810971,"83":0.3438217838,"84":0.3346203129,"85":0.3609968885,"86":0.3756541504,"87":0.3248027639,"88":0.3283308522,"89":0.330326486,"90":0.3644504167,"91":0.3432244305,"92":0.2890937333,"93":0.3283044394,"94":0.3183106421,"95":0.3531861314,"96":0.3579090153,"97":0.3242552146,"98":0.3778454056,"99":0.3337400013},"avg_acc_val":{"0":0.9029850746,"1":0.8965884861,"2":0.8912579957,"3":0.9040511727,"4":0.9136460554,"5":0.9115138593,"6":0.9125799574,"7":0.9019189765,"8":0.9051172708,"9":0.8997867804,"10":0.9029850746,"11":0.9189765458,"12":0.9136460554,"13":0.907249467,"14":0.9008528785,"15":0.9136460554,"16":0.9093816631,"17":0.9104477612,"18":0.9093816631,"19":0.9040511727,"20":0.9189765458,"21":0.9189765458,"22":0.9157782516,"23":0.9008528785,"24":0.8901918977,"25":0.9093816631,"26":0.908315565,"27":0.9061833689,"28":0.9104477612,"29":0.9051172708,"30":0.9093816631,"31":0.908315565,"32":0.8976545842,"33":0.907249467,"34":0.8997867804,"35":0.8997867804,"36":0.9008528785,"37":0.9147121535,"38":0.9008528785,"39":0.9008528785,"40":0.9104477612,"41":0.8997867804,"42":0.8933901919,"43":0.9019189765,"44":0.9040511727,"45":0.9008528785,"46":0.9115138593,"47":0.89445629,"48":0.908315565,"49":0.89445629,"50":0.8955223881,"51":0.907249467,"52":0.9189765458,"53":0.9104477612,"54":0.9104477612,"55":0.8933901919,"56":0.8965884861,"57":0.89445629,"58":0.8912579957,"59":0.9040511727,"60":0.9093816631,"61":0.9093816631,"62":0.9125799574,"63":0.9115138593,"64":0.8923240938,"65":0.9029850746,"66":0.9019189765,"67":0.8955223881,"68":0.9051172708,"69":0.9040511727,"70":0.8987206823,"71":0.908315565,"72":0.8848614072,"73":0.8923240938,"74":0.89445629,"75":0.8912579957,"76":0.9019189765,"77":0.89445629,"78":0.8976545842,"79":0.9061833689,"80":0.9093816631,"81":0.9040511727,"82":0.8965884861,"83":0.8997867804,"84":0.9040511727,"85":0.8965884861,"86":0.8912579957,"87":0.908315565,"88":0.9125799574,"89":0.9029850746,"90":0.9029850746,"91":0.9019189765,"92":0.9221748401,"93":0.9125799574,"94":0.907249467,"95":0.8987206823,"96":0.8923240938,"97":0.9019189765,"98":0.8837953092,"99":0.907249467},"device":{"0":"cuda:0","1":"cuda:0",