{"batch_size":{"0":8,"1":13,"2":21,"3":34,"4":55},"avg_loss_val":{"0":0.2399235146,"1":0.1773212026,"2":0.160619631,"3":0.1497542298,"4":0.153620893},"avg_acc_val":{"0":0.9429581364,"1":0.9554097586,"2":0.9581581089,"3":0.9618599216,"4":0.9591116044},"time":{"0":3781.6808319092,"1":3411.3272695541,"2":3386.4819560051,"3":3409.0265419483,"4":3426.6261415482}}