{"epoch":{"0":0,"1":1,"2":2,"3":3,"4":4,"5":5,"6":6,"7":7,"8":8,"9":9,"10":10,"11":11,"12":12,"13":13,"14":14,"15":15,"16":16,"17":17,"18":18,"19":19,"20":20,"21":21,"22":22,"23":23,"24":24,"25":25,"26":26,"27":27,"28":28,"29":29,"30":30,"31":31,"32":32,"33":33,"34":34,"35":35,"36":36,"37":37,"38":38,"39":39,"40":40,"41":41,"42":42,"43":43,"44":44,"45":45,"46":46,"47":47,"48":48,"49":49,"50":50,"51":51,"52":52,"53":53,"54":54,"55":55,"56":56,"57":57,"58":58,"59":59,"60":60,"61":61,"62":62,"63":63,"64":64,"65":65,"66":66,"67":67,"68":68,"69":69,"70":70,"71":71,"72":72,"73":73,"74":74,"75":75,"76":76,"77":77,"78":78,"79":79,"80":80,"81":81,"82":82,"83":83,"84":84,"85":85,"86":86,"87":87,"88":88,"89":89,"90":90,"91":91,"92":92,"93":93,"94":94,"95":95,"96":96,"97":97,"98":98,"99":99},"avg_loss":{"0":0.5308778305,"1":0.3023921508,"2":0.2524067581,"3":0.1825420484,"4":0.1725857145,"5":0.1282347555,"6":0.1250341929,"7":0.1294424853,"8":0.1048674596,"9":0.0925645809,"10":0.027831576,"11":0.0287025747,"12":0.0174322747,"13":0.0194997103,"14":0.0226550693,"15":0.0139036964,"16":0.0128952407,"17":0.0132677349,"18":0.0114085814,"19":0.0140884747,"20":0.0112086369,"21":0.016250711,"22":0.0110853623,"23":0.0132125566,"24":0.011470114,"25":0.0097187311,"26":0.0094911052,"27":0.0130549371,"28":0.0126543787,"29":0.0087657878,"30":0.0102120965,"31":0.0121661634,"32":0.0138781883,"33":0.0100198452,"34":0.0089796043,"35":0.0133205972,"36":0.0112228635,"37":0.014438387,"38":0.0096937837,"39":0.0092886025,"40":0.0099977712,"41":0.0099122467,"42":0.010015188,"43":0.0144744925,"44":0.0079410643,"45":0.0106858352,"46":0.0128778165,"47":0.0152192913,"48":0.0136744765,"49":0.0070579895,"50":0.0157817821,"51":0.0150534196,"52":0.0135026354,"53":0.0092250055,"54":0.0087760405,"55":0.0075247046,"56":0.0135862775,"57":0.0124954633,"58":0.0097378421,"59":0.0116154276,"60":0.0070118493,"61":0.0106067417,"62":0.0130347554,"63":0.0118663985,"64":0.0088812825,"65":0.0091078258,"66":0.0076267003,"67":0.0119885354,"68":0.0105512135,"69":0.0125413251,"70":0.0116001664,"71":0.0078752735,"72":0.0098213769,"73":0.0102826397,"74":0.0083826299,"75":0.0139198595,"76":0.0139330503,"77":0.0154530093,"78":0.0103330658,"79":0.0102350082,"80":0.0135715848,"81":0.009257337,"82":0.0159838763,"83":0.0096912877,"84":0.0087115884,"85":0.0123018956,"86":0.0140610244,"87":0.0118012031,"88":0.0144752415,"89":0.0134396647,"90":0.0104090868,"91":0.0109140369,"92":0.0113249958,"93":0.0105922579,"94":0.0122013342,"95":0.0091446049,"96":0.0098851171,"97":0.0113691537,"98":0.0130040982,"99":0.0127786601},"avg_acc":{"0":0.8317326903,"1":0.9091636539,"2":0.9189676046,"3":0.9407762885,"4":0.9431772828,"5":0.9593837261,"6":0.9609844089,"7":0.9583833218,"8":0.9679871798,"9":0.972589016,"10":0.9915966392,"11":0.9913965464,"12":0.9943977594,"13":0.9937975407,"14":0.9935974479,"15":0.995198071,"16":0.9963985682,"17":0.9959983826,"18":0.9965986609,"19":0.9955982566,"20":0.9969987869,"21":0.9959983826,"22":0.9961984754,"23":0.9959983826,"24":0.9967986941,"25":0.9969987869,"26":0.9965986609,"27":0.9967986941,"28":0.9959983826,"29":0.9977990985,"30":0.9973989725,"31":0.9973989725,"32":0.9965986609,"33":0.9973989725,"34":0.9977990985,"35":0.9953981638,"36":0.9963985682,"37":0.9957982898,"38":0.9963985682,"39":0.9969987869,"40":0.9971988797,"41":0.9969987869,"42":0.9963985682,"43":0.9957982898,"44":0.9971988797,"45":0.9963985682,"46":0.9955982566,"47":0.9945978522,"48":0.9955982566,"49":0.9977990985,"50":0.9945978522,"51":0.995198071,"52":0.9967986941,"53":0.9965986609,"54":0.9969987869,"55":0.9973989725,"56":0.9947978854,"57":0.9955982566,"58":0.9973989725,"59":0.9959983826,"60":0.9977990985,"61":0.9969987869,"62":0.9957982898,"63":0.9965986609,"64":0.9977990985,"65":0.9971988797,"66":0.9971988797,"67":0.9967986941,"68":0.9969987869,"69":0.9957982898,"70":0.9961984754,"71":0.9979991913,"72":0.9963985682,"73":0.9969987869,"74":0.9971988797,"75":0.9965986609,"76":0.9955982566,"77":0.995198071,"78":0.9961984754,"79":0.9969987869,"80":0.9959983826,"81":0.9969987869,"82":0.9955982566,"83":0.9965986609,"84":0.9971988797,"85":0.9959983826,"86":0.9959983826,"87":0.995198071,"88":0.9959983826,"89":0.9967986941,"90":0.9959983826,"91":0.9963985682,"92":0.9967986941,"93":0.9961984754,"94":0.9961984754,"95":0.9971988797,"96":0.9963985682,"97":0.9965986609,"98":0.995198071,"99":0.995198071},"avg_loss_val":{"0":0.3088755422,"1":0.2564706108,"2":0.2286136907,"3":0.3171175693,"4":0.2750657132,"5":0.183630462,"6":0.2762487038,"7":0.234328665,"8":0.219878124,"9":0.2001938872,"10":0.173520536,"11":0.1483239088,"12":0.1440719824,"13":0.1634406624,"14":0.1475677697,"15":0.1413253786,"16":0.1499689086,"17":0.1514873711,"18":0.145731664,"19":0.1579763352,"20":0.1791376723,"21":0.1548155276,"22":0.1199413492,"23":0.1506277346,"24":0.1627400637,"25":0.1425018644,"26":0.1614341418,"27":0.1889052973,"28":0.1567258981,"29":0.1485537752,"30":0.1387351868,"31":0.1235982491,"32":0.1486135655,"33":0.1494612499,"34":0.2061524223,"35":0.1510117337,"36":0.1596931496,"37":0.138832413,"38":0.1599512869,"39":0.1334502899,"40":0.1581033353,"41":0.137649625,"42":0.1496451015,"43":0.1515212717,"44":0.135589074,"45":0.1426225587,"46":0.1552032956,"47":0.1472576069,"48":0.156913701,"49":0.1501892155,"50":0.1438872833,"51":0.1464539978,"52":0.1423300592,"53":0.1519368636,"54":0.120572075,"55":0.1350382152,"56":0.1398148248,"57":0.1562494998,"58":0.1235071379,"59":0.1571830645,"60":0.1528252936,"61":0.1437601785,"62":0.1425083872,"63":0.1871258148,"64":0.1566856921,"65":0.1645348216,"66":0.1549931928,"67":0.1702186857,"68":0.1302761994,"69":0.163054036,"70":0.157713836,"71":0.1713462284,"72":0.1596456613,"73":0.1631674201,"74":0.1455484033,"75":0.1233669691,"76":0.1585466288,"77":0.1645892235,"78":0.1402083573,"79":0.1602029235,"80":0.1515812823,"81":0.1212460392,"82":0.1200750647,"83":0.1550584864,"84":0.1354359371,"85":0.1488285307,"86":0.1481940728,"87":0.130508772,"88":0.1298105367,"89":0.1271824877,"90":0.1398246211,"91":0.1078344271,"92":0.1836573165,"93":0.1319005866,"94":0.1186446487,"95":0.1530509079,"96":0.1515398541,"97":0.1505727337,"98":0.1486222059,"99":0.1588569762},"avg_acc_val":{"0":0.9028056264,"1":0.9268537164,"2":0.9198396802,"3":0.9058116078,"4":0.9118236303,"5":0.9408817887,"6":0.9218437076,"7":0.9208416939,"8":0.9338677526,"9":0.9438877702,"10":0.9579158425,"11":0.9609218836,"12":0.9579158425,"13":0.9629258513,"14":0.9599198699,"15":0.9649298787,"16":0.9629258513,"17":0.9619238377,"18":0.9589178562,"19":0.9619238377,"20":0.9649298787,"21":0.9649298787,"22":0.9699398875,"23":0.9619238377,"24":0.9629258513,"25":0.9649298787,"26":0.9629258513,"27":0.9609218836,"28":0.963927865,"29":0.963927865,"30":0.9689378738,"31":0.9679358602,"32":0.9659318924,"33":0.9649298787,"34":0.9569138288,"35":0.9599198699,"36":0.9619238377,"37":0.9719439149,"38":0.9679358602,"39":0.9699398875,"40":0.9629258513,"41":0.9669339061,"42":0.9619238377,"43":0.9659318924,"44":0.9649298787,"45":0.9609218836,"46":0.9629258513,"47":0.9659318924,"48":0.9659318924,"49":0.9659318924,"50":0.9679358602,"51":0.963927865,"52":0.9699398875,"53":0.9669339061,"54":0.9689378738,"55":0.9679358602,"56":0.9679358602,"57":0.9669339061,"58":0.9669339061,"59":0.9669339061,"60":0.963927865,"61":0.9659318924,"62":0.9689378738,"63":0.9619238377,"64":0.9599198699,"65":0.9569138288,"66":0.9699398875,"67":0.9649298787,"68":0.963927865,"69":0.9589178562,"70":0.963927865,"71":0.9649298787,"72":0.9629258513,"73":0.963927865,"74":0.9669339061,"75":0.9679358602,"76":0.9579158425,"77":0.9609218836,"78":0.9649298787,"79":0.9669339061,"80":0.9689378738,"81":0.963927865,"82":0.9719439149,"83":0.9599198699,"84":0.9689378738,"85":0.9649298787,"86":0.9659318924,"87":0.963927865,"88":0.9679358602,"89":0.9679358602,"90":0.9659318924,"91":0.9669339061,"92":0.9579158425,"93":0.9689378738,"94":0.9669339061,"95":0.9679358602,"96":0.9649298787,"97":0.963927865,"98":0.9629258513,"99":0.9659318924},"image_size":{"0":256,