{"epoch":{"0":0,"1":1,"2":2,"3":3,"4":4,"5":5,"6":6,"7":7,"8":8,"9":9,"10":10,"11":11,"12":12,"13":13,"14":14,"15":15,"16":16,"17":17,"18":18,"19":19,"20":20,"21":21,"22":22,"23":23,"24":24,"25":25,"26":26,"27":27,"28":28,"29":29,"30":30,"31":31,"32":32,"33":33,"34":34,"35":35,"36":36,"37":37,"38":38,"39":39,"40":40,"41":41,"42":42,"43":43,"44":44,"45":45,"46":46,"47":47,"48":48,"49":49},"avg_loss":{"0":0.3664030953,"1":0.1700590203,"2":0.1460819413,"3":0.1237668916,"4":0.0932351958,"5":0.0807712745,"6":0.0961043734,"7":0.0657538355,"8":0.0668861644,"9":0.0448506108,"10":0.0557257971,"11":0.0540117591,"12":0.0469289943,"13":0.0507062007,"14":0.0408044965,"15":0.0421622261,"16":0.0443769569,"17":0.0264804321,"18":0.0315758594,"19":0.0258254288,"20":0.0317590094,"21":0.0369308587,"22":0.0219234079,"23":0.033658507,"24":0.0215832493,"25":0.0287097947,"26":0.0267190074,"27":0.0243894855,"28":0.0125916611,"29":0.0134568186,"30":0.0319142067,"31":0.0205696089,"32":0.0237519804,"33":0.0153906379,"34":0.0178037249,"35":0.016961568,"36":0.0085970556,"37":0.0268694529,"38":0.0147889754,"39":0.009541393,"40":0.0132041239,"41":0.0146364293,"42":0.0198786827,"43":0.0137478723,"44":0.0082740468,"45":0.0075640471,"46":0.0139018599,"47":0.0157996888,"48":0.0209710913,"49":0.0211303272},"avg_acc":{"0":0.8808968663,"1":0.9442152977,"2":0.9515695572,"3":0.958206296,"4":0.9689686298,"5":0.9748879075,"6":0.9652018547,"7":0.9809865952,"8":0.9788340926,"9":0.9836771488,"10":0.9829596877,"11":0.9820628166,"12":0.985470891,"13":0.982242167,"14":0.9870852232,"15":0.9869058728,"16":0.9849327803,"17":0.9910314083,"18":0.9895964265,"19":0.991748929,"20":0.9897758365,"21":0.9912108183,"22":0.9910314083,"23":0.9912108183,"24":0.9935426116,"25":0.9904932976,"26":0.9910314083,"27":0.9926458001,"28":0.9964125752,"29":0.9951570034,"30":0.9906727076,"31":0.9924663901,"32":0.9926458001,"33":0.994798243,"34":0.9940807819,"35":0.9951570034,"36":0.996950686,"37":0.9908520579,"38":0.9955157042,"39":0.9976682067,"40":0.9962332249,"41":0.9949775934,"42":0.9935426116,"43":0.9956951141,"44":0.9973094463,"45":0.9983856678,"46":0.9956951141,"47":0.9953363538,"48":0.9949775934,"49":0.9928251505},"avg_loss_val":{"0":0.2435676788,"1":0.2010543851,"2":0.2776787009,"3":0.1717618785,"4":0.1965570419,"5":0.2828564697,"6":0.1104010182,"7":0.1918460199,"8":0.1490542616,"9":0.1470298335,"10":0.1031738026,"11":0.1438832087,"12":0.1218414262,"13":0.1624751499,"14":0.1416022056,"15":0.1289877766,"16":0.1660176459,"17":0.1228076184,"18":0.1281144889,"19":0.1365769562,"20":0.1270772215,"21":0.1202939177,"22":0.1384694598,"23":0.132957893,"24":0.1307465382,"25":0.1228071315,"26":0.1556928538,"27":0.142717717,"28":0.142564692,"29":0.24013728,"30":0.110354038,"31":0.1189909967,"32":0.114859597,"33":0.1024765664,"34":0.2107222114,"35":0.1679321831,"36":0.1357388501,"37":0.1339422728,"38":0.1361337719,"39":0.1212187513,"40":0.1524441032,"41":0.1269030425,"42":0.1449599364,"43":0.1007108008,"44":0.1119676193,"45":0.1746151819,"46":0.134516632,"47":0.1203489056,"48":0.1767509119,"49":0.1299316824},"avg_acc_val":{"0":0.917342782,"1":0.9376267791,"2":0.9203853607,"3":0.9447261691,"4":0.9381338358,"5":0.9254563451,"6":0.9645029902,"7":0.9472616315,"8":0.9472616315,"9":0.9619675279,"10":0.9670385122,"11":0.9533468485,"12":0.9660243392,"13":0.9558823109,"14":0.9619675279,"15":0.9629817009,"16":0.9503042102,"17":0.9660243392,"18":0.9655172229,"19":0.9645029902,"20":0.9619675279,"21":0.9609532952,"22":0.9589249492,"23":0.9584178329,"24":0.9675456285,"25":0.9629817009,"26":0.9563894272,"27":0.9599391222,"28":0.9614604115,"29":0.9457403421,"30":0.9685598016,"31":0.9645029902,"32":0.9695740342,"33":0.9680527449,"34":0.9416835308,"35":0.9553752542,"36":0.9650101066,"37":0.9629817009,"38":0.9645029902,"39":0.9700810909,"40":0.9614604115,"41":0.9650101066,"42":0.9614604115,"43":0.9710953236,"44":0.9685598016,"45":0.9579107165,"46":0.9675456285,"47":0.9604462385,"48":0.9533468485,"49":0.9624746442},"device_type":{"0":"cuda","1":"cuda","2":"cuda","3":"cuda","4":"cuda","5":"cuda","6":"cuda","7":"cuda","8":"cuda","9":"cuda","10":"cuda","11":"cuda","12":"cuda","13":"cuda","14":"cuda","15":"cuda","16":"cuda","17":"cuda","18":"cuda","19":"cuda","20":"cuda","21":"cuda","22":"cuda","23":"cuda","24":"cuda","25":"cuda","26":"cuda","27":"cuda","28":"cuda","29":"cuda","30":"cuda","31":"cuda","32":"cuda","33":"cuda","34":"cuda","35":"cuda","36":"cuda","37":"cuda","38":"cuda","39":"cuda","40":"cuda","41":"cuda","42":"cuda","43":"cuda","44":"cuda","45":"cuda","46":"cuda","47":"cuda","48":"cuda","49":"cuda"}}