{"epoch":{"0":0,"1":1,"2":2,"3":3,"4":4,"5":5,"6":6,"7":7,"8":8,"9":9,"10":10,"11":11,"12":12,"13":13,"14":14,"15":15,"16":16,"17":17,"18":18,"19":19,"20":20,"21":21,"22":22,"23":23,"24":24,"25":25,"26":26,"27":27,"28":28,"29":29,"30":30,"31":31,"32":32,"33":33,"34":34,"35":35,"36":36,"37":37,"38":38,"39":39,"40":40,"41":41,"42":42,"43":43,"44":44,"45":45,"46":46,"47":47,"48":48,"49":49,"50":50,"51":51,"52":52,"53":53,"54":54,"55":55,"56":56,"57":57,"58":58,"59":59,"60":60,"61":61,"62":62,"63":63,"64":64,"65":65,"66":66,"67":67,"68":68,"69":69,"70":70,"71":71,"72":72,"73":73,"74":74,"75":75,"76":76,"77":77,"78":78,"79":79,"80":80,"81":81,"82":82,"83":83,"84":84,"85":85,"86":86,"87":87,"88":88,"89":89,"90":90,"91":91,"92":92,"93":93,"94":94,"95":95,"96":96,"97":97,"98":98,"99":99},"avg_loss":{"0":0.6276623296,"1":0.3757548502,"2":0.2688175107,"3":0.2220994649,"4":0.1877816998,"5":0.1751078928,"6":0.1447114463,"7":0.1283145205,"8":0.1218369029,"9":0.1145863388,"10":0.1082054335,"11":0.1045766501,"12":0.0931535706,"13":0.0798577044,"14":0.0743547763,"15":0.0634046629,"16":0.0761825171,"17":0.0630623448,"18":0.0629053913,"19":0.0539446512,"20":0.0643339436,"21":0.0691218099,"22":0.0492956559,"23":0.0309196976,"24":0.0564430404,"25":0.0427077042,"26":0.0514285641,"27":0.0329153489,"28":0.0453078036,"29":0.0393286786,"30":0.0337291467,"31":0.0379844189,"32":0.0331666038,"33":0.0296482095,"34":0.0340174002,"35":0.0404020157,"36":0.0358001793,"37":0.0354107634,"38":0.0325032334,"39":0.0253529833,"40":0.026253917,"41":0.031016455,"42":0.0265778016,"43":0.0175797321,"44":0.0344017728,"45":0.0224307799,"46":0.0263965418,"47":0.0196341914,"48":0.0332331056,"49":0.0247825873,"50":0.0166928508,"51":0.0221462438,"52":0.027532881,"53":0.0170054203,"54":0.0246338014,"55":0.0184522678,"56":0.0138246386,"57":0.0261334043,"58":0.015862829,"59":0.0263044803,"60":0.0325657522,"61":0.0174217712,"62":0.0210518598,"63":0.0254686487,"64":0.0165965822,"65":0.0161722625,"66":0.0190530051,"67":0.0164963152,"68":0.0089418059,"69":0.0146465482,"70":0.0207920219,"71":0.0197526029,"72":0.0124917622,"73":0.0128719887,"74":0.0163433027,"75":0.0142850187,"76":0.0101990212,"77":0.0113193213,"78":0.0136903207,"79":0.009470602,"80":0.0098418427,"81":0.0211446848,"82":0.0197583816,"83":0.0223016415,"84":0.018091789,"85":0.0119133584,"86":0.0288366738,"87":0.0152527101,"88":0.0135795801,"89":0.0071078744,"90":0.0153926434,"91":0.0169280828,"92":0.0083923081,"93":0.0054092518,"94":0.0048367936,"95":0.0111214692,"96":0.0155470125,"97":0.0032408251,"98":0.0138030439,"99":0.0095978776},"avg_acc":{"0":0.8016102314,"1":0.8793863058,"2":0.9132614136,"3":0.924502492,"4":0.9371107221,"5":0.9454655647,"6":0.9547318816,"7":0.95776999,"8":0.9618715048,"9":0.9618715048,"10":0.9656691551,"11":0.967492044,"12":0.9696186781,"13":0.9743278027,"14":0.9767583013,"15":0.980404079,"16":0.9770621061,"17":0.9802521467,"18":0.9810116887,"19":0.9825307727,"20":0.9802521467,"21":0.9779735804,"22":0.9842017293,"23":0.9902780056,"24":0.9845055342,"25":0.9869360328,"26":0.9843536019,"27":0.9889107943,"28":0.9873917699,"29":0.9860246181,"30":0.9889107943,"31":0.9875436425,"32":0.9889107943,"33":0.9908856153,"34":0.9890627265,"35":0.9886069894,"36":0.9886069894,"37":0.9899741411,"38":0.9895184636,"39":0.9922527671,"40":0.9921008348,"41":0.9901260734,"42":0.9916451573,"43":0.9955946803,"44":0.9902780056,"45":0.9946832657,"46":0.9913413525,"47":0.9952908754,"48":0.9893665314,"49":0.9930123091,"50":0.9946832657,"51":0.9939237237,"52":0.9931641817,"53":0.9954428077,"54":0.9922527671,"55":0.9942275286,"56":0.9952908754,"57":0.9905818105,"58":0.9937718511,"59":0.9914932251,"60":0.9911894202,"61":0.9940756559,"62":0.9934679866,"63":0.9931641817,"64":0.9948351979,"65":0.9948351979,"66":0.9940756559,"67":0.9951390028,"68":0.9972656965,"69":0.9948351979,"70":0.9943794608,"71":0.9939237237,"72":0.9960504174,"73":0.9952908754,"74":0.9952908754,"75":0.9952908754,"76":0.9968099594,"77":0.9965061545,"78":0.9948351979,"79":0.9975695014,"80":0.9966580272,"81":0.9943794608,"82":0.9949870706,"83":0.9936199188,"84":0.9943794608,"85":0.9962023497,"86":0.9908856153,"87":0.9949870706,"88":0.9952908754,"89":0.9974175692,"90":0.9948351979,"91":0.9948351979,"92":0.997721374,"93":0.9981771111,"94":0.9981771111,"95":0.9963542223,"96":0.9954428077,"97":0.9989366531,"98":0.9960504174,"99":0.9962023497},"avg_loss_val":{"0":0.2201030964,"1":0.1536110065,"2":0.0742608355,"3":0.1057569328,"4":0.0359090416,"5":0.0448164956,"6":0.0699535319,"7":0.0239766849,"8":0.0306931632,"9":0.0289356466,"10":0.0183170982,"11":0.0150077624,"12":0.0140029438,"13":0.0087830275,"14":0.0168548437,"15":0.0233998331,"16":0.0153681389,"17":0.0033940234,"18":0.0035757454,"19":0.0057641423,"20":0.0021837123,"21":0.0014314777,"22":0.0012491514,"23":0.0003766694,"24":0.0086360278,"25":0.001341809,"26":0.0027909023,"27":0.0001686677,"28":0.0092857076,"29":0.0016835743,"30":0.0030663667,"31":0.0007275624,"32":0.0149209242,"33":0.0015429175,"34":0.0067101493,"35":0.0012554838,"36":0.0006547854,"37":0.0004939773,"38":0.0035770657,"39":0.0035482802,"40":0.0019644418,"41":0.0011417427,"42":0.0006243956,"43":0.0389480056,"44":0.0006263771,"45":0.0000849616,"46":0.0004984352,"47":0.0004304761,"48":0.0034608391,"49":0.0002235741,"50":0.0054113646,"51":0.0000718898,"52":0.0020682378,"53":0.0001190603,"54":0.0105918654,"55":0.0006595594,"56":0.0051159585,"57":0.0001312124,"58":0.0019870686,"59":0.0003491549,"60":0.0045168678,"61":0.0178841658,"62":0.0004481631,"63":0.0001398163,"64":0.0003960644,"65":0.00011298,"66":0.0001155938,"67":0.0000279304,"68":0.0002942874,"69":0.0005262623,"70":0.0002475464,"71":0.0003898986,"72":0.0001442424,"73":0.010906765,"74":0.0012277579,"75":0.0000185189,"76":0.0001048562,"77":0.0008387963,"78":0.0001155267,"79":0.0022309707,"80":0.0000708581,"81":0.0009575513,"82":0.0001947354,"83":0.0008082899,"84":0.0004569893,"85":0.0002620589,"86":0.000988579,"87":0.0095235708,"88":0.0002806143,"89":0.00004174,"90":0.0036336554,"91":0.0001466969,"92":0.0000237471,"93":0.0002760352,"94":0.0039239435,"95":0.0003536355,"96":0.0020253463,"97":0.0000094334,"98":0.0004169381,"99":0.0001653877},"avg_acc_val":{"0":0.9300000668,"1":0.9410000443,"2":0.9790000319,"3":0.9630000591,"4":0.9910000563,"5":0.9880000353,"6":0.9800000191,"7":0.9920000434,"8":0.9950000644,"9":0.9890000224,"10":0.9970000386,"11":0.9960000515,"12":0.9960000515,"13":0.9980000257,"14":0.9960000515,"15":0.9950000644,"16":0.9970000386,"17":0.9990000725,"18":0.9990000725,"19":0.9980000257,"20":1.0,"21":1.0,"22":0.9990000725,"23":1.0,"24":0.9970000386,"25":1.0,"26":1.0,"27":1.0,"28":0.9980000257,"29":1.0,"30":1.0,"31":1.0,"32":0.9970000386,"33":1.0,"34":0.9970000386,"35":0.9990000725,"36":1.0,"37":1.0,"38":0.9990000725,"39":0.9990000725,"40":1.0,"41":1.0,"42":1.0,"43":0.9840000272,"44":1.0,"45":1.0,"46":1.0,"47":1.0,"48":0.9990000725,"49":1.0,"50":0.9980000257,"51":1.0,"52":0.9990000725,"53":1.0,"54":0.9960000515,"55":1.0,"56":0.9990000725,"57":1.0,"58":0.9990000725,"59":1.0,"60":0.9990000725,"61":0.9950000644,"62":1.0,"63":1.0,"64":1.0,"65":1.0,"66":1.0,"67":1.0,"68":1.0,"69":1.0,"70":1.0,"71":1.0,"72":1.0,"73":0.9970000386,"74":1.0,"75":1.0,"76":1.0,"77":1.0,"78":1.0,"79":0.9990000725,"80":1.0,"81":1.0,"82":1.0,"83":1.0,"84":1.0,"85":1.0,"86":1.0,"87":0.9980000257,"88":1.0,"89":1.0,"90":0.9990000725,"91":1.0,"92":1.0,"93":1.0,"94":0.9990000725,"95":1.0,"96":0.9990000725,"97":1.0,"98":1.0,"99":1.0},"image_size":{"0":256,"1":256,"2":256,"3":256,"4":256,"5":256,"6":256,"7":256,"8":256,"9":256,"10":256,"11":256,"12":256,"13":256,"14":256,"15":256,"16":256,"17":256,"18":256,"19":256,"20":256,"21":256,"22":256,"23":256,"24":256,"25":256,"26":256,"27":256,"28":256,"29":256,"30":256,"31":256,"32":256,"33":256,"34":256,"35":256,"36":256,"37":256,"38":256,"39":256,"40":256,"41":256,"42":256,"43":256,"44":256,"45":256,"46":256,"47":256,"48":256,"49":256,"50":256,"51":256,"52":256,"53":256,"54":256,"55":256,"56":256,