{"epoch":{"0":0,"1":1,"2":2,"3":3,"4":4,"5":5,"6":6,"7":7,"8":8,"9":9,"10":10,"11":11,"12":12,"13":13,"14":14,"15":15,"16":16,"17":17,"18":18,"19":19,"20":20,"21":21,"22":22,"23":23,"24":24,"25":25,"26":26,"27":27,"28":28,"29":29,"30":30,"31":31,"32":32,"33":33,"34":34,"35":35,"36":36,"37":37,"38":38,"39":39,"40":40,"41":41,"42":42,"43":43,"44":44,"45":45,"46":46,"47":47,"48":48,"49":49,"50":50,"51":51,"52":52,"53":53,"54":54,"55":55,"56":56,"57":57,"58":58,"59":59,"60":60,"61":61,"62":62,"63":63,"64":64,"65":65,"66":66,"67":67,"68":68,"69":69,"70":70,"71":71,"72":72,"73":73,"74":74,"75":75,"76":76,"77":77,"78":78,"79":79,"80":80,"81":81,"82":82,"83":83,"84":84,"85":85,"86":86,"87":87,"88":88,"89":89,"90":90,"91":91,"92":92,"93":93,"94":94,"95":95,"96":96,"97":97,"98":98},"avg_loss":{"0":0.4861224447,"1":0.2920678968,"2":0.2130242669,"3":0.1932641728,"4":0.1632671439,"5":0.148099682,"6":0.1386732893,"7":0.1052288347,"8":0.0976282625,"9":0.1269699175,"10":0.1145997193,"11":0.0927411081,"12":0.0946401035,"13":0.0841179206,"14":0.0951218911,"15":0.0866788849,"16":0.0647791231,"17":0.0783810588,"18":0.0807752337,"19":0.086420244,"20":0.066650287,"21":0.0680140037,"22":0.0789352379,"23":0.0583391943,"24":0.0605844707,"25":0.0452607747,"26":0.0599385083,"27":0.0666646223,"28":0.0695350572,"29":0.0608211902,"30":0.0657661952,"31":0.062294868,"32":0.0634495221,"33":0.0584306965,"34":0.0500128722,"35":0.044863857,"36":0.0618276981,"37":0.0633088806,"38":0.0506155161,"39":0.066156434,"40":0.0483893409,"41":0.0453144698,"42":0.0554292162,"43":0.0406542504,"44":0.0440467574,"45":0.0536541026,"46":0.0483912127,"47":0.0443377545,"48":0.0316886971,"49":0.0433096266,"50":0.0492568013,"51":0.0347329771,"52":0.0454718097,"53":0.0305471974,"54":0.0493261471,"55":0.0498959147,"56":0.0460060766,"57":0.0464889152,"58":0.0418974908,"59":0.0358611329,"60":0.0325870303,"61":0.0332268154,"62":0.0259262918,"63":0.0529511969,"64":0.0358683976,"65":0.0392323135,"66":0.0477157696,"67":0.0412305017,"68":0.035036614,"69":0.0450412997,"70":0.0350780851,"71":0.0381814093,"72":0.0353838102,"73":0.0352897373,"74":0.0415779079,"75":0.0315091423,"76":0.0355892492,"77":0.0538708926,"78":0.0383433695,"79":0.0332437636,"80":0.0395785355,"81":0.0380384928,"82":0.0401289604,"83":0.0318376905,"84":0.0411687027,"85":0.0386846168,"86":0.0444875559,"87":0.0368351859,"88":0.03090127,"89":0.0259371306,"90":0.0462840634,"91":0.0297951647,"92":0.0417452397,"93":0.0405393028,"94":0.0450855113,"95":0.0305488536,"96":0.0341632072,"97":0.0324045334,"98":0.0282510191},"avg_acc":{"0":0.8462706804,"1":0.9073370695,"2":0.9305787683,"3":0.9375664592,"4":0.9483518004,"5":0.9500227571,"6":0.9557952285,"7":0.9668843746,"8":0.9691630006,"9":0.9579219222,"10":0.9618715048,"11":0.9714415669,"12":0.9705301523,"13":0.9752392173,"14":0.9715934992,"15":0.973416388,"16":0.977365911,"17":0.9767583013,"18":0.9744797349,"19":0.9728087187,"20":0.9761506915,"21":0.9797964096,"22":0.9735682607,"23":0.9826826453,"24":0.9817712307,"25":0.9852650762,"26":0.980404079,"27":0.9794926047,"28":0.9775178432,"29":0.9814674258,"30":0.978884995,"31":0.9816192985,"32":0.9816192985,"33":0.980404079,"34":0.9849612713,"35":0.9834421873,"36":0.9799483418,"37":0.9791887999,"38":0.9837459922,"39":0.9817712307,"40":0.9837459922,"41":0.9852650762,"42":0.9822269678,"43":0.9869360328,"44":0.9864802957,"45":0.9834421873,"46":0.9852650762,"47":0.9872398376,"48":0.9908856153,"49":0.9861764908,"50":0.9845055342,"51":0.9896703362,"52":0.9860246181,"53":0.9898222685,"54":0.9857208133,"55":0.9852650762,"56":0.9858726859,"57":0.9860246181,"58":0.9854169488,"59":0.9892146587,"60":0.9898222685,"61":0.9896703362,"62":0.9911894202,"63":0.9834421873,"64":0.9884551167,"65":0.9881513119,"66":0.9840497971,"67":0.9875436425,"68":0.9892146587,"69":0.9875436425,"70":0.9890627265,"71":0.9876955748,"72":0.9898222685,"73":0.987087965,"74":0.9873917699,"75":0.9898222685,"76":0.9902780056,"77":0.9826826453,"78":0.987087965,"79":0.9893665314,"80":0.9890627265,"81":0.9881513119,"82":0.9869360328,"83":0.9907336831,"84":0.9889107943,"85":0.9889107943,"86":0.9849612713,"87":0.9892146587,"88":0.9884551167,"89":0.99179703,"90":0.9840497971,"91":0.9907336831,"92":0.9881513119,"93":0.9854169488,"94":0.9860246181,"95":0.9899741411,"96":0.9886069894,"97":0.9881513119,"98":0.9908856153},"avg_loss_val":{"0":0.1225528188,"1":0.0979580551,"2":0.0761121272,"3":0.044302264,"4":0.0698557734,"5":0.0211615551,"6":0.0182735049,"7":0.0191248583,"8":0.0169454612,"9":0.0463796329,"10":0.0343012659,"11":0.0521494998,"12":0.0302243378,"13":0.0135953153,"14":0.0148316546,"15":0.0072817681,"16":0.0170707483,"17":0.031180571,"18":0.0329409296,"19":0.0130355451,"20":0.0056850482,"21":0.0047137386,"22":0.0100433446,"23":0.0209541889,"24":0.0123127372,"25":0.0084321684,"26":0.0167401229,"27":0.0230443814,"28":0.008263262,"29":0.0200248926,"30":0.0066025247,"31":0.0129086903,"32":0.0050509435,"33":0.0496936841,"34":0.0131396122,"35":0.0027024004,"36":0.0250131128,"37":0.0618740369,"38":0.0045527158,"39":0.0133845113,"40":0.0061215602,"41":0.0020032462,"42":0.0067288559,"43":0.0078430961,"44":0.0062425198,"45":0.0082552868,"46":0.0036888338,"47":0.0067771964,"48":0.0130761879,"49":0.0023903813,"50":0.0260392559,"51":0.0006576454,"52":0.002626178,"53":0.0028403837,"54":0.0102580407,"55":0.0102114672,"56":0.0093803428,"57":0.0014798249,"58":0.0043031669,"59":0.0034992005,"60":0.0054026528,"61":0.0062575992,"62":0.0001896143,"63":0.0016659287,"64":0.0014125038,"65":0.0058293884,"66":0.000675585,"67":0.0044300619,"68":0.0009780497,"69":0.0080533648,"70":0.0015201507,"71":0.0064723693,"72":0.0003845385,"73":0.0009941129,"74":0.0047602375,"75":0.0110405425,"76":0.0021898609,"77":0.000220696,"78":0.0013316871,"79":0.0004430973,"80":0.0386770784,"81":0.0007659419,"82":0.0027227493,"83":0.0030029576,"84":0.0009621137,"85":0.0297047248,"86":0.0010485347,"87":0.0029782401,"88":0.0011498599,"89":0.0002006323,"90":0.0185294158,"91":0.0005091491,"92":0.0108827418,"93":0.0142977063,"94":0.002111318,"95":0.0043253351,"96":0.0031661115,"97":0.0012532698,"98":0.0016766043},"avg_acc_val":{"0":0.9650000334,"1":0.9670000672,"2":0.9730000496,"3":0.986000061,"4":0.9760000706,"5":0.9930000305,"6":0.9970000386,"7":0.9960000515,"8":0.9960000515,"9":0.9840000272,"10":0.9890000224,"11":0.9820000529,"12":0.9950000644,"13":0.9960000515,"14":0.9930000305,"15":0.9980000257,"16":0.9940000176,"17":0.9910000563,"18":0.9890000224,"19":0.9960000515,"20":0.9980000257,"21":0.9990000725,"22":0.9970000386,"23":0.9920000434,"24":0.9970000386,"25":0.9980000257,"26":0.9960000515,"27":0.9940000176,"28":0.9960000515,"29":0.9940000176,"30":0.9980000257,"31":0.9930000305,"32":1.0,"33":0.986000061,"34":0.9940000176,"35":1.0,"36":0.9940000176,"37":0.986000061,"38":0.9990000725,"39":0.9960000515,"40":0.9990000725,"41":1.0,"42":0.9990000725,"43":0.9970000386,"44":0.9970000386,"45":0.9980000257,"46":1.0,"47":0.9990000725,"48":0.9950000644,"49":0.9990000725,"50":0.9910000563,"51":1.0,"52":1.0,"53":0.9990000725,"54":0.9970000386,"55":0.9960000515,"56":0.9970000386,"57":1.0,"58":0.9990000725,"59":0.9990000725,"60":0.9980000257,"61":0.9980000257,"62":1.0,"63":1.0,"64":1.0,"65":0.9990000725,"66":1.0,"67":0.9990000725,"68":1.0,"69":0.9970000386,"70":1.0,"71":0.9980000257,"72":1.0,"73":1.0,"74":0.9980000257,"75":0.9970000386,"76":0.9990000725,"77":1.0,"78":1.0,"79":1.0,"80":0.9880000353,"81":1.0,"82":0.9990000725,"83":0.9990000725,"84":1.0,"85":0.9920000434,"86":1.0,"87":1.0,"88":1.0,"89":1.0,"90":0.9910000563,"91":1.0,"92":0.9960000515,"93":0.9960000515,"94":1.0,"95":1.0,"96":1.0,"97":1.0,"98":1.0},"image_size":{"0":256,"1":256,"2":256,"3":256,"4":256,"5":256,"6":256,"7":256,"8":256,"9":256,"10":256,"11":256,"12":256,"13":256,"14":256,"15":256,"16":256,"17":256,"18":256,"19":256,"20":256,"21":256,"22":256,"23":256,"24":256,"25":256,"26":256,"27":256,"28":256,"29":256,"30":256,"31":256,"32":256,"33":256,"34":256,"35":256,"36":256,"37":256,"38":256,"39":256,