{"epoch":{"0":0,"1":1,"2":2,"3":3,"4":4,"5":5,"6":6,"7":7,"8":8,"9":9,"10":10,"11":11,"12":12,"13":13,"14":14,"15":15,"16":16,"17":17,"18":18,"19":19,"20":20,"21":21,"22":22,"23":23,"24":24,"25":25,"26":26,"27":27,"28":28,"29":29,"30":30,"31":31,"32":32,"33":33,"34":34,"35":35,"36":36,"37":37,"38":38,"39":39,"40":40,"41":41,"42":42,"43":43,"44":44,"45":45,"46":46,"47":47,"48":48,"49":49},"avg_loss":{"0":0.5586308376,"1":0.3299467179,"2":0.2375329502,"3":0.1827113561,"4":0.169376321,"5":0.1342849935,"6":0.1316782712,"7":0.1086749199,"8":0.0925239808,"9":0.0823845455,"10":0.0852043962,"11":0.0888437581,"12":0.0621816904,"13":0.0678663529,"14":0.0576497877,"15":0.059346841,"16":0.0539068221,"17":0.0528712864,"18":0.057982475,"19":0.0543415862,"20":0.0374096219,"21":0.0446012274,"22":0.0437993749,"23":0.0472225039,"24":0.0476280977,"25":0.0357472499,"26":0.0346970415,"27":0.0305583439,"28":0.0240418812,"29":0.0525551978,"30":0.0406997449,"31":0.0283271262,"32":0.0304761419,"33":0.0256866732,"34":0.0187114506,"35":0.0185820331,"36":0.0286425609,"37":0.0361421403,"38":0.0132859362,"39":0.0276010861,"40":0.0144580753,"41":0.0146106422,"42":0.0186157126,"43":0.0180201876,"44":0.0180179073,"45":0.0251432256,"46":0.0236453765,"47":0.0326085457,"48":0.0195944577,"49":0.0114235068},"avg_acc":{"0":0.8224942684,"1":0.8932670355,"2":0.9215761423,"3":0.941660285,"4":0.9460597038,"5":0.9560061097,"6":0.9586840272,"7":0.9657613039,"8":0.9713083506,"9":0.9741775393,"10":0.9711170793,"11":0.970925808,"12":0.9824024439,"13":0.9808722138,"14":0.9814460874,"15":0.9825937152,"16":0.9822111726,"17":0.9835501313,"18":0.9799158573,"19":0.9839326739,"20":0.9883320928,"21":0.9871844053,"22":0.9868018627,"23":0.9848890901,"24":0.9860367179,"25":0.9881407619,"26":0.9896709919,"27":0.9913924932,"28":0.9934965372,"29":0.9848890901,"30":0.9883320928,"31":0.9912012219,"32":0.9883320928,"33":0.9929227233,"34":0.9936878681,"35":0.9948354959,"36":0.9915837646,"37":0.9889059067,"38":0.996365726,"39":0.9912012219,"40":0.994261682,"41":0.9950267673,"42":0.9948354959,"43":0.9936878681,"44":0.9948354959,"45":0.9929227233,"46":0.9938791394,"47":0.9908186793,"48":0.9933052659,"49":0.9959831834},"avg_loss_val":{"0":0.5063421822,"1":0.3501278026,"2":0.2652715293,"3":0.2794100487,"4":0.3166265297,"5":0.2117206889,"6":0.2873980323,"7":0.2153296762,"8":0.2994327427,"9":0.2855903002,"10":0.3388329958,"11":0.2283627673,"12":0.3501127646,"13":0.2777358381,"14":0.256762206,"15":0.2323828965,"16":0.389006661,"17":0.2274173488,"18":0.2693192567,"19":0.2955177614,"20":0.2891850979,"21":0.2826711758,"22":0.2631630232,"23":0.2996919568,"24":0.2367074434,"25":0.3255086153,"26":0.2771687718,"27":0.2879848537,"28":0.292917545,"29":0.3023714627,"30":0.2727267464,"31":0.2672629207,"32":0.2495078187,"33":0.2083004426,"34":0.2955797421,"35":0.4166376962,"36":0.3848019219,"37":0.2136737112,"38":0.2734207822,"39":0.2367993799,"40":0.2720423897,"41":0.2795233039,"42":0.3181976574,"43":0.2682571539,"44":0.3100920659,"45":0.3438329054,"46":0.2958571655,"47":0.2952650147,"48":0.2726264994,"49":0.2371073451},"avg_acc_val":{"0":0.8344271183,"1":0.8849066496,"2":0.9187279344,"3":0.9217567444,"4":0.9025744796,"5":0.9394245744,"6":0.9131752253,"7":0.9379101992,"8":0.90863204,"9":0.9268046618,"10":0.898031354,"11":0.9338718057,"12":0.9151943922,"13":0.9212519526,"14":0.9247854948,"15":0.9298334718,"16":0.8934881687,"17":0.9444725513,"18":0.9252902865,"19":0.9177183509,"20":0.9257950783,"21":0.9217567444,"22":0.9283190966,"23":0.92629987,"24":0.9353861809,"25":0.9146896005,"26":0.9358909726,"27":0.9268046618,"28":0.9283190966,"29":0.90863204,"30":0.92629987,"31":0.9328622222,"32":0.9358909726,"33":0.9389197826,"34":0.9298334718,"35":0.9141848087,"36":0.9096416235,"37":0.9409389496,"38":0.9379101992,"39":0.9369006157,"40":0.9374054074,"41":0.9424533248,"42":0.9283190966,"43":0.9303382635,"44":0.936395824,"45":0.9308430552,"46":0.9187279344,"47":0.9252902865,"48":0.9353861809,"49":0.9424533248},"device_type":{"0":"cuda","1":"cuda","2":"cuda","3":"cuda","4":"cuda","5":"cuda","6":"cuda","7":"cuda","8":"cuda","9":"cuda","10":"cuda","11":"cuda","12":"cuda","13":"cuda","14":"cuda","15":"cuda","16":"cuda","17":"cuda","18":"cuda","19":"cuda","20":"cuda","21":"cuda","22":"cuda","23":"cuda","24":"cuda","25":"cuda","26":"cuda","27":"cuda","28":"cuda","29":"cuda","30":"cuda","31":"cuda","32":"cuda","33":"cuda","34":"cuda","35":"cuda","36":"cuda","37":"cuda","38":"cuda","39":"cuda","40":"cuda","41":"cuda","42":"cuda","43":"cuda","44":"cuda","45":"cuda","46":"cuda","47":"cuda","48":"cuda","49":"cuda"}}