{"momentum":{"0":0.999,"1":0.9973898428,"2":0.9931870793,"3":0.9822172059,"4":0.9535841117,"5":0.8788472341,"6":0.683772234},"avg_loss_val":{"0":1.7007922231,"1":0.3731067791,"2":0.2228852664,"3":0.1448825726,"4":0.120018968,"5":0.1198673853,"6":0.1168673765},"avg_acc_val":{"0":0.4274444646,"1":0.9080555969,"2":0.9476667179,"3":0.9640555912,"4":0.9682778252,"5":0.964666711,"6":0.9631667137},"time":{"0":4791.5693635941,"1":4792.3893795013,"2":4756.6172642708,"3":4720.6209185123,"4":4687.4296720028,"5":4751.3139424324,"6":4763.2220234871}}