{"epoch":{"0":0,"1":1,"2":2,"3":3,"4":4,"5":5,"6":6,"7":7,"8":8,"9":9,"10":10,"11":11,"12":12,"13":13,"14":14,"15":15,"16":16,"17":17,"18":18,"19":19,"20":20,"21":21,"22":22,"23":23,"24":24,"25":25,"26":26,"27":27,"28":28,"29":29,"30":30,"31":31,"32":32,"33":33,"34":34,"35":35,"36":36,"37":37,"38":38,"39":39,"40":40,"41":41,"42":42,"43":43,"44":44,"45":45,"46":46,"47":47,"48":48,"49":49,"50":50,"51":51,"52":52,"53":53,"54":54,"55":55,"56":56,"57":57,"58":58,"59":59,"60":60,"61":61,"62":62,"63":63,"64":64,"65":65,"66":66,"67":67,"68":68,"69":69,"70":70,"71":71,"72":72,"73":73,"74":74,"75":75,"76":76,"77":77,"78":78,"79":79,"80":80,"81":81,"82":82,"83":83,"84":84,"85":85,"86":86,"87":87,"88":88,"89":89,"90":90,"91":91,"92":92,"93":93,"94":94,"95":95,"96":96,"97":97,"98":98,"99":99},"avg_loss":{"0":0.6134057702,"1":0.368977249,"2":0.2786188324,"3":0.2330691691,"4":0.2070623712,"5":0.1563540558,"6":0.1550335701,"7":0.1467004043,"8":0.1070217011,"9":0.1045357662,"10":0.1106199491,"11":0.0914671492,"12":0.0865586091,"13":0.0832373702,"14":0.0749789639,"15":0.0648757601,"16":0.0806230843,"17":0.0716900216,"18":0.0677752056,"19":0.0567207843,"20":0.0413966116,"21":0.0526645907,"22":0.0634856303,"23":0.0521846013,"24":0.0495059962,"25":0.0374881564,"26":0.0438964659,"27":0.0513636818,"28":0.0493133354,"29":0.0369952168,"30":0.0432367026,"31":0.0298972949,"32":0.0367581525,"33":0.0390345692,"34":0.0372685384,"35":0.0358343199,"36":0.0335027924,"37":0.0366269924,"38":0.0319552013,"39":0.0247497877,"40":0.0270034314,"41":0.0185838987,"42":0.0230821939,"43":0.0257006469,"44":0.0301208297,"45":0.0164962504,"46":0.025079433,"47":0.0241953833,"48":0.0227966032,"49":0.0362204657,"50":0.0171285746,"51":0.023194105,"52":0.0368918137,"53":0.0345112891,"54":0.0171981227,"55":0.0208135751,"56":0.0264871795,"57":0.0223848035,"58":0.0250067562,"59":0.0144820369,"60":0.0221963434,"61":0.0194884044,"62":0.0113272523,"63":0.0103942594,"64":0.0217603346,"65":0.0158960674,"66":0.0212698159,"67":0.0122560102,"68":0.0114226799,"69":0.020988994,"70":0.0148254366,"71":0.0059865455,"72":0.0069276743,"73":0.0187718414,"74":0.0209941999,"75":0.018058132,"76":0.0108421719,"77":0.0297301929,"78":0.0352511055,"79":0.0178807152,"80":0.0156157671,"81":0.0186087341,"82":0.0167922678,"83":0.0181954566,"84":0.0141973825,"85":0.0173020615,"86":0.0167314804,"87":0.0097521328,"88":0.0120036894,"89":0.012359251,"90":0.0092991589,"91":0.0116763827,"92":0.0094827704,"93":0.0111452228,"94":0.0101094634,"95":0.0158261337,"96":0.0135589133,"97":0.0053807644,"98":0.0115430879,"99":0.0084689813},"avg_acc":{"0":0.8034330606,"1":0.8815129995,"2":0.9118942618,"3":0.9275406003,"4":0.9337688088,"5":0.9486556053,"6":0.9526051879,"7":0.9559471011,"8":0.9653653502,"9":0.96597296,"10":0.9649096131,"11":0.9682515264,"12":0.9750873446,"13":0.973416388,"14":0.9767583013,"15":0.9793407321,"16":0.9755430818,"17":0.9749354124,"18":0.9807078838,"19":0.9829864502,"20":0.9869360328,"21":0.9826826453,"22":0.9805559516,"23":0.9832903147,"24":0.9842017293,"25":0.9875436425,"26":0.9854169488,"27":0.9816192985,"28":0.986328423,"29":0.9887589216,"30":0.985568881,"31":0.9907336831,"32":0.9893665314,"33":0.987847507,"34":0.9898222685,"35":0.9890627265,"36":0.9889107943,"37":0.9892146587,"38":0.9916451573,"39":0.9924046993,"40":0.9913413525,"41":0.9937718511,"42":0.9939237237,"43":0.99179703,"44":0.9908856153,"45":0.9951390028,"46":0.9905818105,"47":0.9931641817,"48":0.9940756559,"49":0.9883031845,"50":0.9949870706,"51":0.992556572,"52":0.9886069894,"53":0.9895184636,"54":0.9946832657,"55":0.9930123091,"56":0.991037488,"57":0.9922527671,"58":0.9928603768,"59":0.9963542223,"60":0.9930123091,"61":0.9940756559,"62":0.9962023497,"63":0.9965061545,"64":0.9939237237,"65":0.9952908754,"66":0.9945313334,"67":0.9955946803,"68":0.9962023497,"69":0.9931641817,"70":0.9952908754,"71":0.9980251789,"72":0.9975695014,"73":0.9939237237,"74":0.9937718511,"75":0.9945313334,"76":0.9960504174,"77":0.991037488,"78":0.9893665314,"79":0.9949870706,"80":0.9955946803,"81":0.9937718511,"82":0.9963542223,"83":0.9951390028,"84":0.9955946803,"85":0.9952908754,"86":0.9951390028,"87":0.9974175692,"88":0.9958985448,"89":0.9974175692,"90":0.997721374,"91":0.9957466125,"92":0.9971137643,"93":0.9960504174,"94":0.9965061545,"95":0.9949870706,"96":0.9960504174,"97":0.9981771111,"98":0.9966580272,"99":0.9974175692},"avg_loss_val":{"0":0.3096909845,"1":0.2289745588,"2":0.3274576997,"3":0.1508082439,"4":0.1125475826,"5":0.0785837954,"6":0.1112852042,"7":0.1157456239,"8":0.0880903001,"9":0.1388990908,"10":0.1490566013,"11":0.1104713604,"12":0.0476084444,"13":0.0462201118,"14":0.0444464706,"15":0.0669631764,"16":0.0412699759,"17":0.0266509322,"18":0.0364158624,"19":0.038775337,"20":0.0239529644,"21":0.0386627511,"22":0.0189309025,"23":0.0250577869,"24":0.0223251862,"25":0.0150083221,"26":0.0309405745,"27":0.0600364652,"28":0.0483805013,"29":0.0221596424,"30":0.0575801361,"31":0.0104001014,"32":0.0161838692,"33":0.0146362207,"34":0.0160256848,"35":0.0177608278,"36":0.0458662165,"37":0.0194719052,"38":0.0161811242,"39":0.0159516784,"40":0.0124574042,"41":0.0056412383,"42":0.011236071,"43":0.0099302159,"44":0.01887673,"45":0.0206720596,"46":0.0260491449,"47":0.0127671761,"48":0.0477695108,"49":0.0205484717,"50":0.0032849526,"51":0.0192460554,"52":0.0629665789,"53":0.0194252181,"54":0.0058105156,"55":0.0212975386,"56":0.0342818497,"57":0.0629351619,"58":0.0085885379,"59":0.0101783763,"60":0.0050736879,"61":0.0063098819,"62":0.0179153296,"63":0.0308616153,"64":0.0107417883,"65":0.0118870401,"66":0.034798013,"67":0.0062995502,"68":0.0257592119,"69":0.0026102424,"70":0.0104780467,"71":0.0026235777,"72":0.0091835414,"73":0.147528328,"74":0.0058290794,"75":0.0041899651,"76":0.0227326427,"77":0.0065719205,"78":0.0131473357,"79":0.0011150171,"80":0.0080902705,"81":0.0115965558,"82":0.0051215052,"83":0.0215755701,"84":0.0086809431,"85":0.0324572865,"86":0.0024409696,"87":0.0034424409,"88":0.010260239,"89":0.0153789111,"90":0.004368437,"91":0.0128268568,"92":0.0025614722,"93":0.0155248569,"94":0.002760489,"95":0.0069965341,"96":0.0058124307,"97":0.0019514153,"98":0.0028858775,"99":0.0043109014},"avg_acc_val":{"0":0.9060000181,"1":0.932000041,"2":0.8900000453,"3":0.9530000687,"4":0.9640000463,"5":0.9740000367,"6":0.9650000334,"7":0.9650000334,"8":0.9690000415,"9":0.9510000348,"10":0.962000072,"11":0.9640000463,"12":0.9870000482,"13":0.9850000739,"14":0.986000061,"15":0.9770000577,"16":0.986000061,"17":0.9900000691,"18":0.9880000353,"19":0.9910000563,"20":0.9900000691,"21":0.9840000272,"22":0.9940000176,"23":0.9940000176,"24":0.9950000644,"25":0.9970000386,"26":0.9910000563,"27":0.9770000577,"28":0.9910000563,"29":0.9950000644,"30":0.9810000658,"31":0.9960000515,"32":0.9930000305,"33":0.9950000644,"34":0.9930000305,"35":0.9930000305,"36":0.986000061,"37":0.9940000176,"38":0.9930000305,"39":0.9950000644,"40":0.9980000257,"41":1.0,"42":0.9970000386,"43":0.9960000515,"44":0.9950000644,"45":0.9950000644,"46":0.9910000563,"47":0.9960000515,"48":0.9850000739,"49":0.9930000305,"50":0.9980000257,"51":0.9930000305,"52":0.9800000191,"53":0.9950000644,"54":1.0,"55":0.9930000305,"56":0.986000061,"57":0.9820000529,"58":0.9980000257,"59":0.9980000257,"60":0.9970000386,"61":0.9990000725,"62":0.9960000515,"63":0.9910000563,"64":0.9960000515,"65":0.9960000515,"66":0.9890000224,"67":0.9990000725,"68":0.9920000434,"69":1.0,"70":0.9960000515,"71":0.9990000725,"72":0.9960000515,"73":0.959000051,"74":0.9990000725,"75":0.9990000725,"76":0.9930000305,"77":0.9990000725,"78":0.9960000515,"79":1.0,"80":0.9980000257,"81":0.9960000515,"82":0.9990000725,"83":0.9930000305,"84":0.9980000257,"85":0.9920000434,"86":1.0,"87":1.0,"88":0.9970000386,"89":0.9940000176,"90":0.9990000725,"91":0.9950000644,"92":1.0,"93":0.9950000644,"94":0.9990000725,"95":0.9990000725,"96":0.9980000257,"97":1.0,"98":1.0,"99":0.9980000257},"image_size":{"0":256,"1":256,"2":256,"3":256,"4":256,"5":256,"6":256,"7":256,"8":256,"9":256,"10":256,