{"epoch":{"0":0,"1":1,"2":2,"3":3,"4":4,"5":5,"6":6,"7":7,"8":8,"9":9,"10":10,"11":11,"12":12,"13":13,"14":14,"15":15,"16":16,"17":17,"18":18,"19":19,"20":20,"21":21,"22":22,"23":23,"24":24,"25":25,"26":26,"27":27,"28":28,"29":29,"30":30,"31":31,"32":32,"33":33,"34":34,"35":35,"36":36,"37":37,"38":38,"39":39,"40":40,"41":41,"42":42,"43":43,"44":44,"45":45,"46":46,"47":47,"48":48,"49":49,"50":50,"51":51,"52":52,"53":53,"54":54,"55":55,"56":56,"57":57,"58":58,"59":59,"60":60,"61":61,"62":62,"63":63,"64":64,"65":65,"66":66,"67":67,"68":68,"69":69,"70":70,"71":71,"72":72,"73":73,"74":74,"75":75,"76":76,"77":77,"78":78,"79":79,"80":80,"81":81,"82":82,"83":83,"84":84,"85":85,"86":86,"87":87,"88":88,"89":89,"90":90,"91":91,"92":92,"93":93,"94":94,"95":95,"96":96,"97":97,"98":98,"99":99},"avg_loss":{"0":0.6685699538,"1":0.3550862488,"2":0.2846877867,"3":0.244135949,"4":0.2020902627,"5":0.183831026,"6":0.1711427207,"7":0.1494834227,"8":0.1336792304,"9":0.1441012063,"10":0.104095478,"11":0.1141770176,"12":0.0926007774,"13":0.0898656207,"14":0.0741375743,"15":0.0593540082,"16":0.0746052558,"17":0.0596544461,"18":0.0856251307,"19":0.0760692375,"20":0.0433234995,"21":0.0667977088,"22":0.0632526809,"23":0.0494961718,"24":0.0516796531,"25":0.0465386547,"26":0.0559302439,"27":0.0415355071,"28":0.0351983726,"29":0.0518799078,"30":0.0289099249,"31":0.0377781432,"32":0.0459150351,"33":0.0388312086,"34":0.0395089134,"35":0.0294293313,"36":0.0342619006,"37":0.0402670828,"38":0.0362969207,"39":0.040123084,"40":0.0305761586,"41":0.0245898053,"42":0.0511649662,"43":0.0289707247,"44":0.0290872183,"45":0.023421973,"46":0.0275341,"47":0.0214617364,"48":0.020512,"49":0.0306899265,"50":0.0228376322,"51":0.0266197347,"52":0.0202252147,"53":0.0189112475,"54":0.0226101755,"55":0.0232056468,"56":0.0274386197,"57":0.0141210622,"58":0.0244335694,"59":0.0196063128,"60":0.0242418351,"61":0.0147435389,"62":0.01109374,"63":0.0253896317,"64":0.0078464656,"65":0.0071392159,"66":0.0183772524,"67":0.0190907979,"68":0.0236435348,"69":0.009931785,"70":0.0165302615,"71":0.0127338769,"72":0.0136746615,"73":0.020493044,"74":0.0131418165,"75":0.017868457,"76":0.0162305852,"77":0.014430631,"78":0.0214346862,"79":0.0127815328,"80":0.0088813315,"81":0.0117676591,"82":0.0193740314,"83":0.012680651,"84":0.0129446701,"85":0.0134763954,"86":0.0104368156,"87":0.0157913618,"88":0.0084717144,"89":0.011545708,"90":0.0236491951,"91":0.0169505284,"92":0.0115189207,"93":0.0089226841,"94":0.0080214587,"95":0.0138563159,"96":0.0122422498,"97":0.0158687171,"98":0.0106667271,"99":0.0109875552},"avg_acc":{"0":0.7844447494,"1":0.8806015253,"2":0.9064256549,"3":0.9216162562,"4":0.93194592,"5":0.9389336109,"6":0.9465289116,"7":0.9512380362,"8":0.958529532,"9":0.9545799494,"10":0.9662767649,"11":0.965213418,"12":0.9703782201,"13":0.9725049138,"14":0.9750873446,"15":0.979644537,"16":0.9767583013,"17":0.9787331223,"18":0.9715934992,"19":0.9750873446,"20":0.9845055342,"21":0.9782773852,"22":0.9790369272,"23":0.9845055342,"24":0.9831383824,"25":0.9846574664,"26":0.9832903147,"27":0.9883031845,"28":0.9884551167,"29":0.9835941195,"30":0.9911894202,"31":0.9875436425,"32":0.9849612713,"33":0.9895184636,"34":0.9892146587,"35":0.9911894202,"36":0.9881513119,"37":0.9887589216,"38":0.987087965,"39":0.9873917699,"40":0.9886069894,"41":0.9927085042,"42":0.9872398376,"43":0.9896703362,"44":0.9908856153,"45":0.9933161139,"46":0.9905818105,"47":0.9927085042,"48":0.9943794608,"49":0.991037488,"50":0.992556572,"51":0.9916451573,"52":0.9945313334,"53":0.9934679866,"54":0.9939237237,"55":0.9927085042,"56":0.99179703,"57":0.9960504174,"58":0.992556572,"59":0.9931641817,"60":0.9922527671,"61":0.9957466125,"62":0.9965061545,"63":0.9936199188,"64":0.9978733063,"65":0.997721374,"66":0.9945313334,"67":0.9933161139,"68":0.9937718511,"69":0.997721374,"70":0.9942275286,"71":0.9955946803,"72":0.9949870706,"73":0.9928603768,"74":0.9963542223,"75":0.9934679866,"76":0.9946832657,"77":0.9951390028,"78":0.9931641817,"79":0.9974175692,"80":0.9968099594,"81":0.9954428077,"82":0.9934679866,"83":0.9960504174,"84":0.9960504174,"85":0.9957466125,"86":0.9968099594,"87":0.9957466125,"88":0.9972656965,"89":0.9963542223,"90":0.9946832657,"91":0.9943794608,"92":0.9965061545,"93":0.9975695014,"94":0.9978733063,"95":0.9962023497,"96":0.9960504174,"97":0.9948351979,"98":0.9971137643,"99":0.9966580272},"avg_loss_val":{"0":0.0822451813,"1":0.0981909697,"2":0.051004319,"3":0.0764822087,"4":0.0420991226,"5":0.0181922699,"6":0.0080885218,"7":0.0379840792,"8":0.1317090211,"9":0.0114653489,"10":0.0044828367,"11":0.0076928613,"12":0.0121371391,"13":0.0087485744,"14":0.0031709712,"15":0.0001944619,"16":0.0015743439,"17":0.0080947123,"18":0.0059213835,"19":0.0010671827,"20":0.000712814,"21":0.0234385106,"22":0.0538247398,"23":0.0062735948,"24":0.0024801094,"25":0.0012411308,"26":0.0052265486,"27":0.0001587766,"28":0.0017077059,"29":0.0057175666,"30":0.0001001825,"31":0.000131921,"32":0.0006443807,"33":0.0001775948,"34":0.0041238018,"35":0.0002570025,"36":0.0001010437,"37":0.0013700288,"38":0.0137979934,"39":0.0007465028,"40":0.0002162362,"41":0.0021212331,"42":0.0080414968,"43":0.0002145708,"44":0.0037677688,"45":0.0003573451,"46":0.000111326,"47":0.0067529487,"48":0.0000280241,"49":0.0003686201,"50":0.0001330239,"51":0.0021939908,"52":0.0000985277,"53":0.0001918686,"54":0.0005288249,"55":0.0005421187,"56":0.0027650919,"57":0.0000301557,"58":0.0018665785,"59":0.0000647882,"60":0.038760596,"61":0.000016421,"62":0.0004448063,"63":0.000068065,"64":0.0000044116,"65":0.0001925047,"66":0.0000119247,"67":0.0071693423,"68":0.0000162233,"69":0.0000115025,"70":0.0025824877,"71":0.0004915017,"72":0.0000212824,"73":0.0000148234,"74":0.0000591338,"75":0.0026341107,"76":0.0000186809,"77":0.0002451461,"78":0.0000803091,"79":0.0000054523,"80":0.0004288054,"81":0.0000226275,"82":0.0000122659,"83":0.0025668688,"84":0.0000627388,"85":0.0000149258,"86":0.0000025153,"87":0.0000481263,"88":0.0000675092,"89":0.0000051086,"90":0.0001404261,"91":0.0000098515,"92":0.0000044426,"93":0.0000036344,"94":0.0000076132,"95":0.0004103655,"96":0.0000588559,"97":0.0000459156,"98":0.0000043472,"99":0.0000031278},"avg_acc_val":{"0":0.9799999595,"1":0.9499999881,"2":1.0,"3":0.9899999499,"4":0.9899999499,"5":0.9899999499,"6":1.0,"7":0.9899999499,"8":0.9599999785,"9":1.0,"10":1.0,"11":1.0,"12":1.0,"13":1.0,"14":1.0,"15":1.0,"16":1.0,"17":1.0,"18":1.0,"19":1.0,"20":1.0,"21":0.9899999499,"22":0.969999969,"23":1.0,"24":1.0,"25":1.0,"26":1.0,"27":1.0,"28":1.0,"29":1.0,"30":1.0,"31":1.0,"32":1.0,"33":1.0,"34":1.0,"35":1.0,"36":1.0,"37":1.0,"38":0.9899999499,"39":1.0,"40":1.0,"41":1.0,"42":1.0,"43":1.0,"44":1.0,"45":1.0,"46":1.0,"47":1.0,"48":1.0,"49":1.0,"50":1.0,"51":1.0,"52":1.0,"53":1.0,"54":1.0,"55":1.0,"56":1.0,"57":1.0,"58":1.0,"59":1.0,"60":0.9899999499,"61":1.0,"62":1.0,"63":1.0,"64":1.0,"65":1.0,"66":1.0,"67":0.9899999499,"68":1.0,"69":1.0,"70":1.0,"71":1.0,"72":1.0,"73":1.0,"74":1.0,"75":1.0,"76":1.0,"77":1.0,"78":1.0,"79":1.0,"80":1.0,"81":1.0,"82":1.0,"83":1.0,"84":1.0,"85":1.0,"86":1.0,"87":1.0,"88":1.0,"89":1.0,"90":1.0,"91":1.0,"92":1.0,"93":1.0,"94":1.0,"95":1.0,"96":1.0,"97":1.0,"98":1.0,"99":1.0},"image_size":{"0":256,"1":256,"2":256,"3":256,"4":256,"5":256,"6":256,"7":256,"8":256,"9":256,"10":256,"11":256,"12":256,"13":256,"14":256,"15":256,"16":256,"17":256,"18":256,"19":256,"20":256,"21":256,"22":256,"23":256,"24":256,"25":256,"26":256,"27":256,"28":256,"29":256,"30":256,"31":256,"32":256,"33":256,"34":256,"35":256,"36":256,"37":256,"38":256,"39":256,"40":256,"41":256,"42":256,"43":256,"44":256,"45":256,"46":256,"47":256,"48":256,"49":256,"50":256,"51":256,"52":256,"53":256,"54":256,"55":256,"56":256,"57":256,"58":256,"59":256,"60":256,"61":256,"62":256,"63":256,"64":256,"65":256,"66":256,"67":256,"68":256,"69":256,"70":256,"71":256,"72":256,"73":256,"74":256,"75":256,"76":256,"77":256,"78":256,"79":256,"80":256,"81":256,"82":256,"83":256,"84":256,"85":256,"86":256,"87":256,"88":256,"89":256,"90":256,