{"epoch":{"0":0,"1":1,"2":2,"3":3,"4":4,"5":5,"6":6,"7":7,"8":8,"9":9,"10":10,"11":11,"12":12,"13":13,"14":14,"15":15,"16":16,"17":17,"18":18,"19":19,"20":20,"21":21,"22":22,"23":23,"24":24,"25":25,"26":26,"27":27,"28":28,"29":29,"30":30,"31":31,"32":32,"33":33,"34":34,"35":35,"36":36,"37":37,"38":38,"39":39,"40":40,"41":41,"42":42,"43":43,"44":44,"45":45,"46":46,"47":47,"48":48,"49":49,"50":50,"51":51,"52":52,"53":53,"54":54,"55":55,"56":56,"57":57,"58":58,"59":59,"60":60,"61":61,"62":62,"63":63,"64":64,"65":65,"66":66,"67":67,"68":68,"69":69,"70":70,"71":71,"72":72,"73":73,"74":74,"75":75,"76":76,"77":77,"78":78,"79":79,"80":80,"81":81,"82":82,"83":83,"84":84,"85":85,"86":86,"87":87,"88":88,"89":89,"90":90,"91":91,"92":92,"93":93,"94":94,"95":95,"96":96,"97":97,"98":98,"99":99},"avg_loss":{"0":0.6421009044,"1":0.3630239361,"2":0.2784954794,"3":0.2514706708,"4":0.1830764456,"5":0.1833216831,"6":0.170089052,"7":0.1476977582,"8":0.1234999817,"9":0.1156864578,"10":0.1084312509,"11":0.1129113998,"12":0.1059096122,"13":0.0764667217,"14":0.0844516489,"15":0.0820381434,"16":0.0613142176,"17":0.0738428659,"18":0.0585755273,"19":0.0484122277,"20":0.0646069322,"21":0.0559961229,"22":0.0407457807,"23":0.0333262478,"24":0.0556448848,"25":0.0550699051,"26":0.0394559815,"27":0.0385892043,"28":0.0298425982,"29":0.0492391892,"30":0.0329992206,"31":0.0327746005,"32":0.0393899697,"33":0.0285010735,"34":0.0480994754,"35":0.03609945,"36":0.038684585,"37":0.0207344109,"38":0.0276494274,"39":0.0305769846,"40":0.0395854203,"41":0.0296322691,"42":0.0252221384,"43":0.031665471,"44":0.0194084654,"45":0.032064227,"46":0.0270528307,"47":0.0304841341,"48":0.0374412812,"49":0.0347233059,"50":0.0439905355,"51":0.0130068046,"52":0.0164027665,"53":0.025405891,"54":0.0205663879,"55":0.0176747755,"56":0.0076676218,"57":0.0170609203,"58":0.0119256639,"59":0.0303118755,"60":0.021912801,"61":0.0127429347,"62":0.0178227767,"63":0.0125615497,"64":0.0360352579,"65":0.0142747635,"66":0.0149684816,"67":0.0166515241,"68":0.0162042723,"69":0.0168008631,"70":0.0127299928,"71":0.0142715647,"72":0.0169728773,"73":0.0177047655,"74":0.0134929468,"75":0.0226147808,"76":0.0235311341,"77":0.0151718937,"78":0.0176779517,"79":0.0206098161,"80":0.0276528964,"81":0.0163583844,"82":0.01618287,"83":0.0114402971,"84":0.0291243156,"85":0.0192510426,"86":0.0107237609,"87":0.0112733579,"88":0.0131015964,"89":0.0241352321,"90":0.0140925641,"91":0.0179447973,"92":0.0124790159,"93":0.0144470063,"94":0.0114483252,"95":0.0110125842,"96":0.0090464206,"97":0.0079539589,"98":0.0183475204,"99":0.0112303539},"avg_acc":{"0":0.7918881774,"1":0.8793863058,"2":0.9111347198,"3":0.9208567739,"4":0.9396931529,"5":0.9409083724,"6":0.9468327165,"7":0.9529089928,"8":0.9600486159,"9":0.9620233774,"10":0.9639981985,"11":0.963694334,"12":0.9661248326,"13":0.9758468866,"14":0.9731125832,"15":0.9737201929,"16":0.9807078838,"17":0.9776697755,"18":0.9816192985,"19":0.9832903147,"20":0.9793407321,"21":0.9817712307,"22":0.987847507,"23":0.9899741411,"24":0.9822269678,"25":0.9829864502,"26":0.9889107943,"27":0.9876955748,"28":0.9914932251,"29":0.9838979244,"30":0.9889107943,"31":0.9892146587,"32":0.9886069894,"33":0.9913413525,"34":0.9851131439,"35":0.9895184636,"36":0.9876955748,"37":0.9934679866,"38":0.99179703,"39":0.991037488,"40":0.9879993796,"41":0.9916451573,"42":0.9914932251,"43":0.9890627265,"44":0.9937718511,"45":0.9899741411,"46":0.9927085042,"47":0.9908856153,"48":0.9876955748,"49":0.9901260734,"50":0.9873917699,"51":0.9965061545,"52":0.9951390028,"53":0.9934679866,"54":0.9933161139,"55":0.9946832657,"56":0.9981771111,"57":0.9945313334,"58":0.9968099594,"59":0.9914932251,"60":0.9930123091,"61":0.9968099594,"62":0.9946832657,"63":0.9962023497,"64":0.9892146587,"65":0.9962023497,"66":0.9960504174,"67":0.9954428077,"68":0.9948351979,"69":0.9936199188,"70":0.9962023497,"71":0.9957466125,"72":0.9942275286,"73":0.9945313334,"74":0.9954428077,"75":0.9945313334,"76":0.9919489622,"77":0.9943794608,"78":0.9954428077,"79":0.9930123091,"80":0.9924046993,"81":0.9939237237,"82":0.9957466125,"83":0.9968099594,"84":0.9908856153,"85":0.9937718511,"86":0.9965061545,"87":0.9974175692,"88":0.9957466125,"89":0.9928603768,"90":0.9951390028,"91":0.9934679866,"92":0.9951390028,"93":0.9952908754,"94":0.9962023497,"95":0.997721374,"96":0.9963542223,"97":0.9974175692,"98":0.9942275286,"99":0.9965061545},"avg_loss_val":{"0":0.4434761546,"1":0.3017366028,"2":0.2140253395,"3":0.2146173537,"4":0.1663351218,"5":0.1820249674,"6":0.267464072,"7":0.0672949266,"8":0.0816062516,"9":0.0717434965,"10":0.128722604,"11":0.101024118,"12":0.0544467568,"13":0.0716730348,"14":0.0864763556,"15":0.0891534219,"16":0.022376319,"17":0.0384459697,"18":0.0227980076,"19":0.0367636583,"20":0.029495271,"21":0.0510347191,"22":0.032881597,"23":0.040826831,"24":0.0270683746,"25":0.0449278113,"26":0.0250258194,"27":0.0518424512,"28":0.0215581175,"29":0.0528860603,"30":0.0269861419,"31":0.0259887528,"32":0.0168154441,"33":0.0147255309,"34":0.035885657,"35":0.0173250965,"36":0.0220095103,"37":0.0087437544,"38":0.0162289659,"39":0.0165248428,"40":0.0113211405,"41":0.0448256732,"42":0.0340127288,"43":0.0086832772,"44":0.0274593306,"45":0.0136905554,"46":0.0072663918,"47":0.0128362355,"48":0.0508761061,"49":0.0178509467,"50":0.016331593,"51":0.0052417531,"52":0.0287303712,"53":0.0093550865,"54":0.018408808,"55":0.0383418421,"56":0.0167504758,"57":0.0108430868,"58":0.011794158,"59":0.0045822509,"60":0.0042005818,"61":0.0065419611,"62":0.0050990112,"63":0.0063944767,"64":0.015771332,"65":0.0050881576,"66":0.0083608116,"67":0.0018557701,"68":0.0210760707,"69":0.0140459134,"70":0.0020978191,"71":0.0047727578,"72":0.0237383381,"73":0.0153772113,"74":0.0110111625,"75":0.0173134857,"76":0.0169341954,"77":0.0080152318,"78":0.0153165039,"79":0.013903156,"80":0.0034097326,"81":0.0128890307,"82":0.0135417872,"83":0.0123203346,"84":0.0162737649,"85":0.007742628,"86":0.0068827816,"87":0.0043973958,"88":0.0060265135,"89":0.0188415137,"90":0.0031467682,"91":0.0088056029,"92":0.0059009584,"93":0.0070981155,"94":0.0356482093,"95":0.0074891792,"96":0.0009993055,"97":0.0030384751,"98":0.0105060682,"99":0.0020597404},"avg_acc_val":{"0":0.8590000272,"1":0.911000073,"2":0.9200000167,"3":0.9270000458,"4":0.9480000734,"5":0.9450000525,"6":0.905000031,"7":0.9780000448,"8":0.9750000238,"9":0.9790000319,"10":0.9570000172,"11":0.9700000286,"12":0.9840000272,"13":0.9760000706,"14":0.9740000367,"15":0.9730000496,"16":0.9920000434,"17":0.9890000224,"18":0.9920000434,"19":0.9880000353,"20":0.9920000434,"21":0.9790000319,"22":0.9900000691,"23":0.9870000482,"24":0.9910000563,"25":0.9890000224,"26":0.9930000305,"27":0.9880000353,"28":0.9940000176,"29":0.986000061,"30":0.9910000563,"31":0.9910000563,"32":0.9940000176,"33":0.9980000257,"34":0.9880000353,"35":0.9960000515,"36":0.9900000691,"37":0.9980000257,"38":0.9960000515,"39":0.9950000644,"40":0.9960000515,"41":0.9870000482,"42":0.9900000691,"43":0.9990000725,"44":0.9910000563,"45":0.9970000386,"46":0.9980000257,"47":0.9970000386,"48":0.9870000482,"49":0.9960000515,"50":0.9930000305,"51":1.0,"52":0.9910000563,"53":0.9970000386,"54":0.9940000176,"55":0.9910000563,"56":0.9940000176,"57":0.9960000515,"58":0.9950000644,"59":1.0,"60":0.9980000257,"61":0.9980000257,"62":0.9980000257,"63":0.9980000257,"64":0.9950000644,"65":0.9990000725,"66":0.9980000257,"67":1.0,"68":0.9920000434,"69":0.9970000386,"70":1.0,"71":0.9980000257,"72":0.9930000305,"73":0.9950000644,"74":0.9970000386,"75":0.9960000515,"76":0.9960000515,"77":0.9980000257,"78":0.9960000515,"79":0.9940000176,"80":1.0,"81":0.9950000644,"82":0.9950000644,"83":0.9970000386,"84":0.9970000386,"85":0.9970000386,"86":0.9970000386,"87":0.9990000725,"88":0.9990000725,"89":0.9960000515,"90":0.9990000725,"91":0.9960000515,"92":0.9990000725,"93":0.9980000257,"94":0.9890000224,"95":0.9970000386,"96":1.0,"97":1.0,"98":0.9970000386,"99":0.9990000725},"image_size":{"0":256,"1":256,"2":256,"3":256,"4":256,"5":256,"6":256,"7":256,"8":256,