{"epoch":{"0":0,"1":1,"2":2,"3":3,"4":4,"5":5,"6":6,"7":7,"8":8,"9":9,"10":10,"11":11,"12":12,"13":13,"14":14,"15":15,"16":16,"17":17,"18":18,"19":19,"20":20,"21":21,"22":22,"23":23,"24":24,"25":25,"26":26,"27":27,"28":28,"29":29,"30":30,"31":31,"32":32,"33":33,"34":34,"35":35,"36":36,"37":37,"38":38,"39":39,"40":40,"41":41,"42":42,"43":43,"44":44,"45":45,"46":46,"47":47,"48":48,"49":49,"50":50,"51":51,"52":52,"53":53,"54":54,"55":55,"56":56,"57":57,"58":58,"59":59,"60":60,"61":61,"62":62,"63":63,"64":64,"65":65,"66":66,"67":67,"68":68,"69":69,"70":70,"71":71,"72":72,"73":73,"74":74,"75":75,"76":76,"77":77,"78":78,"79":79,"80":80,"81":81,"82":82,"83":83,"84":84,"85":85,"86":86,"87":87,"88":88,"89":89,"90":90,"91":91,"92":92,"93":93,"94":94,"95":95,"96":96,"97":97,"98":98,"99":99},"avg_loss":{"0":0.4530422995,"1":0.2597145193,"2":0.1982496466,"3":0.1431011762,"4":0.1364567971,"5":0.1082197173,"6":0.0848848702,"7":0.095069909,"8":0.0916900711,"9":0.0933166366,"10":0.0691260667,"11":0.0712388247,"12":0.0526378799,"13":0.0588738478,"14":0.0507383255,"15":0.0455992044,"16":0.0466756152,"17":0.0553221138,"18":0.0345120353,"19":0.0416200256,"20":0.0254500109,"21":0.0301042454,"22":0.036774521,"23":0.0315425543,"24":0.0381474266,"25":0.0164466007,"26":0.0104285094,"27":0.007180337,"28":0.0050097247,"29":0.0094290422,"30":0.007766452,"31":0.0066986154,"32":0.0079503338,"33":0.0047196341,"34":0.0090526324,"35":0.0033450423,"36":0.0054697114,"37":0.0050930166,"38":0.0045667025,"39":0.0041688392,"40":0.0039811504,"41":0.0054118258,"42":0.0050809378,"43":0.0029448659,"44":0.0036667474,"45":0.0045549413,"46":0.0040391914,"47":0.0044943857,"48":0.0064000662,"49":0.0021061348,"50":0.003255959,"51":0.0022646314,"52":0.0025824161,"53":0.0029653217,"54":0.0020615303,"55":0.0028125331,"56":0.0014196249,"57":0.0023163668,"58":0.0028320705,"59":0.0043984924,"60":0.0026633743,"61":0.0011054666,"62":0.0016750774,"63":0.0039554497,"64":0.0020123757,"65":0.0034806532,"66":0.0027764449,"67":0.002866381,"68":0.001596906,"69":0.0024172756,"70":0.0028055599,"71":0.0029209955,"72":0.0024579435,"73":0.0021782522,"74":0.001362392,"75":0.0029360292,"76":0.0036685216,"77":0.0019307546,"78":0.0018996666,"79":0.0036712391,"80":0.0020373652,"81":0.0024811317,"82":0.0021132202,"83":0.0026877631,"84":0.0014009292,"85":0.0011690583,"86":0.0040159706,"87":0.0011854239,"88":0.0017445618,"89":0.0010650102,"90":0.0024165385,"91":0.0021086441,"92":0.0034599399,"93":0.0027753557,"94":0.0020250996,"95":0.0026630425,"96":0.0020807691,"97":0.0042950006,"98":0.0041996867,"99":0.0015305769},"avg_acc":{"0":0.8599439859,"1":0.9159663916,"2":0.9417766929,"3":0.9541816711,"4":0.957783103,"5":0.9641856551,"6":0.9717887044,"7":0.972589016,"8":0.9733893275,"9":0.9707883,"10":0.9801920652,"11":0.9777911305,"12":0.9827930927,"13":0.9839935899,"14":0.9837934971,"15":0.9857943058,"16":0.9861944914,"17":0.9819927812,"18":0.9893957376,"19":0.9879952073,"20":0.9929971695,"21":0.990396142,"22":0.989996016,"23":0.9887955189,"24":0.9885954261,"25":0.9943977594,"26":0.9969987869,"27":0.9975990057,"28":0.9981992841,"29":0.9965986609,"30":0.9973989725,"31":0.9971988797,"32":0.9965986609,"33":0.9985994101,"34":0.9967986941,"35":0.9991996884,"36":0.9977990985,"37":0.9981992841,"38":0.9987995028,"39":0.9985994101,"40":0.9987995028,"41":0.9989995956,"42":0.9987995028,"43":0.9991996884,"44":0.9985994101,"45":0.9981992841,"46":0.9981992841,"47":0.9983993769,"48":0.9975990057,"49":0.9995998144,"50":0.9989995956,"51":0.9991996884,"52":0.9993997812,"53":0.9987995028,"54":0.9995998144,"55":0.9993997812,"56":0.9997999072,"57":0.9995998144,"58":0.9989995956,"59":0.9985994101,"60":0.9991996884,"61":1.0,"62":0.9993997812,"63":0.9987995028,"64":0.9993997812,"65":0.9987995028,"66":0.9989995956,"67":0.9993997812,"68":0.9997999072,"69":0.9991996884,"70":0.9989995956,"71":0.9987995028,"72":0.9991996884,"73":0.9993997812,"74":0.9993997812,"75":0.9989995956,"76":0.9989995956,"77":0.9991996884,"78":0.9993997812,"79":0.9987995028,"80":0.9991996884,"81":0.9991996884,"82":0.9995998144,"83":0.9993997812,"84":0.9997999072,"85":1.0,"86":0.9993997812,"87":0.9995998144,"88":0.9995998144,"89":0.9997999072,"90":0.9989995956,"91":0.9993997812,"92":0.9987995028,"93":0.9989995956,"94":0.9995998144,"95":0.9993997812,"96":0.9991996884,"97":0.9989995956,"98":0.9991996884,"99":0.9997999072},"avg_loss_val":{"0":0.3453174855,"1":0.1641290026,"2":0.1829917233,"3":0.1411258416,"4":0.2761071764,"5":0.2090004755,"6":0.1161943146,"7":0.1573223692,"8":0.1713212048,"9":0.1337560624,"10":0.2735165698,"11":0.1390804757,"12":0.1483272193,"13":0.1334906183,"14":0.1659955027,"15":0.1106349091,"16":0.2422978735,"17":0.0971298683,"18":0.1820648672,"19":0.1017556186,"20":0.1867982876,"21":0.1817514764,"22":0.137064088,"23":0.1655441157,"24":0.1736896068,"25":0.1247910708,"26":0.1355117025,"27":0.1160668385,"28":0.1646250421,"29":0.1478912924,"30":0.1298667994,"31":0.1050459054,"32":0.1219071663,"33":0.1435530863,"34":0.1127998596,"35":0.0774602369,"36":0.1176094049,"37":0.1262813091,"38":0.0979082459,"39":0.1199086052,"40":0.1102514218,"41":0.1339563236,"42":0.1368310383,"43":0.1239423481,"44":0.1325345476,"45":0.1136180639,"46":0.12863346,"47":0.1088884138,"48":0.1392736393,"49":0.1142747882,"50":0.1365422519,"51":0.12106195,"52":0.1082638989,"53":0.1269599547,"54":0.1280279694,"55":0.1238846694,"56":0.1266142732,"57":0.1342091011,"58":0.1396803402,"59":0.1079384136,"60":0.110022489,"61":0.1294515769,"62":0.110958274,"63":0.1531392036,"64":0.1318830965,"65":0.1148965411,"66":0.1246180656,"67":0.1077445412,"68":0.0999244862,"69":0.1495400907,"70":0.1277218696,"71":0.1467737642,"72":0.1666752602,"73":0.1681354756,"74":0.1044166325,"75":0.12521586,"76":0.146671273,"77":0.1351495416,"78":0.138235275,"79":0.1250621122,"80":0.1211463783,"81":0.1337951047,"82":0.1132217906,"83":0.1162470726,"84":0.1126394464,"85":0.1479650636,"86":0.1253451668,"87":0.1365754006,"88":0.1270909841,"89":0.1314100129,"90":0.1288637779,"91":0.1179668637,"92":0.1143416857,"93":0.1324018799,"94":0.1245060333,"95":0.115935387,"96":0.1477749173,"97":0.1087913226,"98":0.1210853998,"99":0.1275268249},"avg_acc_val":{"0":0.8937875628,"1":0.948897779,"2":0.9468938112,"3":0.9579158425,"4":0.9228457212,"5":0.9378757477,"6":0.9589178562,"7":0.9579158425,"8":0.9529058337,"9":0.9659318924,"10":0.9168336987,"11":0.9539078474,"12":0.9599198699,"13":0.9629258513,"14":0.9539078474,"15":0.9719439149,"16":0.9428857565,"17":0.9719439149,"18":0.9539078474,"19":0.9649298787,"20":0.948897779,"21":0.9498997927,"22":0.9649298787,"23":0.9649298787,"24":0.9569138288,"25":0.9769539237,"26":0.9689378738,"27":0.9709419012,"28":0.9699398875,"29":0.97595191,"30":0.9719439149,"31":0.9749498963,"32":0.9789579511,"33":0.9719439149,"34":0.9699398875,"35":0.9799599051,"36":0.9709419012,"37":0.9739478827,"38":0.9739478827,"39":0.9779559374,"40":0.9749498963,"41":0.9749498963,"42":0.97595191,"43":0.9699398875,"44":0.9729459286,"45":0.9769539237,"46":0.9699398875,"47":0.9799599051,"48":0.9749498963,"49":0.9739478827,"50":0.9729459286,"51":0.9799599051,"52":0.9769539237,"53":0.9719439149,"54":0.9749498963,"55":0.9769539237,"56":0.9729459286,"57":0.9659318924,"58":0.9749498963,"59":0.97595191,"60":0.9779559374,"61":0.9739478827,"62":0.9779559374,"63":0.9719439149,"64":0.97595191,"65":0.9799599051,"66":0.9779559374,"67":0.9769539237,"68":0.9779559374,"69":0.9709419012,"70":0.9719439149,"71":0.9729459286,"72":0.9719439149,"73":0.9679358602,"74":0.9729459286,"75":0.9769539237,"76":0.9699398875,"77":0.9749498963,"78":0.9709419012,"79":0.9779559374,"80":0.9729459286,"81":0.9749498963,"82":0.9739478827,"83":0.9789579511,"84":0.9779559374,"85":0.9779559374,"86":0.9739478827,"87":0.97595191,"88":0.97595191,"89":0.97595191,"90":0.9769539237,"91":0.9769539237,"92":0.9739478827,"93":0.9779559374,"94":0.9799599051,"95":0.9779559374,"96":0.9749498963,"97":0.9739478827,"98":0.9679358602,"99":0.9809619188},"image_size":{"0":256,"1":256,"2":256,"3":256,