{"epoch":{"0":0,"1":1,"2":2,"3":3,"4":4,"5":5,"6":6,"7":7,"8":8,"9":9,"10":10,"11":11,"12":12,"13":13,"14":14,"15":15,"16":16,"17":17,"18":18,"19":19,"20":20,"21":21,"22":22,"23":23,"24":24,"25":25,"26":26,"27":27,"28":28,"29":29,"30":30,"31":31,"32":32,"33":33,"34":34,"35":35,"36":36,"37":37,"38":38,"39":39,"40":40,"41":41,"42":42,"43":43,"44":44,"45":45,"46":46,"47":47,"48":48,"49":49},"avg_loss":{"0":0.9606088734,"1":0.5963635746,"2":0.5034790421,"3":0.4356625784,"4":0.3727179048,"5":0.32407757,"6":0.3169433564,"7":0.2690237475,"8":0.2555540917,"9":0.225200217,"10":0.2253405287,"11":0.1911702384,"12":0.1730801855,"13":0.1681630718,"14":0.1729339905,"15":0.158630327,"16":0.1575904406,"17":0.1363592912,"18":0.1356743386,"19":0.1275307525,"20":0.0941617698,"21":0.0946058752,"22":0.1166254776,"23":0.1103364471,"24":0.0923767045,"25":0.0958673874,"26":0.1016218383,"27":0.0951029176,"28":0.0934283136,"29":0.0804670552,"30":0.0846210718,"31":0.0781548233,"32":0.0758407982,"33":0.0930043894,"34":0.0786739634,"35":0.0779165634,"36":0.0832107331,"37":0.0643104532,"38":0.0683491577,"39":0.0644702704,"40":0.0590218262,"41":0.060662093,"42":0.0674723065,"43":0.0567400378,"44":0.0561027543,"45":0.0590182697,"46":0.0554173194,"47":0.0567750791,"48":0.0573198866,"49":0.0630744399},"avg_acc":{"0":0.684484303,"1":0.8078923821,"2":0.8344395161,"3":0.8566816449,"4":0.8810762763,"5":0.8950672746,"6":0.8991928697,"7":0.9153363705,"8":0.9158744812,"9":0.9291480184,"10":0.9262780547,"11":0.9354260564,"12":0.9427803159,"13":0.9470852613,"14":0.9445739985,"15":0.9488789439,"16":0.9515695572,"17":0.9542601109,"18":0.9574888349,"19":0.9603587985,"20":0.9698655009,"21":0.970762372,"22":0.9630493522,"23":0.9659193158,"24":0.9718385935,"25":0.970762372,"26":0.9684305191,"27":0.9714798331,"28":0.9729148149,"29":0.973991096,"30":0.9727354646,"31":0.9754260182,"32":0.97704041,"33":0.9732735753,"34":0.9772197604,"35":0.9730942249,"36":0.9754260182,"37":0.9806278348,"38":0.979372263,"39":0.9800897241,"40":0.9802690744,"41":0.982421577,"42":0.9782959819,"43":0.9849327803,"44":0.9813453555,"45":0.9815247059,"46":0.9826009274,"47":0.9826009274,"48":0.9826009274,"49":0.9799103737},"avg_loss_val":{"0":0.7271383191,"1":0.6224974156,"2":0.5605102366,"3":0.553225023,"4":0.5364081745,"5":0.4885561788,"6":0.4409012815,"7":0.5280859854,"8":0.5296963715,"9":0.4960613948,"10":0.4442044677,"11":0.5231428532,"12":0.4905443411,"13":0.50062017,"14":0.5317865796,"15":0.5498874941,"16":0.5090135204,"17":0.5093913488,"18":0.4729950845,"19":0.5026487133,"20":0.5430170392,"21":0.5140549706,"22":0.5053679659,"23":0.47022461,"24":0.5219479481,"25":0.5630973487,"26":0.5248093159,"27":0.5224301893,"28":0.5142421237,"29":0.5263363687,"30":0.5516884965,"31":0.538733577,"32":0.6018262081,"33":0.5380071964,"34":0.5003067035,"35":0.5564351861,"36":0.556521112,"37":0.5662707145,"38":0.4817868139,"39":0.5496281182,"40":0.5631160737,"41":0.6053710259,"42":0.554330507,"43":0.5173267624,"44":0.5753434582,"45":0.5597229326,"46":0.4739864873,"47":0.5774976455,"48":0.5176249856,"49":0.5063474546},"avg_acc_val":{"0":0.7596348524,"1":0.7905679345,"2":0.8164299726,"3":0.8189654946,"4":0.831135869,"5":0.8468559384,"6":0.8580121398,"7":0.8387423754,"8":0.8569979668,"9":0.8519269824,"10":0.8661257625,"11":0.8498985767,"12":0.8427991867,"13":0.8539553285,"14":0.8580121398,"15":0.8377282023,"16":0.8686612248,"17":0.8651115298,"18":0.8656186461,"19":0.8600405455,"20":0.8625760674,"21":0.8661257625,"22":0.8676470518,"23":0.8706896305,"24":0.8575050235,"25":0.8493914604,"26":0.8625760674,"27":0.8595334291,"28":0.8656186461,"29":0.8747464418,"30":0.8514198661,"31":0.8564908504,"32":0.8509127498,"33":0.8544624448,"34":0.8711967468,"35":0.8595334291,"36":0.8656186461,"37":0.8615618348,"38":0.8879309893,"39":0.8615618348,"40":0.8651115298,"41":0.8590263724,"42":0.8635902405,"43":0.8803245425,"44":0.8671399355,"45":0.8610547185,"46":0.8818458319,"47":0.8595334291,"48":0.8722109199,"49":0.8732251525},"device_type":{"0":"cuda","1":"cuda","2":"cuda","3":"cuda","4":"cuda","5":"cuda","6":"cuda","7":"cuda","8":"cuda","9":"cuda","10":"cuda","11":"cuda","12":"cuda","13":"cuda","14":"cuda","15":"cuda","16":"cuda","17":"cuda","18":"cuda","19":"cuda","20":"cuda","21":"cuda","22":"cuda","23":"cuda","24":"cuda","25":"cuda","26":"cuda","27":"cuda","28":"cuda","29":"cuda","30":"cuda","31":"cuda","32":"cuda","33":"cuda","34":"cuda","35":"cuda","36":"cuda","37":"cuda","38":"cuda","39":"cuda","40":"cuda","41":"cuda","42":"cuda","43":"cuda","44":"cuda","45":"cuda","46":"cuda","47":"cuda","48":"cuda","49":"cuda"}}