{"epoch":{"0":0,"1":1,"2":2,"3":3,"4":4,"5":5,"6":6,"7":7,"8":8,"9":9,"10":10,"11":11,"12":12,"13":13,"14":14,"15":15,"16":16,"17":17,"18":18,"19":19,"20":20,"21":21,"22":22,"23":23,"24":24,"25":25,"26":26,"27":27,"28":28,"29":29,"30":30,"31":31,"32":32,"33":33,"34":34,"35":35,"36":36,"37":37,"38":38,"39":39,"40":40,"41":41,"42":42,"43":43,"44":44,"45":45,"46":46,"47":47,"48":48,"49":49,"50":50,"51":51,"52":52,"53":53,"54":54,"55":55,"56":56,"57":57,"58":58,"59":59,"60":60,"61":61,"62":62,"63":63,"64":64,"65":65,"66":66,"67":67,"68":68,"69":69,"70":70,"71":71,"72":72,"73":73,"74":74,"75":75,"76":76,"77":77,"78":78,"79":79,"80":80,"81":81,"82":82,"83":83,"84":84,"85":85,"86":86,"87":87,"88":88,"89":89,"90":90,"91":91,"92":92,"93":93,"94":94,"95":95,"96":96,"97":97,"98":98,"99":99},"avg_loss":{"0":0.4806089883,"1":0.2709080601,"2":0.2010985078,"3":0.1548063957,"4":0.1288103376,"5":0.1051765307,"6":0.0986065413,"7":0.1189538162,"8":0.0726758726,"9":0.0998960509,"10":0.0336584143,"11":0.021210636,"12":0.0219970633,"13":0.0201308258,"14":0.017150833,"15":0.0244515367,"16":0.0121476064,"17":0.013111766,"18":0.0133241743,"19":0.0113748228,"20":0.0098296139,"21":0.0100939123,"22":0.0117189312,"23":0.012233382,"24":0.0160137074,"25":0.0101042888,"26":0.0080700448,"27":0.0091562634,"28":0.0108691957,"29":0.0080745848,"30":0.0121682283,"31":0.0094518889,"32":0.0088766841,"33":0.009929415,"34":0.0113231682,"35":0.0109883105,"36":0.0109524848,"37":0.0101123943,"38":0.0106434597,"39":0.0106457629,"40":0.008673176,"41":0.0107279413,"42":0.0109011909,"43":0.0125325344,"44":0.0120299042,"45":0.0094551018,"46":0.0079326012,"47":0.0095136713,"48":0.0126353751,"49":0.011314148,"50":0.0112630626,"51":0.0119841424,"52":0.0116986756,"53":0.0095546659,"54":0.0113866798,"55":0.0129056561,"56":0.0089907728,"57":0.0102892318,"58":0.0101137102,"59":0.0115446737,"60":0.0109825428,"61":0.0076657538,"62":0.0113854387,"63":0.0125575109,"64":0.0118539357,"65":0.0081770055,"66":0.0089677326,"67":0.0124892359,"68":0.0115102208,"69":0.0084199183,"70":0.0107868779,"71":0.0102684654,"72":0.0103586396,"73":0.0117878721,"74":0.0097628241,"75":0.0108710008,"76":0.009619275,"77":0.0113870616,"78":0.0100053293,"79":0.009006491,"80":0.0123463981,"81":0.0092745487,"82":0.012820489,"83":0.0108746409,"84":0.0067750256,"85":0.0095156756,"86":0.0105255164,"87":0.0115281504,"88":0.0083412783,"89":0.0081550792,"90":0.0108152738,"91":0.0122123793,"92":0.0092124726,"93":0.0101235783,"94":0.0102667118,"95":0.0103841649,"96":0.0098304419,"97":0.0107664979,"98":0.0120914152,"99":0.0127053141},"avg_acc":{"0":0.8449379802,"1":0.9157662988,"2":0.932973206,"3":0.9511804581,"4":0.9579831958,"5":0.9675870538,"6":0.9685873985,"7":0.9635854363,"8":0.9765906334,"9":0.967787087,"10":0.9889956117,"11":0.9953981638,"12":0.9925970435,"13":0.9939975739,"14":0.9943977594,"15":0.9921968579,"16":0.9969987869,"17":0.9961984754,"18":0.9959983826,"19":0.9969987869,"20":0.9973989725,"21":0.9973989725,"22":0.9963985682,"23":0.9959983826,"24":0.9949979782,"25":0.9963985682,"26":0.9977990985,"27":0.9967986941,"28":0.9969987869,"29":0.9975990057,"30":0.9963985682,"31":0.9973989725,"32":0.9971988797,"33":0.9969987869,"34":0.9963985682,"35":0.9977990985,"36":0.9965986609,"37":0.9969987869,"38":0.9973989725,"39":0.9967986941,"40":0.9973989725,"41":0.9965986609,"42":0.9973989725,"43":0.9959983826,"44":0.9967986941,"45":0.9971988797,"46":0.9975990057,"47":0.9975990057,"48":0.9961984754,"49":0.9971988797,"50":0.9967986941,"51":0.9967986941,"52":0.9963985682,"53":0.9965986609,"54":0.9963985682,"55":0.9955982566,"56":0.9975990057,"57":0.9969987869,"58":0.9961984754,"59":0.9961984754,"60":0.9963985682,"61":0.9979991913,"62":0.9963985682,"63":0.9963985682,"64":0.9967986941,"65":0.9977990985,"66":0.9973989725,"67":0.9969987869,"68":0.9967986941,"69":0.9975990057,"70":0.9963985682,"71":0.9961984754,"72":0.9965986609,"73":0.9963985682,"74":0.9971988797,"75":0.9971988797,"76":0.9977990985,"77":0.9963985682,"78":0.9963985682,"79":0.9975990057,"80":0.9965986609,"81":0.9971988797,"82":0.9955982566,"83":0.9967986941,"84":0.9983993769,"85":0.9967986941,"86":0.9967986941,"87":0.9961984754,"88":0.9971988797,"89":0.9975990057,"90":0.9967986941,"91":0.9957982898,"92":0.9975990057,"93":0.9963985682,"94":0.9973989725,"95":0.9971988797,"96":0.9963985682,"97":0.9965986609,"98":0.9965986609,"99":0.9953981638},"avg_loss_val":{"0":0.3900701954,"1":0.2573149118,"2":0.1941177084,"3":0.1583771991,"4":0.1945052148,"5":0.2031557934,"6":0.1615165393,"7":0.1576870461,"8":0.1765302621,"9":0.1454958684,"10":0.1192685985,"11":0.1161099806,"12":0.1185801902,"13":0.10622183,"14":0.1025999137,"15":0.1189754213,"16":0.1092542513,"17":0.0991399211,"18":0.0920254379,"19":0.09138842,"20":0.1227682013,"21":0.1163286258,"22":0.1024708741,"23":0.115295915,"24":0.1025602816,"25":0.1261282098,"26":0.1059760676,"27":0.0919664052,"28":0.1076870305,"29":0.0887598834,"30":0.0999442221,"31":0.1094844123,"32":0.1075086029,"33":0.1077035292,"34":0.106556294,"35":0.1156343047,"36":0.1074685165,"37":0.1019104378,"38":0.0902110614,"39":0.106661581,"40":0.0893751405,"41":0.1046767904,"42":0.0987131786,"43":0.0969158698,"44":0.1089073772,"45":0.1156141737,"46":0.0863826866,"47":0.0772624864,"48":0.0905231631,"49":0.1287825254,"50":0.1067821255,"51":0.0845711275,"52":0.1141597099,"53":0.1160824829,"54":0.09213923,"55":0.1169035523,"56":0.1068885866,"57":0.0979906219,"58":0.1069403685,"59":0.0825823466,"60":0.0980006484,"61":0.0930201391,"62":0.1043762492,"63":0.0955367943,"64":0.0962437565,"65":0.1105042535,"66":0.0970919328,"67":0.1083618626,"68":0.1069080526,"69":0.1020674402,"70":0.0985178683,"71":0.1021106836,"72":0.0884736587,"73":0.0992825343,"74":0.0872216058,"75":0.1018453899,"76":0.1158264726,"77":0.1164094866,"78":0.1058651496,"79":0.116955158,"80":0.1124303983,"81":0.0982312667,"82":0.1082577315,"83":0.0990716048,"84":0.1091801173,"85":0.1158097319,"86":0.0899878629,"87":0.0894692912,"88":0.0853724173,"89":0.1083081225,"90":0.1192594754,"91":0.0994791221,"92":0.1282897065,"93":0.137882091,"94":0.1040554299,"95":0.0928873026,"96":0.0856137907,"97":0.0965365061,"98":0.0889831131,"99":0.1060545027},"avg_acc_val":{"0":0.8547094464,"1":0.9238477349,"2":0.9408817887,"3":0.9498997927,"4":0.9348697662,"5":0.9318637252,"6":0.9559118152,"7":0.9509018064,"8":0.9509018064,"9":0.963927865,"10":0.9659318924,"11":0.9729459286,"12":0.9699398875,"13":0.9699398875,"14":0.9649298787,"15":0.9619238377,"16":0.9709419012,"17":0.97595191,"18":0.9729459286,"19":0.9749498963,"20":0.9729459286,"21":0.963927865,"22":0.9719439149,"23":0.9739478827,"24":0.9699398875,"25":0.9679358602,"26":0.97595191,"27":0.9769539237,"28":0.9719439149,"29":0.9809619188,"30":0.9709419012,"31":0.9689378738,"32":0.9719439149,"33":0.9709419012,"34":0.9739478827,"35":0.9659318924,"36":0.9719439149,"37":0.97595191,"38":0.9719439149,"39":0.9799599051,"40":0.9769539237,"41":0.9709419012,"42":0.9729459286,"43":0.9739478827,"44":0.9739478827,"45":0.9709419012,"46":0.9769539237,"47":0.9769539237,"48":0.97595191,"49":0.9699398875,"50":0.9729459286,"51":0.9799599051,"52":0.9709419012,"53":0.9679358602,"54":0.9749498963,"55":0.9739478827,"56":0.9729459286,"57":0.9749498963,"58":0.9729459286,"59":0.9749498963,"60":0.9769539237,"61":0.9729459286,"62":0.9729459286,"63":0.9739478827,"64":0.9749498963,"65":0.9699398875,"66":0.9779559374,"67":0.9689378738,"68":0.9699398875,"69":0.9729459286,"70":0.9729459286,"71":0.9689378738,"72":0.9779559374,"73":0.9729459286,"74":0.9729459286,"75":0.9699398875,"76":0.9729459286,"77":0.9689378738,"78":0.9719439149,"79":0.9719439149,"80":0.9709419012,"81":0.9739478827,"82":0.9749498963,"83":0.9689378738,"84":0.9709419012,"85":0.9689378738,"86":0.97595191,"87":0.9749498963,"88":0.97595191,"89":0.9749498963,"90":0.9699398875,"91":0.9709419012,"92":0.9719439149,"93":0.9629258513,"94":0.9699398875,"95":0.97595191,"96":0.9739478827,"97":0.9699398875,"98":0.9739478827,"99":0.9719439149},"image_size":{"0":256,"1":256,