{"is_flickr":{"1":1,"2":0,"3":0,"4":0,"5":0,"6":0,"7":1,"8":1,"9":1,"10":1,"11":1,"12":1,"13":1,"14":1,"15":0,"16":1,"17":1,"18":1,"19":1,"20":1,"21":1,"22":0,"23":1,"24":1,"25":1,"26":1,"27":1,"28":1,"29":1,"30":1,"31":1,"32":1,"33":1,"34":1,"35":0,"36":0,"37":1,"38":0,"39":0,"40":1,"41":1,"42":1,"43":1,"44":0,"45":0,"46":0,"47":1,"48":0,"49":1,"50":1,"51":1},"dt":{"1":0.1694169044,"2":0.1421089172,"3":0.3088157177,"4":0.0935320854,"5":0.6162288189,"6":0.2231431007,"7":0.1805648804,"8":0.1630709171,"9":0.1535968781,"10":0.1609489918,"11":0.153482914,"12":0.1793880463,"13":0.1753573418,"14":0.142621994,"15":0.9833068848,"16":0.1686360836,"17":0.1619772911,"18":0.1699712276,"19":0.1595139503,"20":0.1453080177,"21":0.2312672138,"22":0.2405200005,"23":0.1852631569,"24":0.1515631676,"25":0.179828167,"26":0.1865959167,"27":0.1480460167,"28":0.1613528728,"29":0.1384589672,"30":0.1691017151,"31":0.195609808,"32":0.4958600998,"33":0.2041940689,"34":0.1451978683,"35":0.6164917946,"36":0.2155909538,"37":0.1621730328,"38":0.2937681675,"39":0.0767586231,"40":0.1386039257,"41":0.1592261791,"42":0.150343895,"43":0.1835918427,"44":0.084072113,"45":0.31884408,"46":0.2703008652,"47":0.1559979916,"48":0.152244091,"49":0.2197132111,"50":0.157127142,"51":0.1773939133},"lab_work":{"1":1,"2":1,"3":1,"4":1,"5":1,"6":1,"7":1,"8":1,"9":1,"10":1,"11":1,"12":1,"13":1,"14":1,"15":1,"16":1,"17":1,"18":1,"19":1,"20":1,"21":1,"22":1,"23":1,"24":1,"25":1,"26":1,"27":1,"28":1,"29":1,"30":1,"31":1,"32":1,"33":1,"34":1,"35":1,"36":1,"37":1,"38":1,"39":1,"40":1,"41":1,"42":1,"43":1,"44":1,"45":1,"46":1,"47":1,"48":1,"49":1,"50":1,"51":1},"class_wnid":{"1":"n01443537","2":"n01443537","3":"n01443537","4":"n01443537","5":"n01443537","6":"n02058221","7":"n02058221","8":"n02058221","9":"n02058221","10":"n02058221","11":"n02077923","12":"n02077923","13":"n02077923","14":"n02077923","15":"n02077923","16":"n02219486","17":"n02219486","18":"n02219486","19":"n02219486","20":"n02219486","21":"n02487347","22":"n02487347","23":"n02487347","24":"n02487347","25":"n02487347","26":"n02794156","27":"n02794156","28":"n02794156","29":"n02794156","30":"n02794156","31":"n03075370","32":"n03075370","33":"n03075370","34":"n03075370","35":"n03075370","36":"n03840681","37":"n03840681","38":"n03840681","39":"n03840681","40":"n03840681","41":"n03840681","42":"n03857828","43":"n03857828","44":"n03857828","45":"n03857828","46":"n03857828","47":"n07720875","48":"n07720875","49":"n07720875","50":"n07720875","51":"n07720875"},"class_name":{"1":"goldfish","2":"goldfish","3":"goldfish","4":"goldfish","5":"goldfish","6":"albatross","7":"albatross","8":"albatross","9":"albatross","10":"albatross","11":"sea lion","12":"sea lion","13":"sea lion","14":"sea lion","15":"sea lion","16":"ant","17":"ant","18":"ant","19":"ant","20":"ant","21":"macaque","22":"macaque","23":"macaque","24":"macaque","25":"macaque","26":"barometer","27":"barometer","28":"barometer","29":"barometer","30":"barometer","31":"combination lock","32":"combination lock","33":"combination lock","34":"combination lock","35":"combination lock","36":"ocarina","37":"ocarina","38":"ocarina","39":"ocarina","40":"ocarina","41":"ocarina","42":"oscilloscope","43":"oscilloscope","44":"oscilloscope","45":"oscilloscope","46":"oscilloscope","47":"bell pepper","48":"bell pepper","49":"bell pepper","50":"bell pepper","51":"bell pepper"}}