{"epoch":{"0":0,"1":1,"2":2,"3":3,"4":4,"5":5,"6":6,"7":7,"8":8,"9":9,"10":10,"11":11,"12":12,"13":13,"14":14,"15":15,"16":16,"17":17,"18":18,"19":19,"20":20,"21":21,"22":22,"23":23,"24":24,"25":25,"26":26,"27":27,"28":28,"29":29,"30":30,"31":31,"32":32,"33":33,"34":34,"35":35,"36":36,"37":37,"38":38,"39":39,"40":40,"41":41,"42":42,"43":43,"44":44,"45":45,"46":46,"47":47,"48":48,"49":49,"50":50,"51":51,"52":52,"53":53,"54":54,"55":55,"56":56,"57":57,"58":58,"59":59,"60":60,"61":61,"62":62,"63":63,"64":64,"65":65,"66":66,"67":67,"68":68,"69":69,"70":70,"71":71,"72":72,"73":73,"74":74,"75":75,"76":76,"77":77,"78":78,"79":79,"80":80,"81":81,"82":82,"83":83,"84":84,"85":85,"86":86,"87":87,"88":88,"89":89,"90":90,"91":91,"92":92,"93":93,"94":94,"95":95,"96":96,"97":97,"98":98,"99":99},"avg_loss":{"0":0.5474665775,"1":0.304545548,"2":0.2463926715,"3":0.1822350258,"4":0.175808428,"5":0.1512572012,"6":0.0991822712,"7":0.1176255341,"8":0.0903939335,"9":0.070637032,"10":0.0774395749,"11":0.062393948,"12":0.0560145894,"13":0.0634952409,"14":0.0649273894,"15":0.0548529864,"16":0.0504087193,"17":0.0462088853,"18":0.0583997195,"19":0.0571243512,"20":0.05102144,"21":0.0460589393,"22":0.0388214704,"23":0.0254510762,"24":0.0340721926,"25":0.0131415428,"26":0.0102178755,"27":0.008854581,"28":0.0079902417,"29":0.0042062624,"30":0.00551598,"31":0.0043607203,"32":0.0055082431,"33":0.0043621393,"34":0.0056750814,"35":0.0041601977,"36":0.0073164241,"37":0.0049470743,"38":0.005218799,"39":0.0040814502,"40":0.0062536302,"41":0.0067139366,"42":0.0031151663,"43":0.0024691034,"44":0.0055284905,"45":0.0036231789,"46":0.0048126276,"47":0.0041258281,"48":0.0034994591,"49":0.0026618706,"50":0.0028729105,"51":0.001905207,"52":0.0035767564,"53":0.0021276253,"54":0.0030519097,"55":0.0018771897,"56":0.0029182375,"57":0.0037238658,"58":0.0017042721,"59":0.0019745501,"60":0.0053162653,"61":0.0021521292,"62":0.0022745858,"63":0.0022444825,"64":0.0035875741,"65":0.0025419853,"66":0.0026649981,"67":0.0039005067,"68":0.0022520234,"69":0.0028156074,"70":0.0022563861,"71":0.0030569855,"72":0.0017678057,"73":0.0037637302,"74":0.0028755812,"75":0.0038332931,"76":0.0017524882,"77":0.0016608344,"78":0.0014475919,"79":0.0031512459,"80":0.0015971283,"81":0.0010167197,"82":0.0024863248,"83":0.0022182987,"84":0.0052211994,"85":0.0019062687,"86":0.0030473795,"87":0.0017112788,"88":0.0028112531,"89":0.0032635762,"90":0.0028908201,"91":0.0020123833,"92":0.0034218907,"93":0.0013371827,"94":0.0022533323,"95":0.0017020716,"96":0.0017521366,"97":0.0047358768,"98":0.0029334511,"99":0.0025890107},"avg_acc":{"0":0.8329331875,"1":0.9033613205,"2":0.9211684465,"3":0.9383753538,"4":0.943377316,"5":0.9557822943,"6":0.9701880813,"7":0.9621848464,"8":0.97218889,"9":0.9763905406,"10":0.9751900434,"11":0.9815926552,"12":0.9841936827,"13":0.9817926884,"14":0.9801920652,"15":0.982192874,"16":0.9859943986,"17":0.9845938087,"18":0.982192874,"19":0.9831932783,"20":0.9833933711,"21":0.9843937755,"22":0.9881953001,"23":0.9925970435,"24":0.989996016,"25":0.9961984754,"26":0.9961984754,"27":0.9977990985,"28":0.9975990057,"29":0.9985994101,"30":0.9979991913,"31":0.9987995028,"32":0.9987995028,"33":0.9985994101,"34":0.9981992841,"35":0.9989995956,"36":0.9979991913,"37":0.9981992841,"38":0.9979991913,"39":0.9983993769,"40":0.9981992841,"41":0.9979991913,"42":0.9985994101,"43":0.9991996884,"44":0.9985994101,"45":0.9989995956,"46":0.9989995956,"47":0.9983993769,"48":0.9989995956,"49":0.9993997812,"50":0.9995998144,"51":0.9995998144,"52":0.9987995028,"53":0.9995998144,"54":0.9991996884,"55":0.9995998144,"56":0.9991996884,"57":0.9985994101,"58":0.9995998144,"59":0.9995998144,"60":0.9983993769,"61":0.9995998144,"62":0.9991996884,"63":0.9991996884,"64":0.9987995028,"65":0.9995998144,"66":0.9989995956,"67":0.9985994101,"68":0.9989995956,"69":0.9985994101,"70":0.9991996884,"71":0.9997999072,"72":0.9993997812,"73":0.9989995956,"74":0.9989995956,"75":0.9989995956,"76":0.9993997812,"77":0.9993997812,"78":0.9993997812,"79":0.9989995956,"80":0.9997999072,"81":0.9997999072,"82":0.9993997812,"83":0.9987995028,"84":0.9983993769,"85":0.9993997812,"86":0.9991996884,"87":0.9997999072,"88":0.9993997812,"89":0.9987995028,"90":0.9987995028,"91":0.9997999072,"92":0.9989995956,"93":0.9997999072,"94":0.9993997812,"95":0.9993997812,"96":0.9993997812,"97":0.9987995028,"98":0.9987995028,"99":0.9991996884},"avg_loss_val":{"0":0.2896316755,"1":0.4254339602,"2":0.3579916995,"3":0.17675541,"4":0.2276854627,"5":0.2059227985,"6":0.216601986,"7":0.2421637331,"8":0.2214686271,"9":0.1646033731,"10":0.2294757489,"11":0.229365392,"12":0.3040629983,"13":0.2690398528,"14":0.4422882545,"15":0.2630645197,"16":0.1893007327,"17":0.2212152515,"18":0.1911746106,"19":0.1426214915,"20":0.3054891945,"21":0.2341402971,"22":0.1536092542,"23":0.2166093095,"24":0.1711672504,"25":0.1405636081,"26":0.172001521,"27":0.1516856759,"28":0.1858556081,"29":0.1713014739,"30":0.1710119983,"31":0.1851115651,"32":0.19630595,"33":0.1918692072,"34":0.1462532385,"35":0.1718265247,"36":0.1453766275,"37":0.1711786204,"38":0.1862868661,"39":0.175077608,"40":0.1535282941,"41":0.2033573632,"42":0.1587799608,"43":0.1622157614,"44":0.1679508244,"45":0.1686978519,"46":0.1574613904,"47":0.1297665279,"48":0.161628044,"49":0.1510792342,"50":0.1508823171,"51":0.1559713883,"52":0.1830242062,"53":0.1925501246,"54":0.1346732874,"55":0.1923369246,"56":0.1558834598,"57":0.1736278202,"58":0.1756388277,"59":0.1390531753,"60":0.182286248,"61":0.166965264,"62":0.145928499,"63":0.1411774873,"64":0.1729772092,"65":0.1728924092,"66":0.1768679001,"67":0.1553912563,"68":0.1456554479,"69":0.1568948239,"70":0.1647740028,"71":0.1868926365,"72":0.1816626407,"73":0.195853518,"74":0.1820783752,"75":0.1673794179,"76":0.1843409247,"77":0.1563956454,"78":0.1752454814,"79":0.1738106684,"80":0.2084913272,"81":0.1839522304,"82":0.1472132657,"83":0.1663508662,"84":0.1290700194,"85":0.1610827807,"86":0.1595715459,"87":0.1799033325,"88":0.164558491,"89":0.1704120654,"90":0.1849401692,"91":0.1424737247,"92":0.1580799406,"93":0.1709366135,"94":0.1735026927,"95":0.1839308703,"96":0.1760013275,"97":0.2008974564,"98":0.1864667081,"99":0.1482345206},"avg_acc_val":{"0":0.9038076401,"1":0.8617234826,"2":0.8957915902,"3":0.9428857565,"4":0.9298597574,"5":0.9428857565,"6":0.9408817887,"7":0.9278557301,"8":0.9308617115,"9":0.9569138288,"10":0.9328657389,"11":0.9318637252,"12":0.9158316851,"13":0.924849689,"14":0.9028056264,"15":0.9268537164,"16":0.9529058337,"17":0.9418838024,"18":0.9539078474,"19":0.9629258513,"20":0.9288577437,"21":0.948897779,"22":0.9609218836,"23":0.948897779,"24":0.9549098611,"25":0.963927865,"26":0.9579158425,"27":0.9579158425,"28":0.9579158425,"29":0.9629258513,"30":0.9669339061,"31":0.9619238377,"32":0.9559118152,"33":0.9589178562,"34":0.9669339061,"35":0.9629258513,"36":0.9599198699,"37":0.9619238377,"38":0.9589178562,"39":0.9659318924,"40":0.9699398875,"41":0.9629258513,"42":0.9609218836,"43":0.9689378738,"44":0.963927865,"45":0.9709419012,"46":0.963927865,"47":0.9679358602,"48":0.9649298787,"49":0.9669339061,"50":0.9659318924,"51":0.9659318924,"52":0.9619238377,"53":0.9619238377,"54":0.9699398875,"55":0.9619238377,"56":0.9649298787,"57":0.9649298787,"58":0.9669339061,"59":0.963927865,"60":0.9659318924,"61":0.9659318924,"62":0.9609218836,"63":0.9699398875,"64":0.9699398875,"65":0.9679358602,"66":0.963927865,"67":0.9699398875,"68":0.9669339061,"69":0.9649298787,"70":0.9679358602,"71":0.9689378738,"72":0.9659318924,"73":0.9609218836,"74":0.9659318924,"75":0.9619238377,"76":0.9679358602,"77":0.963927865,"78":0.9669339061,"79":0.9629258513,"80":0.9599198699,"81":0.9629258513,"82":0.9709419012,"83":0.9659318924,"84":0.9739478827,"85":0.9739478827,"86":0.9669339061,"87":0.9629258513,"88":0.9649298787,"89":0.9629258513,"90":0.9659318924,"91":0.9699398875,"92":0.9669339061,"93":0.9669339061,"94":0.963927865,"95":0.9659318924,"96":0.9649298787,"97":0.9649298787,"98":0.9599198699,"99":0.9659318924},"image_size":{"0":256,"1":256,