{"epoch":{"0":0,"1":1,"2":2,"3":3,"4":4,"5":5,"6":6,"7":7,"8":8,"9":9,"10":10,"11":11,"12":12,"13":13,"14":14,"15":15,"16":16,"17":17,"18":18,"19":19,"20":20,"21":21,"22":22,"23":23,"24":24},"avg_loss":{"0":0.5797039095,"1":0.1830839752,"2":0.1451609033,"3":0.1131293513,"4":0.1072250159,"5":0.1072466444,"6":0.0890127011,"7":0.0832040616,"8":0.0796052988,"9":0.0695157833,"10":0.0667940543,"11":0.0709327692,"12":0.0580796351,"13":0.0617943846,"14":0.0534917025,"15":0.05000866,"16":0.0502681663,"17":0.053513857,"18":0.0447141704,"19":0.045634794,"20":0.0444687534,"21":0.0372402823,"22":0.0374663398,"23":0.0355319013,"24":0.0352954057},"avg_acc":{"0":0.8209516406,"1":0.9447056651,"2":0.9526048303,"3":0.9635132551,"4":0.9633252025,"5":0.9674628377,"6":0.9714124203,"7":0.97592628,"8":0.9740455151,"9":0.9766785502,"10":0.9776189327,"11":0.9772427678,"12":0.9802520275,"13":0.9794996977,"14":0.9819446802,"15":0.9836373925,"16":0.9842016101,"17":0.98119241,"18":0.984577775,"19":0.9868346453,"20":0.9858942628,"21":0.9866465926,"22":0.98796314,"23":0.9887154102,"24":0.9875869751},"avg_loss_val":{"0":0.240524497,"1":0.1937448548,"2":0.166654254,"3":0.1550123911,"4":0.1473794786,"5":0.1401141218,"6":0.1183565588,"7":0.1358413231,"8":0.1286075741,"9":0.1386811489,"10":0.1330360066,"11":0.1235367477,"12":0.114284387,"13":0.128011708,"14":0.1272171409,"15":0.1293177099,"16":0.12235478,"17":0.1231868083,"18":0.1184198809,"19":0.1062994923,"20":0.1251054129,"21":0.1044952809,"22":0.1262152653,"23":0.110854744,"24":0.1292726514},"avg_acc_val":{"0":0.9176244736,"1":0.9382183552,"2":0.9458811879,"3":0.9487547874,"4":0.9535440207,"5":0.951149404,"6":0.9616857767,"7":0.9564176202,"8":0.9602490067,"9":0.9521072507,"10":0.9549807906,"11":0.9631226063,"12":0.9631226063,"13":0.9583333135,"14":0.9636015296,"15":0.9612068534,"16":0.9636015296,"17":0.9612068534,"18":0.9636015296,"19":0.9674329162,"20":0.9612068534,"21":0.9645593762,"22":0.9612068534,"23":0.9669539928,"24":0.9621647},"device_type":{"0":"cuda","1":"cuda","2":"cuda","3":"cuda","4":"cuda","5":"cuda","6":"cuda","7":"cuda","8":"cuda","9":"cuda","10":"cuda","11":"cuda","12":"cuda","13":"cuda","14":"cuda","15":"cuda","16":"cuda","17":"cuda","18":"cuda","19":"cuda","20":"cuda","21":"cuda","22":"cuda","23":"cuda","24":"cuda"}}