{"epoch":{"0":0,"1":1,"2":2,"3":3,"4":4,"5":5,"6":6,"7":7,"8":8,"9":9,"10":10,"11":11,"12":12,"13":13,"14":14,"15":15,"16":16,"17":17,"18":18,"19":19,"20":20,"21":21,"22":22,"23":23,"24":24,"25":25,"26":26,"27":27,"28":28,"29":29,"30":30,"31":31,"32":32,"33":33,"34":34,"35":35,"36":36,"37":37,"38":38,"39":39,"40":40,"41":41,"42":42,"43":43,"44":44,"45":45,"46":46,"47":47,"48":48,"49":49},"avg_loss":{"0":0.0490411906,"1":0.0894609934,"2":0.0612383907,"3":0.0541820817,"4":0.0479750338,"5":0.0475139114,"6":0.0487765101,"7":0.0441101828,"8":0.0384800724,"9":0.0475521276,"10":0.0256312653,"11":0.0139159509,"12":0.0089323902,"13":0.0103725857,"14":0.0137429928,"15":0.0082611658,"16":0.0072287736,"17":0.0104115299,"18":0.0104252594,"19":0.0101506513,"20":0.008303903,"21":0.0084135956,"22":0.0115424596,"23":0.0070909243,"24":0.003802141,"25":0.0061231817,"26":0.0058564185,"27":0.00623452,"28":0.0046353235,"29":0.0083864441,"30":0.0063626269,"31":0.0051111289,"32":0.0067680418,"33":0.0069904559,"34":0.0062194893,"35":0.0038248185,"36":0.0040053351,"37":0.0057922354,"38":0.0070136069,"39":0.0044231434,"40":0.0044736691,"41":0.0058830504,"42":0.0060254638,"43":0.0033758571,"44":0.0071061555,"45":0.0058927245,"46":0.0055610262,"47":0.0060379353,"48":0.006612791,"49":0.0052312424},"avg_acc":{"0":0.9847939014,"1":0.9723889232,"2":0.9811924696,"3":0.9813925624,"4":0.9871948957,"5":0.9853941798,"6":0.9845938087,"7":0.985594213,"8":0.9881953001,"9":0.985194087,"10":0.9913965464,"11":0.9959983826,"12":0.9975990057,"13":0.9967986941,"14":0.9955982566,"15":0.9983993769,"16":0.9975990057,"17":0.9975990057,"18":0.9967986941,"19":0.9969987869,"20":0.9977990985,"21":0.9967986941,"22":0.9971988797,"23":0.9981992841,"24":0.9989995956,"25":0.9985994101,"26":0.9983993769,"27":0.9981992841,"28":0.9989995956,"29":0.9977990985,"30":0.9979991913,"31":0.9991996884,"32":0.9981992841,"33":0.9973989725,"34":0.9977990985,"35":0.9991996884,"36":0.9989995956,"37":0.9983993769,"38":0.9985994101,"39":0.9989995956,"40":0.9983993769,"41":0.9983993769,"42":0.9977990985,"43":0.9993997812,"44":0.9977990985,"45":0.9983993769,"46":0.9977990985,"47":0.9979991913,"48":0.9977990985,"49":0.9987995028},"avg_loss_val":{"0":0.2545688123,"1":0.2075565574,"2":0.2104353439,"3":0.2086197256,"4":0.318738544,"5":0.3264510179,"6":0.2372571067,"7":0.2794434496,"8":0.1762299515,"9":0.2233612186,"10":0.1733961628,"11":0.1958993782,"12":0.203931814,"13":0.1812029689,"14":0.177603092,"15":0.1745033225,"16":0.1911295121,"17":0.1598588837,"18":0.1616807526,"19":0.1678591316,"20":0.1438817598,"21":0.1501311745,"22":0.1517839203,"23":0.1670818291,"24":0.1707652248,"25":0.1718811579,"26":0.1715587016,"27":0.1537291615,"28":0.1718890863,"29":0.1744421301,"30":0.1794723934,"31":0.1475810256,"32":0.1607601588,"33":0.1844824342,"34":0.152399878,"35":0.1632923529,"36":0.1644930629,"37":0.1737498933,"38":0.1695004809,"39":0.13515469,"40":0.1573677305,"41":0.1520040364,"42":0.1692458384,"43":0.1699536319,"44":0.1392653155,"45":0.1289343144,"46":0.1613063159,"47":0.1346123678,"48":0.1488801285,"49":0.180894761},"avg_acc_val":{"0":0.9448897839,"1":0.9478958249,"2":0.9378757477,"3":0.9428857565,"4":0.9138276577,"5":0.9208416939,"6":0.9418838024,"7":0.9418838024,"8":0.9539078474,"9":0.936873734,"10":0.9509018064,"11":0.9539078474,"12":0.9529058337,"13":0.9609218836,"14":0.9559118152,"15":0.9629258513,"16":0.9589178562,"17":0.9579158425,"18":0.9649298787,"19":0.9589178562,"20":0.9659318924,"21":0.9629258513,"22":0.963927865,"23":0.9609218836,"24":0.9549098611,"25":0.9569138288,"26":0.963927865,"27":0.9649298787,"28":0.9559118152,"29":0.9629258513,"30":0.9599198699,"31":0.963927865,"32":0.9569138288,"33":0.9569138288,"34":0.963927865,"35":0.9609218836,"36":0.9619238377,"37":0.9559118152,"38":0.9579158425,"39":0.9629258513,"40":0.9609218836,"41":0.9659318924,"42":0.9589178562,"43":0.9599198699,"44":0.9649298787,"45":0.9679358602,"46":0.9629258513,"47":0.963927865,"48":0.9609218836,"49":0.9589178562},"image_size":{"0":256,"1":256,"2":256,"3":256,"4":256,"5":256,"6":256,"7":256,"8":256,"9":256,"10":256,"11":256,"12":256,"13":256,"14":256,"15":256,"16":256,"17":256,"18":256,"19":256,"20":256,"21":256,"22":256,"23":256,"24":256,"25":256,"26":256,"27":256,"28":256,"29":256,"30":256,"31":256,"32":256,"33":256,"34":256,"35":256,"36":256,"37":256,"38":256,"39":256,"40":256,"41":256,"42":256,"43":256,"44":256,"45":256,"46":256,"47":256,"48":256,"49":256},"device":{"0":"cuda:0","1":"cuda:0","2":"cuda:0","3":"cuda:0","4":"cuda:0","5":"cuda:0","6":"cuda:0","7":"cuda:0","8":"cuda:0","9":"cuda:0","10":"cuda:0","11":"cuda:0","12":"cuda:0","13":"cuda:0","14":"cuda:0","15":"cuda:0","16":"cuda:0","17":"cuda:0","18":"cuda:0","19":"cuda:0","20":"cuda:0","21":"cuda:0","22":"cuda:0","23":"cuda:0","24":"cuda:0","25":"cuda:0","26":"cuda:0","27":"cuda:0","28":"cuda:0","29":"cuda:0","30":"cuda:0","31":"cuda:0","32":"cuda:0","33":"cuda:0","34":"cuda:0","35":"cuda:0","36":"cuda:0","37":"cuda:0","38":"cuda:0","39":"cuda:0","40":"cuda:0","41":"cuda:0","42":"cuda:0","43":"cuda:0","44":"cuda:0","45":"cuda:0","46":"cuda:0","47":"cuda:0","48":"cuda:0","49":"cuda:0"},"model":{"0":"vgg16_gray","1":"vgg16_gray","2":"vgg16_gray","3":"vgg16_gray","4":"vgg16_gray","5":"vgg16_gray","6":"vgg16_gray","7":"vgg16_gray","8":"vgg16_gray","9":"vgg16_gray","10":"vgg16_gray","11":"vgg16_gray","12":"vgg16_gray","13":"vgg16_gray","14":"vgg16_gray","15":"vgg16_gray","16":"vgg16_gray","17":"vgg16_gray","18":"vgg16_gray","19":"vgg16_gray","20":"vgg16_gray","21":"vgg16_gray","22":"vgg16_gray","23":"vgg16_gray","24":"vgg16_gray","25":"vgg16_gray","26":"vgg16_gray","27":"vgg16_gray","28":"vgg16_gray","29":"vgg16_gray","30":"vgg16_gray","31":"vgg16_gray","32":"vgg16_gray","33":"vgg16_gray","34":"vgg16_gray","35":"vgg16_gray","36":"vgg16_gray","37":"vgg16_gray","38":"vgg16_gray","39":"vgg16_gray","40":"vgg16_gray","41":"vgg16_gray","42":"vgg16_gray","43":"vgg16_gray","44":"vgg16_gray","45":"vgg16_gray","46":"vgg16_gray","47":"vgg16_gray","48":"vgg16_gray","49":"vgg16_gray"}}