{"epoch":{"0":0,"1":1,"2":2,"3":3,"4":4,"5":5,"6":6,"7":7,"8":8,"9":9,"10":10,"11":11,"12":12,"13":13,"14":14,"15":15,"16":16,"17":17,"18":18,"19":19,"20":20,"21":21,"22":22,"23":23,"24":24,"25":25,"26":26,"27":27,"28":28,"29":29,"30":30,"31":31,"32":32,"33":33,"34":34,"35":35,"36":36,"37":37,"38":38,"39":39,"40":40,"41":41,"42":42,"43":43,"44":44,"45":45,"46":46,"47":47,"48":48,"49":49},"avg_loss":{"0":0.4806849775,"1":0.2666787102,"2":0.2123572133,"3":0.1679553604,"4":0.1339130242,"5":0.1100796212,"6":0.1222765677,"7":0.087463943,"8":0.0875075259,"9":0.0855489613,"10":0.0643344108,"11":0.0605327203,"12":0.0696843611,"13":0.057590185,"14":0.0481859815,"15":0.0574037052,"16":0.0496292795,"17":0.0420267408,"18":0.0468798105,"19":0.0443564289,"20":0.0339114418,"21":0.0401017704,"22":0.0283271677,"23":0.035422413,"24":0.0369152621,"25":0.0301215687,"26":0.0353951187,"27":0.029396717,"28":0.0358421105,"29":0.0189656721,"30":0.02658909,"31":0.0263581834,"32":0.0294620775,"33":0.0299419447,"34":0.020333655,"35":0.0340518819,"36":0.0213477984,"37":0.0187985946,"38":0.01877552,"39":0.0179299437,"40":0.0320607162,"41":0.0154766273,"42":0.0161422803,"43":0.0220835783,"44":0.0202551811,"45":0.0183516794,"46":0.0121660797,"47":0.0234573344,"48":0.0206535963,"49":0.0136609205},"avg_acc":{"0":0.8517770767,"1":0.9149838686,"2":0.9317447543,"3":0.9430533648,"4":0.9584006667,"5":0.9654685259,"6":0.9602181315,"7":0.9707189202,"8":0.9743538499,"9":0.9749596119,"10":0.9818255305,"11":0.9810177684,"12":0.9794023037,"13":0.9832391143,"14":0.9854604602,"15":0.9822294116,"16":0.984652698,"17":0.9874798059,"18":0.9862682223,"19":0.9886914492,"20":0.9890953302,"21":0.9862682223,"22":0.9907108545,"23":0.9884895086,"24":0.9897011518,"25":0.9897011518,"26":0.9897011518,"27":0.9907108545,"28":0.9915186167,"29":0.9945476651,"30":0.9917205572,"31":0.9923263788,"32":0.9915186167,"33":0.9909127951,"34":0.9943457246,"35":0.9886914492,"36":0.9949515462,"37":0.994143784,"38":0.9953554273,"39":0.994143784,"40":0.9901050329,"41":0.9957593083,"42":0.9951534867,"43":0.9923263788,"44":0.9943457246,"45":0.9951534867,"46":0.9965670705,"47":0.994143784,"48":0.9943457246,"49":0.9959612489},"avg_loss_val":{"0":0.312920209,"1":0.3508749268,"2":0.2051071409,"3":0.2199711867,"4":0.1539290318,"5":0.1512918501,"6":0.1239515506,"7":0.1159210711,"8":0.1216134551,"9":0.1219527488,"10":0.1258536316,"11":0.2235789335,"12":0.1283611456,"13":0.1091708995,"14":0.1290827503,"15":0.1534299763,"16":0.1268987462,"17":0.0977523129,"18":0.2509854251,"19":0.1212447682,"20":0.1502061375,"21":0.1706583741,"22":0.1481088772,"23":0.1544073909,"24":0.1251318081,"25":0.1310278148,"26":0.1863695383,"27":0.1793048539,"28":0.1446749236,"29":0.1163091374,"30":0.1986188941,"31":0.1170957362,"32":0.1946352152,"33":0.1273724773,"34":0.2694628955,"35":0.1316007526,"36":0.1398525868,"37":0.204463711,"38":0.1368049383,"39":0.176323554,"40":0.1594537749,"41":0.1754001227,"42":0.1551348803,"43":0.1451581341,"44":0.1425496194,"45":0.1480295325,"46":0.1301635998,"47":0.1488806032,"48":0.1182381777,"49":0.1284859562},"avg_acc_val":{"0":0.9020407796,"1":0.9020407796,"2":0.9326530099,"3":0.9377550483,"4":0.9530611634,"5":0.9581632018,"6":0.9602040648,"7":0.97551018,"8":0.9602040648,"9":0.9591836333,"10":0.9663264751,"11":0.9438775182,"12":0.9693877101,"13":0.9663264751,"14":0.9642856717,"15":0.9540815949,"16":0.9602040648,"17":0.9663264751,"18":0.9387754798,"19":0.9642856717,"20":0.9612244368,"21":0.9591836333,"22":0.9591836333,"23":0.9632652402,"24":0.9642856717,"25":0.9704081416,"26":0.9653061032,"27":0.9663264751,"28":0.9591836333,"29":0.9714285135,"30":0.9540815949,"31":0.9693877101,"32":0.9561223984,"33":0.9653061032,"34":0.9520407915,"35":0.9683672786,"36":0.9653061032,"37":0.9499999881,"38":0.9673469067,"39":0.9642856717,"40":0.9653061032,"41":0.9612244368,"42":0.9602040648,"43":0.9632652402,"44":0.972448945,"45":0.9642856717,"46":0.973469317,"47":0.9642856717,"48":0.9775509834,"49":0.9704081416},"image_size":{"0":256,"1":256,"2":256,"3":256,"4":256,"5":256,"6":256,"7":256,"8":256,"9":256,"10":256,"11":256,"12":256,"13":256,"14":256,"15":256,"16":256,"17":256,"18":256,"19":256,"20":256,"21":256,"22":256,"23":256,"24":256,"25":256,"26":256,"27":256,"28":256,"29":256,"30":256,"31":256,"32":256,"33":256,"34":256,"35":256,"36":256,"37":256,"38":256,"39":256,"40":256,"41":256,"42":256,"43":256,"44":256,"45":256,"46":256,"47":256,"48":256,"49":256},"device_type":{"0":"cuda","1":"cuda","2":"cuda","3":"cuda","4":"cuda","5":"cuda","6":"cuda","7":"cuda","8":"cuda","9":"cuda","10":"cuda","11":"cuda","12":"cuda","13":"cuda","14":"cuda","15":"cuda","16":"cuda","17":"cuda","18":"cuda","19":"cuda","20":"cuda","21":"cuda","22":"cuda","23":"cuda","24":"cuda","25":"cuda","26":"cuda","27":"cuda","28":"cuda","29":"cuda","30":"cuda","31":"cuda","32":"cuda","33":"cuda","34":"cuda","35":"cuda","36":"cuda","37":"cuda","38":"cuda","39":"cuda","40":"cuda","41":"cuda","42":"cuda","43":"cuda","44":"cuda","45":"cuda","46":"cuda","47":"cuda","48":"cuda","49":"cuda"}}