{"is_flickr":{"1":1,"2":0,"3":0,"4":0,"5":0,"6":0,"7":0,"8":0,"9":1,"10":1,"11":1,"12":1,"13":1,"14":1,"15":1,"16":1,"17":0,"18":1,"19":1,"20":1,"21":1,"22":1,"23":0,"24":1,"25":1,"26":1,"27":1,"28":1,"29":1,"30":1,"31":1,"32":1,"33":1,"34":1,"35":1,"36":1,"37":0,"38":0,"39":1,"40":0,"41":0,"42":1,"43":1,"44":1,"45":1,"46":0,"47":0,"48":0,"49":1,"50":0,"51":1,"52":1,"53":1},"dt":{"1":0.1482980251,"2":1.8110609055,"3":0.1649467945,"4":0.8864369392,"5":0.3491559029,"6":0.4588479996,"7":0.2235901356,"8":0.2211389542,"9":0.2042191029,"10":0.1348631382,"11":0.1391949654,"12":0.1471569538,"13":0.1974830627,"14":0.1331520081,"15":0.1544048786,"16":0.1445739269,"17":0.454834938,"18":0.2156639099,"19":0.1512413025,"20":0.1690921783,"21":0.1391601562,"22":0.1570379734,"23":0.3239600658,"24":0.1330952644,"25":0.1171910763,"26":0.1435761452,"27":0.1510391235,"28":0.1639838219,"29":0.1358482838,"30":0.1349151134,"31":0.1623518467,"32":0.1663448811,"33":0.1609110832,"34":0.1620709896,"35":0.1282122135,"36":0.1959381104,"37":0.1004281044,"38":0.1974921227,"39":0.1446447372,"40":0.2756211758,"41":0.0869512558,"42":0.1674129963,"43":0.1308810711,"44":0.1361811161,"45":0.1785070896,"46":0.0529019833,"47":0.406881094,"48":0.9750199318,"49":0.1318311691,"50":0.1387050152,"51":0.1361539364,"52":0.1422522068,"53":0.1456167698},"lab_work":{"1":1,"2":0,"3":1,"4":1,"5":0,"6":1,"7":1,"8":1,"9":1,"10":1,"11":1,"12":1,"13":1,"14":1,"15":1,"16":1,"17":1,"18":1,"19":1,"20":1,"21":1,"22":1,"23":1,"24":1,"25":1,"26":1,"27":1,"28":1,"29":1,"30":1,"31":1,"32":1,"33":1,"34":1,"35":1,"36":1,"37":1,"38":1,"39":1,"40":1,"41":1,"42":1,"43":1,"44":1,"45":1,"46":1,"47":1,"48":1,"49":1,"50":1,"51":1,"52":1,"53":1},"tot_lab":{"1":null,"2":null,"3":null,"4":null,"5":null,"6":null,"7":null,"8":null,"9":null,"10":null,"11":null,"12":null,"13":null,"14":null,"15":null,"16":null,"17":null,"18":null,"19":null,"20":null,"21":null,"22":null,"23":null,"24":null,"25":null,"26":null,"27":null,"28":null,"29":null,"30":null,"31":null,"32":null,"33":null,"34":null,"35":null,"36":null,"37":null,"38":null,"39":null,"40":null,"41":null,"42":null,"43":null,"44":null,"45":null,"46":null,"47":null,"48":null,"49":null,"50":null,"51":null,"52":null,"53":null},"class_wnid":{"1":"n01443537","2":"n01443537","3":"n01443537","4":"n01443537","5":"n01443537","6":"n01443537","7":"n01443537","8":"n02058221","9":"n02058221","10":"n02058221","11":"n02058221","12":"n02058221","13":"n02077923","14":"n02077923","15":"n02077923","16":"n02077923","17":"n02077923","18":"n02219486","19":"n02219486","20":"n02219486","21":"n02219486","22":"n02219486","23":"n02487347","24":"n02487347","25":"n02487347","26":"n02487347","27":"n02487347","28":"n02794156","29":"n02794156","30":"n02794156","31":"n02794156","32":"n02794156","33":"n03075370","34":"n03075370","35":"n03075370","36":"n03075370","37":"n03075370","38":"n03840681","39":"n03840681","40":"n03840681","41":"n03840681","42":"n03840681","43":"n03840681","44":"n03857828","45":"n03857828","46":"n03857828","47":"n03857828","48":"n03857828","49":"n07720875","50":"n07720875","51":"n07720875","52":"n07720875","53":"n07720875"},"class_name":{"1":"goldfish","2":"goldfish","3":"goldfish","4":"goldfish","5":"goldfish","6":"goldfish","7":"goldfish","8":"albatross","9":"albatross","10":"albatross","11":"albatross","12":"albatross","13":"sea lion","14":"sea lion","15":"sea lion","16":"sea lion","17":"sea lion","18":"ant","19":"ant","20":"ant","21":"ant","22":"ant","23":"macaque","24":"macaque","25":"macaque","26":"macaque","27":"macaque","28":"barometer","29":"barometer","30":"barometer","31":"barometer","32":"barometer","33":"combination lock","34":"combination lock","35":"combination lock","36":"combination lock","37":"combination lock","38":"ocarina","39":"ocarina","40":"ocarina","41":"ocarina","42":"ocarina","43":"ocarina","44":"oscilloscope","45":"oscilloscope","46":"oscilloscope","47":"oscilloscope","48":"oscilloscope","49":"bell pepper","50":"bell pepper","51":"bell pepper","52":"bell pepper","53":"bell pepper"}}