{"epoch":{"0":0,"1":1,"2":2,"3":3,"4":4,"5":5,"6":6,"7":7,"8":8,"9":9,"10":10,"11":11,"12":12,"13":13,"14":14,"15":15,"16":16,"17":17,"18":18,"19":19,"20":20,"21":21,"22":22,"23":23,"24":24,"25":25,"26":26,"27":27,"28":28,"29":29,"30":30,"31":31,"32":32,"33":33,"34":34,"35":35,"36":36,"37":37,"38":38,"39":39,"40":40,"41":41,"42":42,"43":43,"44":44,"45":45,"46":46,"47":47,"48":48,"49":49,"50":50,"51":51,"52":52,"53":53,"54":54,"55":55,"56":56,"57":57,"58":58,"59":59,"60":60,"61":61,"62":62,"63":63,"64":64,"65":65,"66":66,"67":67,"68":68,"69":69,"70":70,"71":71,"72":72,"73":73,"74":74,"75":75,"76":76,"77":77,"78":78,"79":79,"80":80,"81":81,"82":82,"83":83,"84":84,"85":85,"86":86,"87":87,"88":88,"89":89,"90":90,"91":91,"92":92,"93":93,"94":94,"95":95,"96":96,"97":97,"98":98,"99":99},"avg_loss":{"0":0.5642102851,"1":0.3340856307,"2":0.2096346604,"3":0.1792729792,"4":0.1568758731,"5":0.141956935,"6":0.1018883482,"7":0.1095049038,"8":0.0842598675,"9":0.0953775047,"10":0.0791171254,"11":0.0725923154,"12":0.0688949054,"13":0.0681490889,"14":0.0540938423,"15":0.0609616843,"16":0.0553143913,"17":0.0488291083,"18":0.0528790542,"19":0.0525263056,"20":0.0399987292,"21":0.0376902743,"22":0.051441083,"23":0.0400325509,"24":0.0386059414,"25":0.0407751784,"26":0.0270384993,"27":0.0305048878,"28":0.0281184118,"29":0.0350444478,"30":0.0318042807,"31":0.0356969591,"32":0.0217790714,"33":0.0272572351,"34":0.0294300547,"35":0.0232994592,"36":0.0324959107,"37":0.0686193702,"38":0.0294037786,"39":0.0250897422,"40":0.0267694608,"41":0.0255471284,"42":0.0152519493,"43":0.0167270496,"44":0.0144149097,"45":0.0164560381,"46":0.0090492141,"47":0.0318279206,"48":0.0218440154,"49":0.0143151729,"50":0.0193760366,"51":0.0095165443,"52":0.0325259099,"53":0.0236393669,"54":0.0169532844,"55":0.0125678623,"56":0.0263861635,"57":0.0166704668,"58":0.0211698868,"59":0.0101983621,"60":0.0057351174,"61":0.0273186326,"62":0.0100131067,"63":0.0173324437,"64":0.0128865118,"65":0.0096838998,"66":0.0120158327,"67":0.0117815651,"68":0.0045763373,"69":0.0058636185,"70":0.0062204537,"71":0.0109995403,"72":0.0134472915,"73":0.0093232506,"74":0.0172846876,"75":0.0058793757,"76":0.0092705039,"77":0.0127569885,"78":0.0124816392,"79":0.0058504857,"80":0.0085645187,"81":0.0057240714,"82":0.0201199898,"83":0.0059295023,"84":0.0066927488,"85":0.0195680197,"86":0.0159098071,"87":0.0056335446,"88":0.0136338981,"89":0.0046334334,"90":0.009307828,"91":0.0038389949,"92":0.0096180283,"93":0.0128334775,"94":0.0059744097,"95":0.0015848249,"96":0.0116639066,"97":0.0110755306,"98":0.0088510461,"99":0.0024702011},"avg_acc":{"0":0.8237295151,"1":0.8941576481,"2":0.9315726161,"3":0.9461784363,"4":0.9521808624,"5":0.9553821683,"6":0.9689875841,"7":0.9641856551,"8":0.9733893275,"9":0.9707883,"10":0.9757903218,"11":0.9757903218,"12":0.9785914421,"13":0.9765906334,"14":0.982192874,"15":0.9809923768,"16":0.9845938087,"17":0.9841936827,"18":0.9839935899,"19":0.9825929999,"20":0.9891956449,"21":0.9877951145,"22":0.9849939942,"23":0.9857943058,"24":0.9875950217,"25":0.9885954261,"26":0.9913965464,"27":0.990396142,"28":0.9909964204,"29":0.9891956449,"30":0.9913965464,"31":0.9885954261,"32":0.9933973551,"33":0.990396142,"34":0.9905962348,"35":0.9929971695,"36":0.990396142,"37":0.980392158,"38":0.9921968579,"39":0.9919967651,"40":0.9911964536,"41":0.9941976666,"42":0.9945978522,"43":0.9939975739,"44":0.9961984754,"45":0.995198071,"46":0.9971988797,"47":0.9917967319,"48":0.9925970435,"49":0.9953981638,"50":0.9945978522,"51":0.9967986941,"52":0.9897959232,"53":0.9929971695,"54":0.9949979782,"55":0.9969987869,"56":0.9931972623,"57":0.9945978522,"58":0.9941976666,"59":0.9971988797,"60":0.9983993769,"61":0.9919967651,"62":0.9973989725,"63":0.9949979782,"64":0.9961984754,"65":0.9963985682,"66":0.9959983826,"67":0.9967986941,"68":0.9983993769,"69":0.9979991913,"70":0.9989995956,"71":0.9955982566,"72":0.995198071,"73":0.9967986941,"74":0.9953981638,"75":0.9985994101,"76":0.9967986941,"77":0.9963985682,"78":0.9967986941,"79":0.9973989725,"80":0.9969987869,"81":0.9983993769,"82":0.9939975739,"83":0.9979991913,"84":0.9979991913,"85":0.9937975407,"86":0.9945978522,"87":0.9979991913,"88":0.9971988797,"89":0.9985994101,"90":0.9975990057,"91":0.9985994101,"92":0.9973989725,"93":0.9961984754,"94":0.9985994101,"95":0.9997999072,"96":0.9963985682,"97":0.9967986941,"98":0.9977990985,"99":0.9993997812},"avg_loss_val":{"0":0.3801353277,"1":0.2395887905,"2":0.2395942681,"3":0.2210544963,"4":0.1695476734,"5":0.2258080673,"6":0.2192217161,"7":0.2379019081,"8":0.2873692756,"9":0.1827488783,"10":0.1948189469,"11":0.2033959305,"12":0.2226810934,"13":0.1765661534,"14":0.2682816242,"15":0.1843744365,"16":0.2169954994,"17":0.2260558236,"18":0.238290972,"19":0.1623811628,"20":0.2463561765,"21":0.250141128,"22":0.2149159725,"23":0.2936565555,"24":0.3743424677,"25":0.2108317873,"26":0.1773291809,"27":0.2279441826,"28":0.2002351323,"29":0.3361321941,"30":0.2357124526,"31":0.2194866989,"32":0.2495694556,"33":0.2098800799,"34":0.2262515231,"35":0.2109789797,"36":0.1857728463,"37":0.2749186525,"38":0.2321449297,"39":0.2250029109,"40":0.2063575477,"41":0.2289870332,"42":0.2277004343,"43":0.255542809,"44":0.2681853317,"45":0.2023000546,"46":0.2692219789,"47":0.1978382188,"48":0.2687557743,"49":0.2705229884,"50":0.1740803574,"51":0.1707114101,"52":0.2045624157,"53":0.1962656426,"54":0.2004492181,"55":0.1995183905,"56":0.2602174294,"57":0.2513574797,"58":0.1661582243,"59":0.2101785838,"60":0.2762974333,"61":0.2218594253,"62":0.2512422461,"63":0.1900163068,"64":0.2253818609,"65":0.1931357147,"66":0.2412248552,"67":0.2736481784,"68":0.2165474791,"69":0.1935862145,"70":0.2182524266,"71":0.2720767592,"72":0.3223381913,"73":0.2880938437,"74":0.1836150438,"75":0.306958978,"76":0.259713571,"77":0.2727790079,"78":0.2395769351,"79":0.3107858008,"80":0.2636499422,"81":0.3284257231,"82":0.2312685055,"83":0.19090921,"84":0.2832707706,"85":0.2255011763,"86":0.2451440777,"87":0.2221874159,"88":0.1585168565,"89":0.2297821423,"90":0.2043312837,"91":0.268790439,"92":0.2537858755,"93":0.2474794174,"94":0.1890427472,"95":0.2260774229,"96":0.2901445485,"97":0.2334390518,"98":0.3032671623,"99":0.2906538683},"avg_acc_val":{"0":0.876753509,"1":0.9208416939,"2":0.9218437076,"3":0.9348697662,"4":0.9509018064,"5":0.9238477349,"6":0.948897779,"7":0.9278557301,"8":0.924849689,"9":0.948897779,"10":0.9378757477,"11":0.9468938112,"12":0.9448897839,"13":0.95190382,"14":0.9468938112,"15":0.9589178562,"16":0.9478958249,"17":0.9428857565,"18":0.9438877702,"19":0.9529058337,"20":0.9408817887,"21":0.939879775,"22":0.9458917975,"23":0.9418838024,"24":0.8997995853,"25":0.95190382,"26":0.9569138288,"27":0.9428857565,"28":0.9468938112,"29":0.9378757477,"30":0.9498997927,"31":0.9478958249,"32":0.9388777614,"33":0.9458917975,"34":0.9448897839,"35":0.9509018064,"36":0.9579158425,"37":0.9358717799,"38":0.9509018064,"39":0.9458917975,"40":0.95190382,"41":0.9529058337,"42":0.95190382,"43":0.9408817887,"44":0.9498997927,"45":0.9589178562,"46":0.9498997927,"47":0.9509018064,"48":0.9458917975,"49":0.9408817887,"50":0.9599198699,"51":0.9559118152,"52":0.95190382,"53":0.9629258513,"54":0.9549098611,"55":0.9559118152,"56":0.9388777614,"57":0.9498997927,"58":0.9579158425,"59":0.9549098611,"60":0.9498997927,"61":0.9559118152,"62":0.9549098611,"63":0.9599198699,"64":0.95190382,"65":0.9569138288,"66":0.9629258513,"67":0.9428857565,"68":0.9619238377,"69":0.9559118152,"70":0.9579158425,"71":0.948897779,"72":0.9468938112,"73":0.9498997927,"74":0.9549098611,"75":0.9418838024,"76":0.9539078474,"77":0.9458917975,"78":0.9609218836,"79":0.948897779,"80":0.9559118152,"81":0.9358717799,"82":0.9539078474,"83":0.9629258513,"84":0.95190382,"85":0.9468938112,"86":0.9498997927,"87":0.9599198699,"88":0.9619238377,"89":0.9609218836,"90":0.9549098611,"91":0.95190382,"92":0.9599198699,"93":0.9498997927,"94":0.9569138288,"95":0.9559118152,"96":0.9418838024,"97":0.9529058337,"98":0.9498997927,"99":0.9579158425},"image_size":{"0":256,"1":256,