{"epoch":{"0":0,"1":1,"2":2,"3":3,"4":4,"5":5,"6":6,"7":7,"8":8,"9":9,"10":10,"11":11,"12":12,"13":13,"14":14,"15":15,"16":16,"17":17,"18":18,"19":19,"20":20,"21":21,"22":22,"23":23,"24":24,"25":25,"26":26,"27":27,"28":28,"29":29,"30":30,"31":31,"32":32,"33":33,"34":34,"35":35,"36":36,"37":37,"38":38,"39":39,"40":40,"41":41,"42":42,"43":43,"44":44,"45":45,"46":46,"47":47,"48":48,"49":49},"avg_loss":{"0":0.4670156126,"1":0.285847886,"2":0.2216155491,"3":0.1553412748,"4":0.1188787633,"5":0.1245149706,"6":0.1064522935,"7":0.1018557242,"8":0.0778743097,"9":0.0876896886,"10":0.0715971069,"11":0.0570364065,"12":0.0640673372,"13":0.0703087672,"14":0.0587180678,"15":0.0460141333,"16":0.0465744,"17":0.0543312809,"18":0.0483147984,"19":0.0438049965,"20":0.0487921894,"21":0.0474790372,"22":0.0337851695,"23":0.0427088704,"24":0.0339886772,"25":0.03101302,"26":0.0487437799,"27":0.0244928231,"28":0.0364384521,"29":0.0298428681,"30":0.0349815246,"31":0.021233044,"32":0.014068691,"33":0.0189227084,"34":0.0180664083,"35":0.0492810187,"36":0.0382316815,"37":0.0187723783,"38":0.0226134721,"39":0.0325487777,"40":0.0279464191,"41":0.043719,"42":0.0243187891,"43":0.0092248255,"44":0.019015882,"45":0.0300472215,"46":0.0096927178,"47":0.025869857,"48":0.0139759649,"49":0.0228954138},"avg_acc":{"0":0.8506121039,"1":0.9108645916,"2":0.9317138791,"3":0.9516067505,"4":0.9623183012,"5":0.9636572599,"6":0.9653787613,"7":0.9665263891,"8":0.9743688107,"9":0.9707345366,"10":0.9778118134,"11":0.9831675887,"12":0.9795333147,"13":0.9770466685,"14":0.9829763174,"15":0.9846978188,"16":0.9850803614,"17":0.9843152165,"18":0.9841239452,"19":0.9862279892,"20":0.9839326739,"21":0.9858454466,"22":0.9894797206,"23":0.9858454466,"24":0.9919663668,"25":0.9915837646,"26":0.9848890901,"27":0.9923489094,"28":0.9871844053,"29":0.9910099506,"30":0.9904361367,"31":0.9929227233,"32":0.9954093695,"33":0.9940704107,"34":0.9946442246,"35":0.9848890901,"36":0.9881407619,"37":0.9940704107,"38":0.9929227233,"39":0.9898622632,"40":0.9910099506,"41":0.9860367179,"42":0.9925401807,"43":0.9973221421,"44":0.9931139946,"45":0.9898622632,"46":0.9961744547,"47":0.9919663668,"48":0.996365726,"49":0.992731452},"avg_loss_val":{"0":0.4422999686,"1":0.2701538177,"2":0.2969584046,"3":0.2321560249,"4":0.2168385353,"5":0.2845429917,"6":0.2027542798,"7":0.3356782417,"8":0.230976179,"9":0.2327954866,"10":0.1959007003,"11":0.2791045565,"12":0.2981972878,"13":0.2557831483,"14":0.2165901295,"15":0.2502221177,"16":0.253226394,"17":0.2790008709,"18":0.188600867,"19":0.2267874769,"20":0.209236612,"21":0.1660694015,"22":0.2811568637,"23":0.2561344588,"24":0.2151752187,"25":0.2292106598,"26":0.2230091593,"27":0.2404627453,"28":0.2644134395,"29":0.2270742915,"30":0.2322264797,"31":0.2230317197,"32":0.1921849292,"33":0.2456095154,"34":0.4446906666,"35":0.2458147716,"36":0.2038290876,"37":0.230333401,"38":0.4154064903,"39":0.2463112329,"40":0.2607127603,"41":0.2193688026,"42":0.227259275,"43":0.1677481784,"44":0.309108584,"45":0.228312899,"46":0.2326350619,"47":0.2104708063,"48":0.1781810159,"49":0.2240021483},"avg_acc_val":{"0":0.8621908426,"1":0.9182231426,"2":0.9076224566,"3":0.9237759113,"4":0.9303382635,"5":0.910651207,"6":0.9374054074,"7":0.8939929605,"8":0.9333670139,"9":0.92932868,"10":0.9475013018,"11":0.9172135592,"12":0.9212519526,"13":0.9323574305,"14":0.9429581165,"15":0.936395824,"16":0.9298334718,"17":0.9318526387,"18":0.9495204687,"19":0.9389197826,"20":0.9480060935,"21":0.9555780292,"22":0.9384149909,"23":0.9374054074,"24":0.9439677596,"25":0.9389197826,"26":0.9394245744,"27":0.94699651,"28":0.9343765974,"29":0.9379101992,"30":0.9358909726,"31":0.9475013018,"32":0.952044487,"33":0.9384149909,"34":0.90863204,"35":0.9353861809,"36":0.9379101992,"37":0.9459869266,"38":0.9167087674,"39":0.9409389496,"40":0.9399293661,"41":0.9414437413,"42":0.9399293661,"43":0.9596164227,"44":0.9217567444,"45":0.9444725513,"46":0.9434629083,"47":0.9475013018,"48":0.9545684457,"49":0.9464917183},"device_type":{"0":"cuda","1":"cuda","2":"cuda","3":"cuda","4":"cuda","5":"cuda","6":"cuda","7":"cuda","8":"cuda","9":"cuda","10":"cuda","11":"cuda","12":"cuda","13":"cuda","14":"cuda","15":"cuda","16":"cuda","17":"cuda","18":"cuda","19":"cuda","20":"cuda","21":"cuda","22":"cuda","23":"cuda","24":"cuda","25":"cuda","26":"cuda","27":"cuda","28":"cuda","29":"cuda","30":"cuda","31":"cuda","32":"cuda","33":"cuda","34":"cuda","35":"cuda","36":"cuda","37":"cuda","38":"cuda","39":"cuda","40":"cuda","41":"cuda","42":"cuda","43":"cuda","44":"cuda","45":"cuda","46":"cuda","47":"cuda","48":"cuda","49":"cuda"}}