{"lr":{"0":0.00001,"1":0.0000215443,"2":0.0000464159,"3":0.0001,"4":0.0002154435,"5":0.0004641589,"6":0.001},"avg_loss_val":{"0":0.1443481054,"1":0.127897076,"2":0.1216504834,"3":0.1110282281,"4":0.1285527922,"5":0.1397152571,"6":0.159940612},"avg_acc_val":{"0":0.9537778166,"1":0.9601667126,"2":0.9638889366,"3":0.9681667089,"4":0.9664444857,"5":0.9623889393,"6":0.9603333738},"time":{"0":4776.6443111897,"1":4757.5682442188,"2":4778.4294137955,"3":4790.5805580616,"4":4807.2397155762,"5":4841.2011482716,"6":4843.0807275772}}