{"epoch":{"0":0,"1":1,"2":2,"3":3,"4":4,"5":5,"6":6,"7":7,"8":8,"9":9,"10":10,"11":11,"12":12,"13":13,"14":14,"15":15,"16":16,"17":17,"18":18,"19":19,"20":20,"21":21,"22":22,"23":23,"24":24,"25":25,"26":26,"27":27,"28":28,"29":29,"30":30,"31":31,"32":32,"33":33,"34":34,"35":35,"36":36,"37":37,"38":38,"39":39,"40":40,"41":41,"42":42,"43":43,"44":44,"45":45,"46":46,"47":47,"48":48,"49":49},"avg_loss":{"0":0.0546709575,"1":0.0690675908,"2":0.0663145191,"3":0.0578814625,"4":0.0471607427,"5":0.0531761156,"6":0.0528620412,"7":0.0375707351,"8":0.0380482532,"9":0.0497314328,"10":0.0208002209,"11":0.0123654363,"12":0.0080207524,"13":0.0052904373,"14":0.0084496313,"15":0.0074642211,"16":0.006555991,"17":0.0065998483,"18":0.0076414692,"19":0.0093900688,"20":0.0083394159,"21":0.0087180906,"22":0.0067724961,"23":0.003771176,"24":0.0053317355,"25":0.0102383121,"26":0.0077195891,"27":0.0049420705,"28":0.0073624957,"29":0.0058463475,"30":0.0063604923,"31":0.0042233224,"32":0.0050250818,"33":0.0075500931,"34":0.0034865752,"35":0.0055764311,"36":0.0063569783,"37":0.0041625401,"38":0.0070789736,"39":0.0054735588,"40":0.0059432368,"41":0.0050646112,"42":0.0047401754,"43":0.0064208201,"44":0.0095169125,"45":0.005438,"46":0.00617446,"47":0.0044497739,"48":0.0068961347,"49":0.005116522},"avg_acc":{"0":0.9829931855,"1":0.9787915349,"2":0.9787915349,"3":0.980792284,"4":0.9863945246,"5":0.982192874,"6":0.9847939014,"7":0.9893957376,"8":0.9883953333,"9":0.9853941798,"10":0.9935974479,"11":0.9955982566,"12":0.9977990985,"13":0.9983993769,"14":0.9975990057,"15":0.9973989725,"16":0.9977990985,"17":0.9979991913,"18":0.9969987869,"19":0.9965986609,"20":0.9967986941,"21":0.9967986941,"22":0.9977990985,"23":0.9987995028,"24":0.9983993769,"25":0.9959983826,"26":0.9975990057,"27":0.9983993769,"28":0.9977990985,"29":0.9981992841,"30":0.9983993769,"31":0.9987995028,"32":0.9983993769,"33":0.9971988797,"34":0.9985994101,"35":0.9983993769,"36":0.9977990985,"37":0.9987995028,"38":0.9985994101,"39":0.9983993769,"40":0.9983993769,"41":0.9983993769,"42":0.9985994101,"43":0.9975990057,"44":0.9977990985,"45":0.9987995028,"46":0.9981992841,"47":0.9985994101,"48":0.9981992841,"49":0.9985994101},"avg_loss_val":{"0":0.285159877,"1":0.1847071813,"2":0.16776036,"3":0.1380236642,"4":0.2471322724,"5":0.226063626,"6":0.1371864289,"7":0.1263747794,"8":0.1935878763,"9":0.162254749,"10":0.1599512278,"11":0.1246718288,"12":0.1349627345,"13":0.1392121733,"14":0.1567920158,"15":0.1045009556,"16":0.1182716144,"17":0.1048049794,"18":0.1661465676,"19":0.1042741357,"20":0.1399481181,"21":0.1237434936,"22":0.1004379984,"23":0.1216187651,"24":0.1193698763,"25":0.128351519,"26":0.10571744,"27":0.1158469481,"28":0.0998662229,"29":0.0898072016,"30":0.1093674117,"31":0.1437961871,"32":0.1210004939,"33":0.0886169479,"34":0.112294244,"35":0.1246738441,"36":0.0949529789,"37":0.1270697646,"38":0.1027884346,"39":0.1401138464,"40":0.1115136716,"41":0.0945999816,"42":0.1016404845,"43":0.0950091204,"44":0.1375114914,"45":0.1314512955,"46":0.1097592378,"47":0.0959854034,"48":0.1034648227,"49":0.1401922633},"avg_acc_val":{"0":0.9178357124,"1":0.9498997927,"2":0.9529058337,"3":0.9599198699,"4":0.9438877702,"5":0.9328657389,"6":0.9599198699,"7":0.9629258513,"8":0.9418838024,"9":0.9589178562,"10":0.9589178562,"11":0.963927865,"12":0.963927865,"13":0.9609218836,"14":0.9649298787,"15":0.9739478827,"16":0.9729459286,"17":0.9719439149,"18":0.9629258513,"19":0.97595191,"20":0.9689378738,"21":0.9719439149,"22":0.9769539237,"23":0.9649298787,"24":0.9729459286,"25":0.9739478827,"26":0.97595191,"27":0.9689378738,"28":0.9749498963,"29":0.9749498963,"30":0.9799599051,"31":0.9719439149,"32":0.97595191,"33":0.9779559374,"34":0.97595191,"35":0.9749498963,"36":0.97595191,"37":0.9769539237,"38":0.9689378738,"39":0.9659318924,"40":0.9709419012,"41":0.9779559374,"42":0.9729459286,"43":0.9719439149,"44":0.9689378738,"45":0.9669339061,"46":0.9739478827,"47":0.97595191,"48":0.9739478827,"49":0.9649298787},"image_size":{"0":256,"1":256,"2":256,"3":256,"4":256,"5":256,"6":256,"7":256,"8":256,"9":256,"10":256,"11":256,"12":256,"13":256,"14":256,"15":256,"16":256,"17":256,"18":256,"19":256,"20":256,"21":256,"22":256,"23":256,"24":256,"25":256,"26":256,"27":256,"28":256,"29":256,"30":256,"31":256,"32":256,"33":256,"34":256,"35":256,"36":256,"37":256,"38":256,"39":256,"40":256,"41":256,"42":256,"43":256,"44":256,"45":256,"46":256,"47":256,"48":256,"49":256},"device":{"0":"cuda:0","1":"cuda:0","2":"cuda:0","3":"cuda:0","4":"cuda:0","5":"cuda:0","6":"cuda:0","7":"cuda:0","8":"cuda:0","9":"cuda:0","10":"cuda:0","11":"cuda:0","12":"cuda:0","13":"cuda:0","14":"cuda:0","15":"cuda:0","16":"cuda:0","17":"cuda:0","18":"cuda:0","19":"cuda:0","20":"cuda:0","21":"cuda:0","22":"cuda:0","23":"cuda:0","24":"cuda:0","25":"cuda:0","26":"cuda:0","27":"cuda:0","28":"cuda:0","29":"cuda:0","30":"cuda:0","31":"cuda:0","32":"cuda:0","33":"cuda:0","34":"cuda:0","35":"cuda:0","36":"cuda:0","37":"cuda:0","38":"cuda:0","39":"cuda:0","40":"cuda:0","41":"cuda:0","42":"cuda:0","43":"cuda:0","44":"cuda:0","45":"cuda:0","46":"cuda:0","47":"cuda:0","48":"cuda:0","49":"cuda:0"},"model":{"0":"vgg16_lin","1":"vgg16_lin","2":"vgg16_lin","3":"vgg16_lin","4":"vgg16_lin","5":"vgg16_lin","6":"vgg16_lin","7":"vgg16_lin","8":"vgg16_lin","9":"vgg16_lin","10":"vgg16_lin","11":"vgg16_lin","12":"vgg16_lin","13":"vgg16_lin","14":"vgg16_lin","15":"vgg16_lin","16":"vgg16_lin","17":"vgg16_lin","18":"vgg16_lin","19":"vgg16_lin","20":"vgg16_lin","21":"vgg16_lin","22":"vgg16_lin","23":"vgg16_lin","24":"vgg16_lin","25":"vgg16_lin","26":"vgg16_lin","27":"vgg16_lin","28":"vgg16_lin","29":"vgg16_lin","30":"vgg16_lin","31":"vgg16_lin","32":"vgg16_lin","33":"vgg16_lin","34":"vgg16_lin","35":"vgg16_lin","36":"vgg16_lin","37":"vgg16_lin","38":"vgg16_lin","39":"vgg16_lin","40":"vgg16_lin","41":"vgg16_lin","42":"vgg16_lin","43":"vgg16_lin","44":"vgg16_lin","45":"vgg16_lin","46":"vgg16_lin","47":"vgg16_lin","48":"vgg16_lin","49":"vgg16_lin"}}