{"epoch":{"0":0,"1":1,"2":2,"3":3,"4":4,"5":5,"6":0,"7":1,"8":2,"9":3,"10":4,"11":5,"12":0,"13":1,"14":2,"15":3,"16":4,"17":5,"18":0,"19":1,"20":2,"21":3,"22":4,"23":5},"avg_loss":{"0":1.1061889512,"1":0.6770634804,"2":0.5724262286,"3":0.4964479719,"4":0.4474314451,"5":0.4119531207,"6":0.2337407198,"7":0.2065179242,"8":0.1750620616,"9":0.1554015309,"10":0.1494038528,"11":0.1368777108,"12":0.1115344876,"13":0.0949474541,"14":0.0793397425,"15":0.0782034694,"16":0.0758334862,"17":0.0667760367,"18":0.1501197441,"19":0.1127444524,"20":0.1014416828,"21":0.0928081751,"22":0.0822496575,"23":0.0838731767},"avg_acc":{"0":0.6355087161,"1":0.776001513,"2":0.8139928579,"3":0.8405115604,"4":0.854993403,"5":0.8647733331,"6":0.9189392328,"7":0.9324806929,"8":0.9439533353,"9":0.9495956302,"10":0.9512882829,"11":0.9524167776,"12":0.9652059078,"13":0.9693436027,"14":0.9732931852,"15":0.9732931852,"16":0.9776189327,"17":0.9772427678,"18":0.9541094303,"19":0.9646416903,"20":0.9678390026,"21":0.9708482027,"22":0.9732931852,"23":0.9729170203},"avg_loss_val":{"0":0.7810678444,"1":0.6295655425,"2":0.5809175301,"3":0.5605121612,"4":0.5257978304,"5":0.5250868236,"6":0.2415158291,"7":0.2304265336,"8":0.2141681654,"9":0.2199252286,"10":0.220810372,"11":0.1960042531,"12":0.1242958108,"13":0.1234474002,"14":0.1227762133,"15":0.1435033095,"16":0.1152448748,"17":0.1304069698,"18":0.153189409,"19":0.1446253278,"20":0.1325143487,"21":0.1260443865,"22":0.1365212608,"23":0.1248016658},"avg_acc_val":{"0":0.7447317839,"1":0.7931034565,"2":0.8050765991,"3":0.8199233413,"4":0.8280650973,"5":0.8285440207,"6":0.913793087,"7":0.9219348431,"8":0.9257662892,"9":0.9276819825,"10":0.9267241359,"11":0.9319922924,"12":0.9588122368,"13":0.9559386969,"14":0.9564176202,"15":0.9530650973,"16":0.9631226063,"17":0.9592911601,"18":0.9487547874,"19":0.9549807906,"20":0.9573754668,"21":0.9602490067,"22":0.9578543901,"23":0.9568965435},"device_type":{"0":"cuda","1":"cuda","2":"cuda","3":"cuda","4":"cuda","5":"cuda","6":"cuda","7":"cuda","8":"cuda","9":"cuda","10":"cuda","11":"cuda","12":"cuda","13":"cuda","14":"cuda","15":"cuda","16":"cuda","17":"cuda","18":"cuda","19":"cuda","20":"cuda","21":"cuda","22":"cuda","23":"cuda"}}