{"batch_size":{"0":8,"1":13,"2":21,"3":34,"4":55},"avg_loss_val":{"0":0.1264223914,"1":0.1213816352,"2":0.1177802437,"3":0.1182050577,"4":0.1208688005},"avg_acc_val":{"0":0.9665556153,"1":0.9668889443,"2":0.9680000477,"3":0.9638889366,"4":0.9633333882},"time":{"0":5061.0519895554,"1":4700.7495319843,"2":4668.6565687656,"3":4789.4536819458,"4":4832.2749547958}}