{"epoch":{"0":0,"1":1,"2":2,"3":3,"4":4,"5":5,"6":6,"7":7,"8":8,"9":9,"10":10,"11":11,"12":0,"13":1,"14":2,"15":3,"16":4,"17":5,"18":6,"19":7,"20":8,"21":9,"22":10,"23":11,"24":0,"25":1,"26":2,"27":3,"28":4,"29":5,"30":6,"31":7,"32":8,"33":9,"34":10,"35":11,"36":0,"37":1,"38":2,"39":3,"40":4,"41":5,"42":6,"43":7,"44":8,"45":9,"46":10,"47":11},"avg_loss":{"0":1.1989803945,"1":0.7754102623,"2":0.637061967,"3":0.5154254963,"4":0.4699824868,"5":0.4021023703,"6":0.3609248296,"7":0.3283722737,"8":0.2976896846,"9":0.2959886419,"10":0.2761871085,"11":0.2544590811,"12":0.2956333846,"13":0.2384894389,"14":0.1885294535,"15":0.1650272316,"16":0.1488346549,"17":0.1305477216,"18":0.1308318265,"19":0.1302190255,"20":0.1102295022,"21":0.1282442857,"22":0.1027161064,"23":0.0949565158,"24":0.1573244243,"25":0.1117696859,"26":0.082557725,"27":0.0861381959,"28":0.0755476519,"29":0.0700150539,"30":0.0551723764,"31":0.047189625,"32":0.0531079602,"33":0.0488397869,"34":0.04793316,"35":0.0392211645,"36":0.138353988,"37":0.1148263611,"38":0.1022113378,"39":0.060404281,"40":0.0744539673,"41":0.055860434,"42":0.0567324547,"43":0.0563417183,"44":0.0467617162,"45":0.036687125,"46":0.0379740823,"47":0.0317146717},"avg_acc":{"0":0.607306838,"1":0.7501912713,"2":0.7976281643,"3":0.8364575505,"4":0.855776608,"5":0.8758607507,"6":0.8863810301,"7":0.8970925808,"8":0.9045524001,"9":0.9072303176,"10":0.9064651728,"11":0.923488915,"12":0.9014919996,"13":0.9217674136,"14":0.9414690137,"15":0.947398603,"16":0.9529457092,"17":0.9602142572,"18":0.9544758797,"19":0.9588752985,"20":0.9632746577,"21":0.9571537971,"22":0.9669089317,"23":0.9686304331,"24":0.9519892931,"25":0.9600229859,"26":0.9739862084,"27":0.9697781205,"28":0.9768553972,"29":0.9778118134,"30":0.9824024439,"31":0.9845064878,"32":0.9825937152,"33":0.9825937152,"34":0.9848890901,"35":0.9871844053,"36":0.9563887119,"37":0.9607880712,"38":0.9623183012,"39":0.978194356,"40":0.9778118134,"41":0.9822111726,"42":0.9816373587,"43":0.9824024439,"44":0.9843152165,"45":0.9873756766,"46":0.9877582192,"47":0.990627408},"avg_loss_val":{"0":0.8487823315,"1":0.7425894331,"2":0.7652215227,"3":0.7423095853,"4":0.6580871607,"5":0.7388242245,"6":0.5808637102,"7":0.6456287048,"8":0.5136528811,"9":0.5932357938,"10":0.5928995678,"11":0.7696432929,"12":0.3825734111,"13":0.3272944417,"14":0.349265408,"15":0.2953182734,"16":0.3259298103,"17":0.3183797003,"18":0.3205101419,"19":0.4711417983,"20":0.3015998055,"21":0.3117204732,"22":0.3385534693,"23":0.289837753,"24":0.2033784824,"25":0.1991683157,"26":0.2352081973,"27":0.2157000482,"28":0.1948853475,"29":0.2120931213,"30":0.2130227032,"31":0.3673318374,"32":0.2352555039,"33":0.2284553908,"34":0.1800306585,"35":0.1812225746,"36":0.2510091045,"37":0.3087265916,"38":0.2037826829,"39":0.1764271387,"40":0.2077878191,"41":0.1932095539,"42":0.2115370171,"43":0.2361031758,"44":0.2047114838,"45":0.2000224813,"46":0.1613833142,"47":0.1798108785},"avg_acc_val":{"0":0.7117617726,"1":0.7561838031,"2":0.7592125535,"3":0.7642605305,"4":0.8001009822,"5":0.7869762778,"6":0.8228167892,"7":0.8112065196,"8":0.8409894109,"9":0.8197880387,"10":0.8303887248,"11":0.7879859209,"12":0.8864210248,"13":0.9010601044,"14":0.9030792713,"15":0.90863204,"16":0.9050984979,"17":0.9005553126,"18":0.9081272483,"19":0.8657244444,"20":0.9071176648,"21":0.9071176648,"22":0.9081272483,"23":0.9151943922,"24":0.9338718057,"25":0.936395824,"26":0.9298334718,"27":0.9419485331,"28":0.9424533248,"29":0.9409389496,"30":0.9399293661,"31":0.9096416235,"32":0.9404341578,"33":0.9384149909,"34":0.9500252604,"35":0.9475013018,"36":0.9212519526,"37":0.9096416235,"38":0.9419485331,"39":0.9399293661,"40":0.9353861809,"41":0.9434629083,"42":0.9414437413,"43":0.9369006157,"44":0.94699651,"45":0.9399293661,"46":0.9575971961,"47":0.9454821348},"device_type":{"0":"cuda","1":"cuda","2":"cuda","3":"cuda","4":"cuda","5":"cuda","6":"cuda","7":"cuda","8":"cuda","9":"cuda","10":"cuda","11":"cuda","12":"cuda","13":"cuda","14":"cuda","15":"cuda","16":"cuda","17":"cuda","18":"cuda","19":"cuda","20":"cuda","21":"cuda","22":"cuda","23":"cuda","24":"cuda","25":"cuda","26":"cuda","27":"cuda","28":"cuda","29":"cuda","30":"cuda","31":"cuda","32":"cuda","33":"cuda","34":"cuda","35":"cuda","36":"cuda","37":"cuda","38":"cuda","39":"cuda","40":"cuda","41":"cuda","42":"cuda","43":"cuda","44":"cuda","45":"cuda","46":"cuda","47":"cuda"}}