{"epoch":{"0":0,"1":1,"2":2,"3":3,"4":4,"5":5,"6":6,"7":7,"8":8,"9":9,"10":10,"11":11,"12":12,"13":13,"14":14,"15":15,"16":16,"17":17,"18":18,"19":19,"20":20,"21":21,"22":22,"23":23,"24":24,"25":25,"26":26,"27":27,"28":28,"29":29,"30":30,"31":31,"32":32,"33":33,"34":34,"35":35,"36":36,"37":37,"38":38,"39":39,"40":40,"41":41,"42":42,"43":43,"44":44,"45":45,"46":46,"47":47,"48":48,"49":49},"avg_loss":{"0":0.6174325747,"1":0.2836124907,"2":0.2198162941,"3":0.1573240339,"4":0.145643174,"5":0.1199495309,"6":0.0789052367,"7":0.099497755,"8":0.0794043021,"9":0.0757536452,"10":0.0965854461,"11":0.0691133174,"12":0.0625563054,"13":0.0694072352,"14":0.0646813751,"15":0.0475289278,"16":0.0813864885,"17":0.0610269823,"18":0.0367796958,"19":0.0341372509,"20":0.0438614735,"21":0.0668724152,"22":0.0276922541,"23":0.0251632358,"24":0.0217142925,"25":0.0349550898,"26":0.0386872448,"27":0.0220794866,"28":0.0214838097,"29":0.0129247125,"30":0.0331461095,"31":0.027786887,"32":0.0301558556,"33":0.0239134726,"34":0.0204926568,"35":0.0083569462,"36":0.0190961596,"37":0.0171864122,"38":0.0428814208,"39":0.0197692743,"40":0.0482870887,"41":0.0096815977,"42":0.0152896197,"43":0.0242689227,"44":0.0176179194,"45":0.0190802765,"46":0.0199015576,"47":0.0138115885,"48":0.0117985272,"49":0.0137875427},"avg_acc":{"0":0.8140010238,"1":0.9080224633,"2":0.9238630533,"3":0.9509453177,"4":0.9586101174,"5":0.9596320987,"6":0.9759836197,"7":0.9688298106,"8":0.9790495634,"9":0.9739397168,"10":0.9647419453,"11":0.9810935259,"12":0.9805825353,"13":0.9775165915,"14":0.9810935259,"15":0.9836484194,"16":0.9739397168,"17":0.9810935259,"18":0.9882472754,"19":0.9897802472,"20":0.9877363443,"21":0.9805825353,"22":0.9908022285,"23":0.9897802472,"24":0.9943791628,"25":0.9902912378,"26":0.9856923819,"27":0.9943791628,"28":0.9943791628,"29":0.9948900938,"30":0.9902912378,"31":0.9908022285,"32":0.9902912378,"33":0.9923352003,"34":0.9933571815,"35":0.9969340563,"36":0.9954010844,"37":0.9933571815,"38":0.98415941,"39":0.9943791628,"40":0.9867143631,"41":0.9979560375,"42":0.995912075,"43":0.9923352003,"44":0.9948900938,"45":0.9938681722,"46":0.9943791628,"47":0.9943791628,"48":0.9969340563,"49":0.995912075},"avg_loss_val":{"0":0.3781584203,"1":0.4291357527,"2":0.2797642557,"3":0.324059432,"4":0.2820258225,"5":0.3171261244,"6":0.3511066845,"7":0.3751810347,"8":0.3403399795,"9":0.3798178281,"10":0.3094993719,"11":0.3207172797,"12":0.2609277518,"13":0.282000239,"14":0.3041157981,"15":0.3265943101,"16":0.3024071811,"17":0.3910574748,"18":0.4096225134,"19":0.3424353335,"20":0.359764328,"21":0.3845297272,"22":0.3193025955,"23":0.3150120254,"24":0.3312401271,"25":0.3685638341,"26":0.3473780313,"27":0.2580000289,"28":0.3137562417,"29":0.3228877277,"30":0.4249310966,"31":0.2945828431,"32":0.3290574504,"33":0.3848767462,"34":0.3508878726,"35":0.4257303827,"36":0.3116597967,"37":0.2865329358,"38":0.3199239506,"39":0.3358517779,"40":0.3057677618,"41":0.3391711347,"42":0.2746009293,"43":0.3601712623,"44":0.3269898594,"45":0.316400191,"46":0.321061252,"47":0.3158324829,"48":0.3079054247,"49":0.324501975},"avg_acc_val":{"0":0.8805395365,"1":0.8709055781,"2":0.9123314023,"3":0.9010918736,"4":0.913615942,"5":0.9010918736,"6":0.8994861841,"7":0.8988439441,"8":0.9017341137,"9":0.8866409659,"10":0.9165061116,"11":0.9100835323,"12":0.9210019708,"13":0.9187540412,"14":0.9174695015,"15":0.9123314023,"16":0.9197174311,"17":0.9039820433,"18":0.9007707238,"19":0.9132947922,"20":0.9033397436,"21":0.8978805542,"22":0.9145793319,"23":0.9165061116,"24":0.9187540412,"25":0.9043031931,"26":0.9078356028,"27":0.9226076007,"28":0.9149004817,"29":0.9193962812,"30":0.8901734352,"31":0.9206808209,"32":0.914258182,"33":0.9055876732,"34":0.9152215719,"35":0.9100835323,"36":0.9271034002,"37":0.92903018,"38":0.9113680124,"39":0.9145793319,"40":0.914258182,"41":0.9187540412,"42":0.9210019708,"43":0.9091201425,"44":0.9226076007,"45":0.9200385809,"46":0.9197174311,"47":0.9280667901,"48":0.9232498407,"49":0.9210019708},"device_type":{"0":"cuda","1":"cuda","2":"cuda","3":"cuda","4":"cuda","5":"cuda","6":"cuda","7":"cuda","8":"cuda","9":"cuda","10":"cuda","11":"cuda","12":"cuda","13":"cuda","14":"cuda","15":"cuda","16":"cuda","17":"cuda","18":"cuda","19":"cuda","20":"cuda","21":"cuda","22":"cuda","23":"cuda","24":"cuda","25":"cuda","26":"cuda","27":"cuda","28":"cuda","29":"cuda","30":"cuda","31":"cuda","32":"cuda","33":"cuda","34":"cuda","35":"cuda","36":"cuda","37":"cuda","38":"cuda","39":"cuda","40":"cuda","41":"cuda","42":"cuda","43":"cuda","44":"cuda","45":"cuda","46":"cuda","47":"cuda","48":"cuda","49":"cuda"}}