{"lr":{"0":0.0001,"1":0.0002154435,"2":0.0004641589,"3":0.001,"4":0.0021544347,"5":0.0046415888,"6":0.01},"avg_loss_val":{"0":0.1570117331,"1":0.1830320229,"2":0.1554610646,"3":0.1646028538,"4":0.1578302943,"5":0.1889838112,"6":0.1684734034},"avg_acc_val":{"0":0.9596163962,"1":0.9546245204,"2":0.9584385422,"3":0.9574289521,"4":0.9600090053,"5":0.9524931643,"6":0.9558584756},"time":{"0":3385.1942398548,"1":3384.7835969925,"2":3378.0672988892,"3":3375.1686041355,"4":3385.3236393929,"5":3379.2053766251,"6":3389.3547873497}}