{"epoch":{"0":0,"1":1,"2":2,"3":3,"4":4,"5":5,"6":6,"7":7,"8":8,"9":9,"10":10,"11":11,"12":12,"13":13,"14":14,"15":15,"16":16,"17":17,"18":18,"19":19,"20":20,"21":21,"22":22,"23":23,"24":24,"25":25,"26":26,"27":27,"28":28,"29":29,"30":30,"31":31,"32":32,"33":33,"34":34,"35":35,"36":36,"37":37,"38":38,"39":39,"40":40,"41":41,"42":42,"43":43,"44":44,"45":45,"46":46,"47":47,"48":48,"49":49,"50":50,"51":51,"52":52,"53":53,"54":54,"55":55,"56":56,"57":57,"58":58,"59":59,"60":60,"61":61,"62":62,"63":63,"64":64,"65":65,"66":66,"67":67,"68":68,"69":69,"70":70,"71":71,"72":72,"73":73,"74":74,"75":75,"76":76,"77":77,"78":78,"79":79,"80":80,"81":81,"82":82,"83":83,"84":84,"85":85,"86":86,"87":87,"88":88,"89":89,"90":90,"91":91,"92":92,"93":93,"94":94,"95":95,"96":96,"97":97,"98":98,"99":99},"avg_loss":{"0":0.4920852665,"1":0.2746890813,"2":0.1858723216,"3":0.1705848622,"4":0.1423349032,"5":0.1109985079,"6":0.1112907022,"7":0.0898039645,"8":0.0816717311,"9":0.0791875991,"10":0.0796738443,"11":0.0718974157,"12":0.0699254365,"13":0.0552064613,"14":0.0690135471,"15":0.0464310134,"16":0.0536514535,"17":0.0552850369,"18":0.0468960079,"19":0.0496647961,"20":0.0593486075,"21":0.06166917,"22":0.0379631477,"23":0.0428404677,"24":0.0382713154,"25":0.0453090797,"26":0.061331248,"27":0.0421069847,"28":0.01882638,"29":0.0404085686,"30":0.0363144259,"31":0.0337684109,"32":0.0305500734,"33":0.0230032267,"34":0.0281776791,"35":0.0280368912,"36":0.0358098509,"37":0.0113444026,"38":0.023814538,"39":0.0133119978,"40":0.0247535726,"41":0.0354934215,"42":0.0282687457,"43":0.0370897721,"44":0.0345538403,"45":0.0202511684,"46":0.0472188461,"47":0.0324953112,"48":0.0415849675,"49":0.0368149037,"50":0.0439664667,"51":0.0278865812,"52":0.0271017708,"53":0.0237977316,"54":0.0291034794,"55":0.0170646715,"56":0.024858609,"57":0.0253997571,"58":0.014986881,"59":0.0292976255,"60":0.0282393999,"61":0.0449598191,"62":0.0156733809,"63":0.0363515158,"64":0.021817679,"65":0.0202666576,"66":0.0146307612,"67":0.0107537305,"68":0.0304627852,"69":0.020447013,"70":0.0192890609,"71":0.0213347581,"72":0.0142831425,"73":0.0303086868,"74":0.0336415937,"75":0.0155436759,"76":0.0133962966,"77":0.0188198763,"78":0.0209761329,"79":0.0053424895,"80":0.0083441026,"81":0.0359008142,"82":0.0144967401,"83":0.0287916855,"84":0.0065104691,"85":0.0218496727,"86":0.0262781828,"87":0.0169754376,"88":0.0146774513,"89":0.0249435423,"90":0.0058815543,"91":0.0151103934,"92":0.0150402319,"93":0.0138565732,"94":0.0206315052,"95":0.0249207481,"96":0.0096538181,"97":0.0114151532,"98":0.0121177975,"99":0.009657089},"avg_acc":{"0":0.8481392264,"1":0.9169667959,"2":0.9423769712,"3":0.9441776872,"4":0.9569827914,"5":0.9655862451,"6":0.9635854363,"7":0.9709883928,"8":0.9731892943,"9":0.9761904478,"10":0.9767907262,"11":0.9775910378,"12":0.9779911637,"13":0.9811924696,"14":0.9791916609,"15":0.9859943986,"16":0.9839935899,"17":0.9815926552,"18":0.9853941798,"19":0.9839935899,"20":0.982192874,"21":0.9801920652,"22":0.9865946174,"23":0.9865946174,"24":0.9891956449,"25":0.9849939942,"26":0.9825929999,"27":0.986994803,"28":0.9941976666,"29":0.9871948957,"30":0.9891956449,"31":0.9911964536,"32":0.9915966392,"33":0.9929971695,"34":0.9917967319,"35":0.9913965464,"36":0.9875950217,"37":0.9965986609,"38":0.9937975407,"39":0.9959983826,"40":0.9931972623,"41":0.9907963276,"42":0.9907963276,"43":0.9883953333,"44":0.990396142,"45":0.9935974479,"46":0.9875950217,"47":0.9901960492,"48":0.9889956117,"49":0.9879952073,"50":0.9863945246,"51":0.9911964536,"52":0.9923969507,"53":0.9927971363,"54":0.9917967319,"55":0.9945978522,"56":0.9915966392,"57":0.9925970435,"58":0.9943977594,"59":0.9925970435,"60":0.9927971363,"61":0.9891956449,"62":0.9947978854,"63":0.9893957376,"64":0.9925970435,"65":0.9939975739,"66":0.9943977594,"67":0.9963985682,"68":0.990396142,"69":0.9933973551,"70":0.9933973551,"71":0.9923969507,"72":0.9945978522,"73":0.9911964536,"74":0.9901960492,"75":0.9961984754,"76":0.9965986609,"77":0.9945978522,"78":0.9933973551,"79":0.9979991913,"80":0.9969987869,"81":0.9901960492,"82":0.9949979782,"83":0.9919967651,"84":0.9977990985,"85":0.9935974479,"86":0.9923969507,"87":0.9947978854,"88":0.9959983826,"89":0.9919967651,"90":0.9987995028,"91":0.9955982566,"92":0.9957982898,"93":0.9949979782,"94":0.9937975407,"95":0.9943977594,"96":0.9969987869,"97":0.9961984754,"98":0.9969987869,"99":0.9967986941},"avg_loss_val":{"0":0.2949841877,"1":0.2178053614,"2":0.2161405548,"3":0.2300739576,"4":0.160859836,"5":0.15395759,"6":0.1986626582,"7":0.3159565406,"8":0.1784915173,"9":0.1450068014,"10":0.2265541686,"11":0.1750687901,"12":0.2288424434,"13":0.2595452496,"14":0.2170780865,"15":0.2280847929,"16":0.2675662486,"17":0.2711998649,"18":0.1310317397,"19":0.1657690205,"20":0.1613928962,"21":0.1477668575,"22":0.2516088285,"23":0.221277097,"24":0.1611448217,"25":0.1712052565,"26":0.1667596642,"27":0.1720141773,"28":0.1800182699,"29":0.1257093556,"30":0.1260787899,"31":0.1567942155,"32":0.1376756524,"33":0.1462984041,"34":0.317150003,"35":0.1790310622,"36":0.2351093439,"37":0.1934545444,"38":0.2304018465,"39":0.1459906981,"40":0.2066338629,"41":0.1579356408,"42":0.2171298158,"43":0.2164787197,"44":0.1839021851,"45":0.2343534098,"46":0.1592186577,"47":0.1336707621,"48":0.1602406893,"49":0.2271234061,"50":0.183648188,"51":0.1768668003,"52":0.2278445794,"53":0.190616401,"54":0.1615434714,"55":0.1784670557,"56":0.1202828348,"57":0.1561947162,"58":0.1726874728,"59":0.1981661235,"60":0.1566895544,"61":0.192368367,"62":0.1831772407,"63":0.1246129619,"64":0.132680813,"65":0.1783104348,"66":0.2206117258,"67":0.1734781446,"68":0.1905562676,"69":0.2257927908,"70":0.2088398548,"71":0.2217761105,"72":0.297145806,"73":0.5395087697,"74":0.15630215,"75":0.1462245289,"76":0.1924172073,"77":0.1605731227,"78":0.1591967943,"79":0.2608769456,"80":0.2344987372,"81":0.2122276552,"82":0.2028561412,"83":0.1428203962,"84":0.2999287822,"85":0.1916283882,"86":0.1687750377,"87":0.1908440697,"88":0.2100787052,"89":0.2155232606,"90":0.1952393325,"91":0.2350236824,"92":0.2268595097,"93":0.1525553112,"94":0.2221498462,"95":0.1844846813,"96":0.1719051747,"97":0.2281977087,"98":0.2740731841,"99":0.2248710499},"avg_acc_val":{"0":0.9118236303,"1":0.9288577437,"2":0.9328657389,"3":0.9308617115,"4":0.9438877702,"5":0.9539078474,"6":0.9358717799,"7":0.9138276577,"8":0.9418838024,"9":0.9609218836,"10":0.9338677526,"11":0.9468938112,"12":0.9468938112,"13":0.936873734,"14":0.9468938112,"15":0.9298597574,"16":0.9308617115,"17":0.9288577437,"18":0.9619238377,"19":0.9619238377,"20":0.9529058337,"21":0.9559118152,"22":0.9338677526,"23":0.948897779,"24":0.9539078474,"25":0.9549098611,"26":0.963927865,"27":0.9579158425,"28":0.9619238377,"29":0.9649298787,"30":0.9719439149,"31":0.9559118152,"32":0.9619238377,"33":0.9659318924,"34":0.9288577437,"35":0.9659318924,"36":0.9438877702,"37":0.9559118152,"38":0.9478958249,"39":0.9669339061,"40":0.9468938112,"41":0.9579158425,"42":0.9549098611,"43":0.9609218836,"44":0.9589178562,"45":0.9509018064,"46":0.9539078474,"47":0.9649298787,"48":0.9579158425,"49":0.9438877702,"50":0.95190382,"51":0.95190382,"52":0.9529058337,"53":0.9589178562,"54":0.9599198699,"55":0.9539078474,"56":0.963927865,"57":0.9609218836,"58":0.963927865,"59":0.9559118152,"60":0.9609218836,"61":0.9498997927,"62":0.9509018064,"63":0.9689378738,"64":0.9649298787,"65":0.9589178562,"66":0.9448897839,"67":0.9589178562,"68":0.9529058337,"69":0.9549098611,"70":0.9509018064,"71":0.948897779,"72":0.9458917975,"73":0.9028056264,"74":0.9619238377,"75":0.9599198699,"76":0.9549098611,"77":0.9599198699,"78":0.9629258513,"79":0.9418838024,"80":0.9529058337,"81":0.9478958249,"82":0.9549098611,"83":0.963927865,"84":0.9428857565,"85":0.9579158425,"86":0.9589178562,"87":0.95190382,"88":0.9448897839,"89":0.9539078474,"90":0.9599198699,"91":0.9498997927,"92":0.9559118152,"93":0.9579158425,"94":0.9428857565,"95":0.9569138288,"96":0.9569138288,"97":0.9498997927,"98":0.9478958249,"99":0.95190382},"image_size":{"0":256,"1":256,