{"epoch":{"0":0,"1":1,"2":2,"3":3,"4":4,"5":5,"6":6,"7":7,"8":8,"9":9,"10":10,"11":11,"12":12,"13":13,"14":14,"15":15,"16":16,"17":17,"18":18,"19":19,"20":20,"21":21,"22":22,"23":23,"24":24,"25":25,"26":26,"27":27,"28":28,"29":29,"30":30,"31":31,"32":32,"33":33,"34":34,"35":35,"36":36,"37":37,"38":38,"39":39,"40":40,"41":41,"42":42,"43":43,"44":44,"45":45,"46":46,"47":47,"48":48,"49":49},"avg_loss":{"0":1.1915514554,"1":0.7938968183,"2":0.571090053,"3":0.4877025976,"4":0.4301925405,"5":0.3997454063,"6":0.292340338,"7":0.2927712487,"8":0.2850545421,"9":0.2377329319,"10":0.2299447939,"11":0.25002538,"12":0.1764414531,"13":0.2002455799,"14":0.1668307816,"15":0.1835721654,"16":0.1610142072,"17":0.1302354276,"18":0.134219735,"19":0.0993242698,"20":0.1139314109,"21":0.1219660319,"22":0.1079923747,"23":0.0926524203,"24":0.0938278288,"25":0.0808171581,"26":0.1350836588,"27":0.1160837544,"28":0.0712111313,"29":0.1019219417,"30":0.0700983097,"31":0.0730431411,"32":0.0836585111,"33":0.0540150445,"34":0.1009035593,"35":0.1048202139,"36":0.0756612581,"37":0.1090910729,"38":0.057333393,"39":0.0466701836,"40":0.0501500847,"41":0.0989650496,"42":0.0824798783,"43":0.0818017675,"44":0.0521228446,"45":0.051920338,"46":0.0414330823,"47":0.053965426,"48":0.0669082567,"49":0.0529642511},"avg_acc":{"0":0.6172713041,"1":0.7445068955,"2":0.8175778985,"3":0.8482370973,"4":0.8656105995,"5":0.8732753992,"6":0.9090444446,"7":0.9070004821,"8":0.9054675102,"9":0.9264179468,"10":0.9274399281,"11":0.9213081002,"12":0.9473683834,"13":0.9386816621,"14":0.9453244805,"15":0.9417475462,"16":0.9463464618,"17":0.9591211081,"18":0.9662749171,"19":0.9667859077,"20":0.963719964,"21":0.9678078294,"22":0.96831882,"23":0.9698517919,"24":0.9713847637,"25":0.9708737731,"26":0.9545221925,"27":0.9672968984,"28":0.979560554,"29":0.9708737731,"30":0.9780275822,"31":0.9785385728,"32":0.9739397168,"33":0.9826264381,"34":0.9698517919,"35":0.9647419453,"36":0.9754726291,"37":0.9678078294,"38":0.9810935259,"39":0.9856923819,"40":0.9856923819,"41":0.9718957543,"42":0.9759836197,"43":0.972406745,"44":0.9821154475,"45":0.9867143631,"46":0.9836484194,"47":0.9821154475,"48":0.9856923819,"49":0.98415941},"avg_loss_val":{"0":1.2416319765,"1":0.8320160713,"2":0.7330955553,"3":0.9092460969,"4":0.8957037187,"5":0.7364198534,"6":0.7505816362,"7":0.6907618687,"8":0.7092120466,"9":0.7974096512,"10":0.7132745736,"11":0.7932748202,"12":0.8173873472,"13":0.7956501334,"14":0.8085365748,"15":0.7035493359,"16":0.6865038088,"17":0.8503478118,"18":0.8188356181,"19":0.7770156717,"20":0.8542561832,"21":0.9353506048,"22":0.7878548336,"23":0.7626903682,"24":0.8103181392,"25":0.9916889319,"26":0.6779024075,"27":0.8961003535,"28":0.8885505347,"29":0.832444328,"30":0.8131502234,"31":0.831786935,"32":0.9842062468,"33":0.8920846657,"34":0.9427280483,"35":0.7479902334,"36":0.9770350052,"37":0.8002177049,"38":0.8055038529,"39":0.9323673169,"40":0.9036864842,"41":0.8307825071,"42":0.7784255534,"43":0.8178973525,"44":0.9524758275,"45":0.9061973305,"46":0.9192231746,"47":0.881025865,"48":0.8352749358,"49":0.9293622519},"avg_acc_val":{"0":0.6111111045,"1":0.7447013855,"2":0.7601156235,"3":0.736030817,"4":0.7228645086,"5":0.7719974518,"6":0.7858060598,"7":0.7919075489,"8":0.7867694497,"9":0.7858060598,"10":0.8021836877,"11":0.7880539894,"12":0.7947977185,"13":0.777777791,"14":0.7957611084,"15":0.8114964962,"16":0.8102119565,"17":0.7919075489,"18":0.7912652493,"19":0.8060372472,"20":0.7912652493,"21":0.7893384695,"22":0.8147078156,"23":0.8041104674,"24":0.8015414476,"25":0.7758510113,"26":0.8188824654,"27":0.78548491,"28":0.8124598861,"29":0.792549789,"30":0.8086063266,"31":0.8037893772,"32":0.7835581303,"33":0.8127809763,"34":0.7816313505,"35":0.814065516,"36":0.7870905995,"37":0.8044316173,"38":0.8108541965,"39":0.7983301282,"40":0.8041104674,"41":0.8047527671,"42":0.8105331063,"43":0.8076429367,"44":0.7951188087,"45":0.8025048375,"46":0.8137443662,"47":0.8121387362,"48":0.8150289059,"49":0.8034682274},"device_type":{"0":"cuda","1":"cuda","2":"cuda","3":"cuda","4":"cuda","5":"cuda","6":"cuda","7":"cuda","8":"cuda","9":"cuda","10":"cuda","11":"cuda","12":"cuda","13":"cuda","14":"cuda","15":"cuda","16":"cuda","17":"cuda","18":"cuda","19":"cuda","20":"cuda","21":"cuda","22":"cuda","23":"cuda","24":"cuda","25":"cuda","26":"cuda","27":"cuda","28":"cuda","29":"cuda","30":"cuda","31":"cuda","32":"cuda","33":"cuda","34":"cuda","35":"cuda","36":"cuda","37":"cuda","38":"cuda","39":"cuda","40":"cuda","41":"cuda","42":"cuda","43":"cuda","44":"cuda","45":"cuda","46":"cuda","47":"cuda","48":"cuda","49":"cuda"}}