{"epoch":{"0":0,"1":1,"2":2,"3":3,"4":4,"5":5,"6":6,"7":7,"8":8,"9":9,"10":10,"11":11,"12":12,"13":13,"14":14,"15":15,"16":16,"17":17,"18":18,"19":19,"20":20,"21":21,"22":22,"23":23,"24":24,"25":25,"26":26,"27":27,"28":28,"29":29,"30":30,"31":31,"32":32,"33":33,"34":34,"35":35,"36":36,"37":37,"38":38,"39":39,"40":40,"41":41,"42":42,"43":43,"44":44,"45":45,"46":46,"47":47,"48":48,"49":49,"50":50,"51":51,"52":52,"53":53,"54":54,"55":55,"56":56,"57":57,"58":58,"59":59,"60":60,"61":61,"62":62,"63":63,"64":64,"65":65,"66":66,"67":67,"68":68,"69":69,"70":70,"71":71,"72":72,"73":73,"74":74,"75":75,"76":76,"77":77,"78":78,"79":79,"80":80,"81":81,"82":82,"83":83,"84":84,"85":85,"86":86,"87":87,"88":88,"89":89,"90":90,"91":91,"92":92,"93":93,"94":94,"95":95,"96":96,"97":97,"98":98,"99":99},"avg_loss":{"0":1.2577380311,"1":0.8808665522,"2":0.7293975546,"3":0.6479996897,"4":0.5727381888,"5":0.5132308427,"6":0.4755732925,"7":0.4258930643,"8":0.3845762958,"9":0.3686061959,"10":0.3399007493,"11":0.3052660954,"12":0.300259132,"13":0.2717420102,"14":0.2571961005,"15":0.2523400115,"16":0.2341029868,"17":0.2378695318,"18":0.2000972578,"19":0.2121316794,"20":0.2181021766,"21":0.1856178522,"22":0.1786972935,"23":0.1960315608,"24":0.1826127617,"25":0.3525492794,"26":0.2649605124,"27":0.2277562343,"28":0.2062156293,"29":0.1840754791,"30":0.1802582467,"31":0.1562994493,"32":0.1280234694,"33":0.1359635276,"34":0.1312202597,"35":0.1083547293,"36":0.1161500408,"37":0.1148576016,"38":0.1086349933,"39":0.0950789309,"40":0.0887711196,"41":0.0697774282,"42":0.0971185266,"43":0.0923978127,"44":0.0771247234,"45":0.0808067215,"46":0.0706630231,"47":0.0826617304,"48":0.0666160186,"49":0.0684299027,"50":0.2476474789,"51":0.1780286357,"52":0.1518482931,"53":0.140207132,"54":0.1248227931,"55":0.1025532422,"56":0.0892841239,"57":0.0849062896,"58":0.0860854088,"59":0.0754475799,"60":0.064546317,"61":0.0578411989,"62":0.0571335624,"63":0.0524535901,"64":0.0551684304,"65":0.0491424102,"66":0.0430215974,"67":0.0540663158,"68":0.0509282618,"69":0.0448437584,"70":0.0343527019,"71":0.044847814,"72":0.0455321699,"73":0.0449828213,"74":0.0478969471,"75":0.3025555142,"76":0.1924003176,"77":0.1608801858,"78":0.1508983843,"79":0.1178821756,"80":0.1049783096,"81":0.0914742942,"82":0.0845613295,"83":0.0916680189,"84":0.0797287989,"85":0.067483446,"86":0.0689215965,"87":0.0535193739,"88":0.0526626166,"89":0.0651210736,"90":0.0485333077,"91":0.0449976676,"92":0.0503089149,"93":0.046025049,"94":0.0359281293,"95":0.0424267188,"96":0.0398329533,"97":0.0530405383,"98":0.0356923983,"99":0.0353095874},"avg_acc":{"0":0.5874221325,"1":0.7127449512,"2":0.7675831914,"3":0.788850069,"4":0.8175603747,"5":0.8376120329,"6":0.8468782902,"7":0.8637399077,"8":0.8751329184,"9":0.8795381784,"10":0.8945769072,"11":0.9032356143,"12":0.9055141807,"13":0.9146285653,"14":0.919033885,"15":0.9213124514,"16":0.9267811179,"17":0.9222239256,"18":0.938629806,"19":0.9310344458,"20":0.9333130717,"21":0.9404526949,"22":0.9436427355,"23":0.9345283508,"24":0.9421236515,"25":0.8828801513,"26":0.9162995815,"27":0.9243506193,"28":0.9331611395,"29":0.9398450255,"30":0.9421236515,"31":0.9472884536,"32":0.9586814642,"33":0.9551876187,"34":0.9576181173,"35":0.9668843746,"36":0.964453876,"37":0.9656691551,"38":0.9665805697,"39":0.9688591957,"40":0.9722011089,"41":0.9791887999,"42":0.9723530412,"43":0.9699225426,"44":0.9744797349,"45":0.9753911495,"46":0.9778216481,"47":0.9752392173,"48":0.978884995,"49":0.9794926047,"50":0.915995717,"51":0.9425793886,"52":0.9498708844,"53":0.9553394914,"54":0.9576181173,"55":0.9690110683,"56":0.9702263474,"57":0.9711377621,"58":0.9744797349,"59":0.9764544964,"60":0.9785811901,"61":0.9826826453,"62":0.9816192985,"63":0.9826826453,"64":0.9823788404,"65":0.9843536019,"66":0.9849612713,"67":0.9811636209,"68":0.9834421873,"69":0.9883031845,"70":0.9889107943,"71":0.9854169488,"72":0.9849612713,"73":0.9857208133,"74":0.9835941195,"75":0.9044508338,"76":0.9371107221,"77":0.9466808438,"78":0.9513899088,"79":0.9603524208,"80":0.9650614858,"81":0.9697706103,"82":0.9743278027,"83":0.9699225426,"84":0.9747835398,"85":0.9793407321,"86":0.9775178432,"87":0.9819231033,"88":0.9829864502,"89":0.9794926047,"90":0.9866322279,"91":0.985568881,"92":0.9840497971,"93":0.9842017293,"94":0.9902780056,"95":0.9858726859,"96":0.9873917699,"97":0.9837459922,"98":0.9873917699,"99":0.9898222685},"avg_loss_val":{"0":0.6440635312,"1":0.4786611557,"2":0.4213743806,"3":0.2858305043,"4":0.3420934546,"5":0.1674323211,"6":0.2546494407,"7":0.1482932185,"8":0.1904175513,"9":0.1096422268,"10":0.2080166394,"11":0.105513603,"12":0.0449845162,"13":0.0898511001,"14":0.0873381725,"15":0.038402931,"16":0.0366922506,"17":0.0234755432,"18":0.0514776605,"19":0.0666363947,"20":0.0549529059,"21":0.0089798293,"22":0.0062744716,"23":0.0156222641,"24":0.011438535,"25":0.0667350239,"26":0.0223400427,"27":0.0248523762,"28":0.0614982592,"29":0.0296017362,"30":0.0112601099,"31":0.0452320273,"32":0.0353988141,"33":0.039636486,"34":0.0056493856,"35":0.0250412095,"36":0.0043110702,"37":0.0011886906,"38":0.0076894015,"39":0.0070129773,"40":0.011569428,"41":0.0058177777,"42":0.0030274559,"43":0.0059437632,"44":0.0010842115,"45":0.0027503208,"46":0.0262101065,"47":0.0051662249,"48":0.0022143392,"49":0.0092371046,"50":0.0423008012,"51":0.0249768483,"52":0.0062167436,"53":0.0023335871,"54":0.0126031975,"55":0.0076493605,"56":0.0053000346,"57":0.0057506997,"58":0.0037134685,"59":0.0084545467,"60":0.0003988802,"61":0.0006842664,"62":0.0009706659,"63":0.0001586764,"64":0.0067827332,"65":0.0003172835,"66":0.0059629574,"67":0.0078235264,"68":0.0014164935,"69":0.0005734014,"70":0.0008593073,"71":0.0018086263,"72":0.010530769,"73":0.0002768929,"74":0.0056658839,"75":0.0429893092,"76":0.0293101018,"77":0.0081878121,"78":0.0278642623,"79":0.0044822672,"80":0.0229190077,"81":0.0016399692,"82":0.0025317337,"83":0.0714840297,"84":0.000338512,"85":0.0156032123,"86":0.0016520088,"87":0.0009657832,"88":0.0030747104,"89":0.0909951484,"90":0.002932671,"91":0.0010558732,"92":0.0064616012,"93":0.0005020098,"94":0.0067531441,"95":0.0017141611,"96":0.0099113115,"97":0.0097870425,"98":0.000903364,"99":0.000038833},"avg_acc_val":{"0":0.7999999523,"1":0.8499999642,"2":0.8799999952,"3":0.9300000072,"4":0.8899999857,"5":0.9499999881,"6":0.9399999976,"7":0.969999969,"8":0.9399999976,"9":0.9599999785,"10":0.9399999976,"11":0.9499999881,"12":0.9899999499,"13":0.9499999881,"14":0.9799999595,"15":0.9899999499,"16":0.9799999595,"17":1.0,"18":0.9799999595,"19":0.9799999595,"20":0.9899999499,"21":1.0,"22":1.0,"23":1.0,"24":1.0,"25":0.9799999595,"26":0.9899999499,"27":1.0,"28":0.9899999499,"29":0.9899999499,"30":1.0,"31":0.9799999595,"32":0.9799999595,"33":0.9799999595,"34":1.0,"35":1.0,"36":1.0,"37":1.0,"38":1.0,"39":1.0,"40":1.0,"41":1.0,"42":1.0,"43":1.0,"44":1.0,"45":1.0,"46":0.9899999499,"47":1.0,"48":1.0,"49":0.9899999499,"50":0.9899999499,"51":1.0,"52":1.0,"53":1.0,"54":1.0,"55":1.0,"56":1.0,"57":1.0,"58":1.0,"59":1.0,"60":1.0,"61":1.0,"62":1.0,"63":1.0,"64":1.0,"65":1.0,"66":1.0,"67":1.0,"68":1.0,"69":1.0,"70":1.0,"71":1.0,"72":1.0,"73":1.0,"74":1.0,"75":1.0,"76":0.9899999499,"77":1.0,"78":0.9899999499,"79":1.0,"80":1.0,"81":1.0,"82":1.0,"83":0.9899999499,"84":1.0,"85":1.0,"86":1.0,"87":1.0,"88":1.0,"89":0.969999969,"90":1.0,"91":1.0,"92":1.0,"93":1.0,"94":1.0,"95":1.0,"96":0.9899999499,"97":0.9899999499,"98":1.0,"99":1.0},"image_size":{"0":64,"1":64,"2":64,"3":64,"4":64,"5":64,"6":64,"7":64,"8":64,"9":64,"10":64,"11":64,"12":64,"13":64,"14":64,"15":64,"16":64,"17":64,"18":64,"19":64,"20":64,"21":64,"22":64,"23":64,"24":64,"25":128,"26":128,"27":128,"28":128,"29":128,"30":128,"31":128,"32":128,"33":128,"34":128,"35":128,"36":128,"37":128,"38":128,"39":128,"40":128,"41":128,"42":128,"43":128,"44":128,"45":128,"46":128,"47":128,"48":128,"49":128,"50":256,"51":256,"52":256,"53":256,"54":256,"55":256,"56":256,"57":256,"58":256,"59":256,"60":256,"61":256,"62":256,"63":256,"64":256,"65":256,"66":256,"67":256,