{"epoch":{"0":0,"1":1,"2":2,"3":3,"4":4,"5":5,"6":6,"7":7,"8":8,"9":9,"10":10,"11":11,"12":12,"13":13,"14":14,"15":15,"16":16,"17":17,"18":18,"19":19,"20":20,"21":21,"22":22,"23":23,"24":24,"25":25,"26":26,"27":27,"28":28,"29":29,"30":30,"31":31,"32":32,"33":33,"34":34,"35":35,"36":36,"37":37,"38":38,"39":39,"40":40,"41":41,"42":42,"43":43,"44":44,"45":45,"46":46,"47":47,"48":48,"49":49,"50":50,"51":51,"52":52,"53":53,"54":54,"55":55,"56":56,"57":57,"58":58,"59":59,"60":60,"61":61,"62":62,"63":63,"64":64,"65":65,"66":66,"67":67,"68":68,"69":69,"70":70,"71":71,"72":72,"73":73,"74":74,"75":75,"76":76,"77":77,"78":78,"79":79,"80":80,"81":81,"82":82,"83":83,"84":84,"85":85,"86":86,"87":87,"88":88,"89":89,"90":90,"91":91,"92":92,"93":93,"94":94,"95":95,"96":96,"97":97,"98":98,"99":99},"avg_loss":{"0":0.6203957827,"1":0.357907068,"2":0.2644051989,"3":0.2252381022,"4":0.2133006291,"5":0.1679081321,"6":0.1472480159,"7":0.1297239488,"8":0.1025469815,"9":0.1153586126,"10":0.1136230137,"11":0.0971653154,"12":0.0781257071,"13":0.0927159001,"14":0.0728727117,"15":0.0754119145,"16":0.0639208002,"17":0.0581827314,"18":0.0373592765,"19":0.072012879,"20":0.0418158545,"21":0.042093549,"22":0.0505817248,"23":0.0596531783,"24":0.0434920516,"25":0.0371327807,"26":0.0579251471,"27":0.0315863597,"28":0.0333956835,"29":0.0400981642,"30":0.0373731087,"31":0.0293370269,"32":0.0334120211,"33":0.0394578197,"34":0.0289624785,"35":0.0352412189,"36":0.0346942007,"37":0.0425085347,"38":0.0319777841,"39":0.0289295185,"40":0.0386645741,"41":0.0190808177,"42":0.0366824127,"43":0.0358619666,"44":0.0303343003,"45":0.0359559197,"46":0.0219177694,"47":0.024931899,"48":0.0210225566,"49":0.0298163749,"50":0.0293773609,"51":0.0183323205,"52":0.0178068995,"53":0.0348572578,"54":0.0292225886,"55":0.0243489433,"56":0.0171482576,"57":0.0183293124,"58":0.0080383723,"59":0.0214222265,"60":0.0212479343,"61":0.0230051101,"62":0.0153140643,"63":0.0153336823,"64":0.0137766331,"65":0.0263940706,"66":0.0196372174,"67":0.020966748,"68":0.0147912311,"69":0.0323435087,"70":0.0151567313,"71":0.019494596,"72":0.0202658722,"73":0.0146442176,"74":0.0113281579,"75":0.0168089614,"76":0.0280400766,"77":0.0154851046,"78":0.0137485583,"79":0.007767931,"80":0.0268778545,"81":0.016441229,"82":0.0127423813,"83":0.0127652135,"84":0.0226268148,"85":0.0112734029,"86":0.0122402084,"87":0.0147935011,"88":0.0173425402,"89":0.0176036085,"90":0.0197270653,"91":0.004798674,"92":0.0110765015,"93":0.0142368882,"94":0.0045772774,"95":0.0094996365,"96":0.0057575715,"97":0.0013331148,"98":0.012275686,"99":0.0186814946},"avg_acc":{"0":0.8026735187,"1":0.8837915659,"2":0.9149323702,"3":0.9281482697,"4":0.9313383102,"5":0.9466808438,"6":0.9536685348,"7":0.9550356865,"8":0.9658210278,"9":0.9627829194,"10":0.9630867243,"11":0.970682025,"12":0.9758468866,"13":0.9728087187,"14":0.9756949544,"15":0.9767583013,"16":0.980404079,"17":0.9811636209,"18":0.9883031845,"19":0.9790369272,"20":0.9873917699,"21":0.9867841601,"22":0.9858726859,"23":0.9810116887,"24":0.9858726859,"25":0.987087965,"26":0.9811636209,"27":0.9895184636,"28":0.9902780056,"29":0.9873917699,"30":0.9881513119,"31":0.991037488,"32":0.9896703362,"33":0.9875436425,"34":0.9901260734,"35":0.9895184636,"36":0.9890627265,"37":0.985568881,"38":0.9896703362,"39":0.9907336831,"40":0.9873917699,"41":0.9939237237,"42":0.9895184636,"43":0.9896703362,"44":0.991037488,"45":0.9895184636,"46":0.9933161139,"47":0.99179703,"48":0.9933161139,"49":0.991037488,"50":0.9902780056,"51":0.9940756559,"52":0.9951390028,"53":0.9893665314,"54":0.9919489622,"55":0.9936199188,"56":0.9952908754,"57":0.9942275286,"58":0.9974175692,"59":0.9933161139,"60":0.9939237237,"61":0.9928603768,"62":0.9958985448,"63":0.9946832657,"64":0.9951390028,"65":0.9928603768,"66":0.9933161139,"67":0.9934679866,"68":0.9948351979,"69":0.9914932251,"70":0.9951390028,"71":0.9934679866,"72":0.9928603768,"73":0.9957466125,"74":0.9955946803,"75":0.9945313334,"76":0.9919489622,"77":0.9949870706,"78":0.9962023497,"79":0.9980251789,"80":0.99179703,"81":0.9942275286,"82":0.9957466125,"83":0.9958985448,"84":0.9931641817,"85":0.9969618917,"86":0.9962023497,"87":0.9949870706,"88":0.9942275286,"89":0.9942275286,"90":0.9936199188,"91":0.9987847209,"92":0.9960504174,"93":0.9960504174,"94":0.9987847209,"95":0.9969618917,"96":0.9980251789,"97":0.9998480678,"98":0.9958985448,"99":0.9942275286},"avg_loss_val":{"0":0.096660252,"1":0.0925381271,"2":0.042953171,"3":0.04441203,"4":0.0531577953,"5":0.0247636184,"6":0.0307429691,"7":0.018769862,"8":0.0065178294,"9":0.0052922898,"10":0.0650913005,"11":0.0187461355,"12":0.0030945846,"13":0.0009393582,"14":0.0121959856,"15":0.0021255532,"16":0.0010833057,"17":0.0004645452,"18":0.0011473787,"19":0.0178473266,"20":0.0009122466,"21":0.0032720471,"22":0.0000727323,"23":0.0082266406,"24":0.000297623,"25":0.0013617458,"26":0.0012899419,"27":0.000248711,"28":0.0009102201,"29":0.0002938633,"30":0.0025151131,"31":0.0003675132,"32":0.0002679669,"33":0.0004491866,"34":0.0000218896,"35":0.0001025611,"36":0.0010763788,"37":0.0000901475,"38":0.0002462387,"39":0.0000761554,"40":0.0009468259,"41":0.0001021664,"42":0.0010469579,"43":0.0000402636,"44":0.0000481945,"45":0.0000210097,"46":0.0012259536,"47":0.000008004,"48":0.0000185294,"49":0.0011289242,"50":0.0004929671,"51":0.0000634527,"52":0.0000039957,"53":0.0001754199,"54":0.0005672146,"55":0.0002239394,"56":0.0000089721,"57":0.0006954219,"58":0.0000009894,"59":0.0000020611,"60":0.0001539742,"61":0.0010148624,"62":0.0002117966,"63":0.0000036618,"64":0.0000003576,"65":0.0374121098,"66":0.0000136495,"67":0.0003073387,"68":0.0000329487,"69":0.0002222489,"70":0.0199698359,"71":0.0001425447,"72":0.0004411557,"73":0.0000681818,"74":0.0001146237,"75":0.000225134,"76":0.0000096375,"77":0.0000674915,"78":0.0000040274,"79":0.0000014901,"80":0.0000498159,"81":0.000012804,"82":0.0000055239,"83":0.0315721528,"84":0.0006404567,"85":0.0003504853,"86":0.0000201772,"87":0.0000010621,"88":0.0004571757,"89":0.0150874026,"90":0.000044408,"91":0.0002503465,"92":0.0000029132,"93":0.0000154703,"94":0.0000063171,"95":0.0000023627,"96":0.0000037426,"97":0.0000008058,"98":0.00000103,"99":0.0000139162},"avg_acc_val":{"0":0.9799999595,"1":0.969999969,"2":0.9799999595,"3":0.9899999499,"4":0.9799999595,"5":0.9899999499,"6":0.9799999595,"7":0.9899999499,"8":1.0,"9":1.0,"10":0.9799999595,"11":0.9899999499,"12":1.0,"13":1.0,"14":0.9899999499,"15":1.0,"16":1.0,"17":1.0,"18":1.0,"19":0.9899999499,"20":1.0,"21":1.0,"22":1.0,"23":1.0,"24":1.0,"25":1.0,"26":1.0,"27":1.0,"28":1.0,"29":1.0,"30":1.0,"31":1.0,"32":1.0,"33":1.0,"34":1.0,"35":1.0,"36":1.0,"37":1.0,"38":1.0,"39":1.0,"40":1.0,"41":1.0,"42":1.0,"43":1.0,"44":1.0,"45":1.0,"46":1.0,"47":1.0,"48":1.0,"49":1.0,"50":1.0,"51":1.0,"52":1.0,"53":1.0,"54":1.0,"55":1.0,"56":1.0,"57":1.0,"58":1.0,"59":1.0,"60":1.0,"61":1.0,"62":1.0,"63":1.0,"64":1.0,"65":0.969999969,"66":1.0,"67":1.0,"68":1.0,"69":1.0,"70":0.9899999499,"71":1.0,"72":1.0,"73":1.0,"74":1.0,"75":1.0,"76":1.0,"77":1.0,"78":1.0,"79":1.0,"80":1.0,"81":1.0,"82":1.0,"83":0.9899999499,"84":1.0,"85":1.0,"86":1.0,"87":1.0,"88":1.0,"89":0.9899999499,"90":1.0,"91":1.0,"92":1.0,"93":1.0,"94":1.0,"95":1.0,"96":1.0,"97":1.0,"98":1.0,"99":1.0},"image_size":{"0":256,"1":256,"2":256,"3":256,"4":256,"5":256,"6":256,"7":256,"8":256,"9":256,"10":256,"11":256,"12":256,"13":256,"14":256,"15":256,"16":256,"17":256,"18":256,"19":256,"20":256,"21":256,"22":256,"23":256,"24":256,"25":256,"26":256,"27":256,"28":256,"29":256,"30":256,"31":256,"32":256,"33":256,"34":256,"35":256,"36":256,"37":256,"38":256,"39":256,"40":256,"41":256,"42":256,"43":256,"44":256,"45":256,"46":256,"47":256,"48":256,"49":256,"50":256,"51":256,"52":256,"53":256,"54":256,"55":256,"56":256,"57":256,"58":256,"59":256,"60":256,"61":256,"62":256,"63":256,"64":256,"65":256,"66":256,"67":256,"68":256,"69":256,"70":256,"71":256,"72":256,"73":256,"74":256,"75":256,"76":256,"77":256,"78":256,"79":256,"80":256,"81":256,"82":256,"83":256,"84":256,"85":256,