{"epoch":{"0":0,"1":1,"2":2,"3":3,"4":4,"5":5,"6":6,"7":7,"8":8,"9":9,"10":10,"11":11,"12":12,"13":13,"14":14,"15":15,"16":16,"17":17,"18":18,"19":19,"20":20,"21":21,"22":22,"23":23,"24":24,"25":25,"26":26,"27":27,"28":28,"29":29,"30":30,"31":31,"32":32,"33":33,"34":34,"35":35,"36":36,"37":37,"38":38,"39":39,"40":40,"41":41,"42":42,"43":43,"44":44,"45":45,"46":46,"47":47,"48":48,"49":49},"avg_loss":{"0":0.560095905,"1":0.3194581278,"2":0.2292148815,"3":0.1899323407,"4":0.1870449337,"5":0.128701635,"6":0.1117700504,"7":0.0944244605,"8":0.0866477059,"9":0.0994891031,"10":0.0815208568,"11":0.0750864586,"12":0.0696092118,"13":0.0765309368,"14":0.0803534774,"15":0.0540217032,"16":0.0571838384,"17":0.0530290972,"18":0.0630433839,"19":0.0359329684,"20":0.0541718396,"21":0.0407186707,"22":0.0359803007,"23":0.0404862423,"24":0.0371991785,"25":0.0354125052,"26":0.0426353075,"27":0.0361658034,"28":0.0417987,"29":0.0326969586,"30":0.0399167382,"31":0.0259663405,"32":0.0265988637,"33":0.0354371127,"34":0.0363552224,"35":0.0301175019,"36":0.0288577211,"37":0.0228221769,"38":0.0268770591,"39":0.0207129923,"40":0.0166086368,"41":0.0176672836,"42":0.0230492048,"43":0.0184306781,"44":0.0324170904,"45":0.0211591273,"46":0.0249890466,"47":0.0127088579,"48":0.0118373464,"49":0.0244039925},"avg_acc":{"0":0.8202207685,"1":0.8976695538,"2":0.9257052541,"3":0.9398983717,"4":0.9395478964,"5":0.9591729641,"6":0.9607499242,"7":0.9696863294,"8":0.9712633491,"9":0.9695111513,"10":0.9756439328,"11":0.9765200615,"12":0.9787979722,"13":0.9777466059,"14":0.9756439328,"15":0.9835289717,"16":0.9828280807,"17":0.9805501699,"18":0.9796741009,"19":0.9889609218,"20":0.9824776649,"21":0.9877343774,"22":0.9894865751,"23":0.9863325953,"24":0.9887856841,"25":0.9880847931,"26":0.9865077734,"27":0.9884352684,"28":0.9863325953,"29":0.9908883572,"30":0.9880847931,"31":0.9910635948,"32":0.9919397235,"33":0.9894865751,"34":0.9882600307,"35":0.9912388325,"36":0.9919397235,"37":0.9933415055,"38":0.9919397235,"39":0.9943928719,"40":0.9943928719,"41":0.9935167432,"42":0.9929910898,"43":0.9931662679,"44":0.9900122881,"45":0.9935167432,"46":0.9922901392,"47":0.9963203073,"48":0.9973716736,"49":0.9922901392},"avg_loss_val":{"0":0.377476537,"1":0.3469568042,"2":0.3089542947,"3":0.259573805,"4":0.2925882156,"5":0.2234334471,"6":0.1951926125,"7":0.2463649165,"8":0.2643068522,"9":0.2648247568,"10":0.2232248979,"11":0.2267741153,"12":0.3310956244,"13":0.222628208,"14":0.2969715041,"15":0.2863781681,"16":0.3457117937,"17":0.312599109,"18":0.2242186016,"19":0.3171323105,"20":0.2283536207,"21":0.3401281092,"22":0.3102687788,"23":0.2486906003,"24":0.2310856666,"25":0.3482275123,"26":0.2477900642,"27":0.305300084,"28":0.2656287588,"29":0.246091165,"30":0.2156298357,"31":0.252690196,"32":0.3150213494,"33":0.2884168353,"34":0.282728019,"35":0.1864365774,"36":0.2134375003,"37":0.2082538524,"38":0.2225306421,"39":0.2231434041,"40":0.2264656566,"41":0.261810357,"42":0.2871480318,"43":0.2822087034,"44":0.236630367,"45":0.2783405381,"46":0.2794122551,"47":0.2420949191,"48":0.3221177176,"49":0.2539855037},"avg_acc_val":{"0":0.8768373132,"1":0.8945768476,"2":0.8976178765,"3":0.9183984399,"4":0.914850533,"5":0.9275215864,"6":0.936644733,"7":0.9270147085,"8":0.9260010719,"9":0.9224531651,"10":0.9356310368,"11":0.9356310368,"12":0.9107958078,"13":0.9346174002,"14":0.9153573513,"15":0.9290421009,"16":0.914850533,"17":0.9249873757,"18":0.9396858215,"19":0.9163710475,"20":0.9386721253,"21":0.9062342048,"22":0.9295489192,"23":0.9462747574,"24":0.9386721253,"25":0.9092752337,"26":0.9300557971,"27":0.9113026261,"28":0.9325900078,"29":0.9341105223,"30":0.944247365,"31":0.9432336688,"32":0.9356310368,"33":0.9356310368,"34":0.9107958078,"35":0.9477952719,"36":0.9462747574,"37":0.941206336,"38":0.9422200322,"39":0.941206336,"40":0.9503294826,"41":0.9386721253,"42":0.9315763116,"43":0.9371516109,"44":0.9341105223,"45":0.936644733,"46":0.9280284047,"47":0.9477952719,"48":0.9341105223,"49":0.9396858215},"device_type":{"0":"cuda","1":"cuda","2":"cuda","3":"cuda","4":"cuda","5":"cuda","6":"cuda","7":"cuda","8":"cuda","9":"cuda","10":"cuda","11":"cuda","12":"cuda","13":"cuda","14":"cuda","15":"cuda","16":"cuda","17":"cuda","18":"cuda","19":"cuda","20":"cuda","21":"cuda","22":"cuda","23":"cuda","24":"cuda","25":"cuda","26":"cuda","27":"cuda","28":"cuda","29":"cuda","30":"cuda","31":"cuda","32":"cuda","33":"cuda","34":"cuda","35":"cuda","36":"cuda","37":"cuda","38":"cuda","39":"cuda","40":"cuda","41":"cuda","42":"cuda","43":"cuda","44":"cuda","45":"cuda","46":"cuda","47":"cuda","48":"cuda","49":"cuda"}}