{"epoch":{"0":0,"1":1,"2":2,"3":3,"4":4,"5":5,"6":6,"7":7,"8":8,"9":9,"10":10,"11":11,"12":12,"13":13,"14":14,"15":15,"16":16,"17":17,"18":18,"19":19,"20":20,"21":21,"22":22,"23":23,"24":24,"25":25,"26":26,"27":27,"28":28,"29":29,"30":30,"31":31,"32":32,"33":33,"34":34,"35":35,"36":36,"37":37,"38":38,"39":39,"40":40,"41":41,"42":42,"43":43,"44":44,"45":45,"46":46,"47":47,"48":48,"49":49},"avg_loss":{"0":0.5272990913,"1":0.3211205325,"2":0.2182965457,"3":0.1860454164,"4":0.1456095326,"5":0.1328903968,"6":0.1363990387,"7":0.1170520377,"8":0.1055962166,"9":0.0838129874,"10":0.0410390204,"11":0.0288904607,"12":0.0259778769,"13":0.0308337709,"14":0.0204326554,"15":0.0147395868,"16":0.0133025798,"17":0.015766835,"18":0.0126759174,"19":0.0125205537,"20":0.0127940968,"21":0.0126891079,"22":0.0111023756,"23":0.0114664833,"24":0.0135627698,"25":0.0114821644,"26":0.0075926389,"27":0.0102787814,"28":0.0106592682,"29":0.0091529572,"30":0.0113655574,"31":0.01124152,"32":0.010073172,"33":0.0110729684,"34":0.0091864748,"35":0.0103658803,"36":0.0127823893,"37":0.0111820414,"38":0.0112500747,"39":0.0136725394,"40":0.0116552348,"41":0.0145091917,"42":0.0120247908,"43":0.0096886275,"44":0.0118433018,"45":0.0120989354,"46":0.008995566,"47":0.0105595825,"48":0.0120595497,"49":0.0165415126},"avg_acc":{"0":0.8373349309,"1":0.8967586756,"2":0.9305722117,"3":0.9409763813,"4":0.952581048,"5":0.9573829174,"6":0.9579831958,"7":0.9643857479,"8":0.9667866826,"9":0.9731892943,"10":0.9889956117,"11":0.9911964536,"12":0.9917967319,"13":0.9897959232,"14":0.9943977594,"15":0.9965986609,"16":0.9947978854,"17":0.9953981638,"18":0.9959983826,"19":0.9961984754,"20":0.9961984754,"21":0.9961984754,"22":0.9973989725,"23":0.9965986609,"24":0.9967986941,"25":0.9959983826,"26":0.9977990985,"27":0.9973989725,"28":0.9965986609,"29":0.9973989725,"30":0.9965986609,"31":0.9959983826,"32":0.9969987869,"33":0.9959983826,"34":0.9979991913,"35":0.9965986609,"36":0.9961984754,"37":0.9969987869,"38":0.9959983826,"39":0.995198071,"40":0.9959983826,"41":0.9957982898,"42":0.9953981638,"43":0.9969987869,"44":0.9965986609,"45":0.9967986941,"46":0.9977990985,"47":0.9971988797,"48":0.9959983826,"49":0.9949979782},"avg_loss_val":{"0":0.243782774,"1":0.2598849939,"2":0.2185718923,"3":0.2402723076,"4":0.1548987182,"5":0.1916159247,"6":0.1775234903,"7":0.1952257392,"8":0.231210087,"9":0.3334573225,"10":0.1628973413,"11":0.1414163208,"12":0.174153023,"13":0.129674917,"14":0.1389011464,"15":0.1430908202,"16":0.1578474502,"17":0.120066814,"18":0.1476334161,"19":0.1523357022,"20":0.1389035591,"21":0.14595534,"22":0.1511372077,"23":0.1532329058,"24":0.1447084266,"25":0.141472328,"26":0.1157998019,"27":0.1433552496,"28":0.1471326559,"29":0.1392035737,"30":0.1557613735,"31":0.142576801,"32":0.1354124123,"33":0.1537814724,"34":0.1169421156,"35":0.1615137672,"36":0.1277846211,"37":0.1208143438,"38":0.1384571463,"39":0.1403855538,"40":0.1259692976,"41":0.1434813466,"42":0.1296350509,"43":0.1404365802,"44":0.1375427279,"45":0.155859115,"46":0.1495437094,"47":0.1432761576,"48":0.1303832936,"49":0.1288540461},"avg_acc_val":{"0":0.9178357124,"1":0.9188376665,"2":0.9308617115,"3":0.9228457212,"4":0.9529058337,"5":0.9388777614,"6":0.9438877702,"7":0.9579158425,"8":0.939879775,"9":0.9198396802,"10":0.9549098611,"11":0.95190382,"12":0.9549098611,"13":0.9659318924,"14":0.9599198699,"15":0.9529058337,"16":0.9559118152,"17":0.9679358602,"18":0.9589178562,"19":0.9589178562,"20":0.9649298787,"21":0.9649298787,"22":0.9609218836,"23":0.963927865,"24":0.9649298787,"25":0.963927865,"26":0.9629258513,"27":0.9619238377,"28":0.9569138288,"29":0.9629258513,"30":0.9569138288,"31":0.9649298787,"32":0.9629258513,"33":0.9609218836,"34":0.9689378738,"35":0.9569138288,"36":0.9689378738,"37":0.9649298787,"38":0.963927865,"39":0.9619238377,"40":0.9609218836,"41":0.9619238377,"42":0.9629258513,"43":0.9659318924,"44":0.9659318924,"45":0.9599198699,"46":0.9649298787,"47":0.9659318924,"48":0.9649298787,"49":0.9689378738},"image_size":{"0":256,"1":256,"2":256,"3":256,"4":256,"5":256,"6":256,"7":256,"8":256,"9":256,"10":256,"11":256,"12":256,"13":256,"14":256,"15":256,"16":256,"17":256,"18":256,"19":256,"20":256,"21":256,"22":256,"23":256,"24":256,"25":256,"26":256,"27":256,"28":256,"29":256,"30":256,"31":256,"32":256,"33":256,"34":256,"35":256,"36":256,"37":256,"38":256,"39":256,"40":256,"41":256,"42":256,"43":256,"44":256,"45":256,"46":256,"47":256,"48":256,"49":256},"device":{"0":"cuda:0","1":"cuda:0","2":"cuda:0","3":"cuda:0","4":"cuda:0","5":"cuda:0","6":"cuda:0","7":"cuda:0","8":"cuda:0","9":"cuda:0","10":"cuda:0","11":"cuda:0","12":"cuda:0","13":"cuda:0","14":"cuda:0","15":"cuda:0","16":"cuda:0","17":"cuda:0","18":"cuda:0","19":"cuda:0","20":"cuda:0","21":"cuda:0","22":"cuda:0","23":"cuda:0","24":"cuda:0","25":"cuda:0","26":"cuda:0","27":"cuda:0","28":"cuda:0","29":"cuda:0","30":"cuda:0","31":"cuda:0","32":"cuda:0","33":"cuda:0","34":"cuda:0","35":"cuda:0","36":"cuda:0","37":"cuda:0","38":"cuda:0","39":"cuda:0","40":"cuda:0","41":"cuda:0","42":"cuda:0","43":"cuda:0","44":"cuda:0","45":"cuda:0","46":"cuda:0","47":"cuda:0","48":"cuda:0","49":"cuda:0"},"model":{"0":"vgg16_gray","1":"vgg16_gray","2":"vgg16_gray","3":"vgg16_gray","4":"vgg16_gray","5":"vgg16_gray","6":"vgg16_gray","7":"vgg16_gray","8":"vgg16_gray","9":"vgg16_gray","10":"vgg16_gray","11":"vgg16_gray","12":"vgg16_gray","13":"vgg16_gray","14":"vgg16_gray","15":"vgg16_gray","16":"vgg16_gray","17":"vgg16_gray","18":"vgg16_gray","19":"vgg16_gray","20":"vgg16_gray","21":"vgg16_gray","22":"vgg16_gray","23":"vgg16_gray","24":"vgg16_gray","25":"vgg16_gray","26":"vgg16_gray","27":"vgg16_gray","28":"vgg16_gray","29":"vgg16_gray","30":"vgg16_gray","31":"vgg16_gray","32":"vgg16_gray","33":"vgg16_gray","34":"vgg16_gray","35":"vgg16_gray","36":"vgg16_gray","37":"vgg16_gray","38":"vgg16_gray","39":"vgg16_gray","40":"vgg16_gray","41":"vgg16_gray","42":"vgg16_gray","43":"vgg16_gray","44":"vgg16_gray","45":"vgg16_gray","46":"vgg16_gray","47":"vgg16_gray","48":"vgg16_gray","49":"vgg16_gray"}}