{"epoch":{"0":0,"1":1,"2":2,"3":3,"4":4},"avg_loss":{"0":2.4215655516,"1":2.3148929295,"2":2.3132053955,"3":2.3129537741,"4":2.3091083501},"avg_acc":{"0":0.090266563,"1":0.0959208459,"2":0.098546043,"3":0.0977382883,"4":0.1009693071},"avg_loss_val":{"0":2.312556948,"1":2.3150063106,"2":2.3092720995,"3":2.3058234799,"4":2.3082349047},"avg_acc_val":{"0":0.1010204032,"1":0.1030612215,"2":0.1010204032,"3":0.1091836691,"4":0.1030612215},"image_size":{"0":256,"1":256,"2":256,"3":256,"4":256},"device":{"0":"cuda:0","1":"cuda:0","2":"cuda:0","3":"cuda:0","4":"cuda:0"},"model":{"0":null,"1":null,"2":null,"3":null,"4":null}}