{"epoch":{"0":0,"1":1,"2":2,"3":3,"4":4,"5":5,"6":6,"7":7,"8":8,"9":9,"10":10,"11":11,"12":12,"13":13,"14":14,"15":15,"16":16,"17":17,"18":18,"19":19,"20":20,"21":21,"22":22,"23":23,"24":24,"25":25,"26":26,"27":27,"28":28,"29":29,"30":30,"31":31,"32":32,"33":33,"34":34,"35":35,"36":36,"37":37,"38":38,"39":39,"40":40,"41":41,"42":42,"43":43,"44":44,"45":45,"46":46,"47":47,"48":48,"49":49},"avg_loss":{"0":0.6007364364,"1":0.3345236518,"2":0.2346028018,"3":0.1724488214,"4":0.1610685107,"5":0.1515579946,"6":0.1190729855,"7":0.1124091682,"8":0.1204676777,"9":0.0834025894,"10":0.071771314,"11":0.0774573255,"12":0.0982476866,"13":0.0741987579,"14":0.0750015138,"15":0.0596245065,"16":0.050460107,"17":0.0591102247,"18":0.0537163399,"19":0.0475699374,"20":0.0475040833,"21":0.0295593751,"22":0.0410434075,"23":0.0578122726,"24":0.0458808947,"25":0.0354644935,"26":0.0725836705,"27":0.0356032436,"28":0.0310285937,"29":0.0357740254,"30":0.0310912284,"31":0.0285780144,"32":0.0290555786,"33":0.0266096886,"34":0.0246514448,"35":0.0147651268,"36":0.0233644833,"37":0.0266573256,"38":0.0238434939,"39":0.0209962488,"40":0.0354969313,"41":0.0308331768,"42":0.0252972352,"43":0.0161304989,"44":0.0234950735,"45":0.0176133489,"46":0.0223613084,"47":0.0178860962,"48":0.0212256658,"49":0.0158648294},"avg_acc":{"0":0.8075525165,"1":0.8905493021,"2":0.9307350516,"3":0.9456785321,"4":0.947495997,"5":0.9539580345,"6":0.9624394178,"7":0.9644588232,"8":0.9618336558,"9":0.9749596119,"10":0.9767770767,"11":0.9759693146,"12":0.9686995149,"13":0.9796042442,"14":0.9773828983,"15":0.9808158278,"16":0.9834410548,"17":0.9832391143,"18":0.9824313521,"19":0.9860662818,"20":0.9836429954,"21":0.9909127951,"22":0.987883687,"23":0.9822294116,"24":0.9854604602,"25":0.9892972708,"26":0.9800081253,"27":0.9892972708,"28":0.9907108545,"29":0.9899030924,"30":0.9894992113,"31":0.9927302599,"32":0.9892972708,"33":0.9917205572,"34":0.9947496057,"35":0.9965670705,"36":0.9929322004,"37":0.9913166761,"38":0.9927302599,"39":0.9951534867,"40":0.9894992113,"41":0.9911147356,"42":0.9913166761,"43":0.9949515462,"44":0.9925283194,"45":0.9935379624,"46":0.9923263788,"47":0.9951534867,"48":0.9943457246,"49":0.9953554273},"avg_loss_val":{"0":0.3376221941,"1":0.3286671682,"2":0.2867410459,"3":0.1995210302,"4":0.2052187451,"5":0.2850404932,"6":0.2288129356,"7":0.223337125,"8":0.2045012871,"9":0.146376105,"10":0.17634513,"11":0.1358078891,"12":0.2053622638,"13":0.2289579115,"14":0.1786611183,"15":0.1721989154,"16":0.1950373261,"17":0.2171413448,"18":0.1758816619,"19":0.1577521904,"20":0.1525153022,"21":0.1587265888,"22":0.3114249004,"23":0.1809620096,"24":0.2541287897,"25":0.1910061916,"26":0.2388441257,"27":0.1860094365,"28":0.2036493147,"29":0.1574293793,"30":0.1825652141,"31":0.2025300571,"32":0.212671909,"33":0.1909057248,"34":0.2097190623,"35":0.1639591268,"36":0.2082751157,"37":0.235279908,"38":0.1879001487,"39":0.2028438293,"40":0.1842806326,"41":0.1645872001,"42":0.1628770215,"43":0.2145805052,"44":0.2919506101,"45":0.2173084234,"46":0.1586983166,"47":0.2108287564,"48":0.176714846,"49":0.2823066904},"avg_acc_val":{"0":0.8979591727,"1":0.9091836214,"2":0.9091836214,"3":0.9346938133,"4":0.9418367147,"5":0.9275509715,"6":0.9408162832,"7":0.9428570867,"8":0.9387754798,"9":0.9551020265,"10":0.9489795566,"11":0.9663264751,"12":0.9448978901,"13":0.9377550483,"14":0.9459183216,"15":0.9571428299,"16":0.9530611634,"17":0.9499999881,"18":0.9520407915,"19":0.9551020265,"20":0.9653061032,"21":0.9591836333,"22":0.9214285612,"23":0.9530611634,"24":0.9265305996,"25":0.9612244368,"26":0.9244897366,"27":0.9438775182,"28":0.9520407915,"29":0.9591836333,"30":0.9540815949,"31":0.9591836333,"32":0.9469387531,"33":0.9448978901,"34":0.9418367147,"35":0.9602040648,"36":0.9561223984,"37":0.9551020265,"38":0.9489795566,"39":0.9581632018,"40":0.9540815949,"41":0.9591836333,"42":0.9653061032,"43":0.9499999881,"44":0.9306122065,"45":0.9581632018,"46":0.9612244368,"47":0.9520407915,"48":0.9602040648,"49":0.9469387531},"image_size":{"0":256,"1":256,"2":256,"3":256,"4":256,"5":256,"6":256,"7":256,"8":256,"9":256,"10":256,"11":256,"12":256,"13":256,"14":256,"15":256,"16":256,"17":256,"18":256,"19":256,"20":256,"21":256,"22":256,"23":256,"24":256,"25":256,"26":256,"27":256,"28":256,"29":256,"30":256,"31":256,"32":256,"33":256,"34":256,"35":256,"36":256,"37":256,"38":256,"39":256,"40":256,"41":256,"42":256,"43":256,"44":256,"45":256,"46":256,"47":256,"48":256,"49":256},"device_type":{"0":"cuda","1":"cuda","2":"cuda","3":"cuda","4":"cuda","5":"cuda","6":"cuda","7":"cuda","8":"cuda","9":"cuda","10":"cuda","11":"cuda","12":"cuda","13":"cuda","14":"cuda","15":"cuda","16":"cuda","17":"cuda","18":"cuda","19":"cuda","20":"cuda","21":"cuda","22":"cuda","23":"cuda","24":"cuda","25":"cuda","26":"cuda","27":"cuda","28":"cuda","29":"cuda","30":"cuda","31":"cuda","32":"cuda","33":"cuda","34":"cuda","35":"cuda","36":"cuda","37":"cuda","38":"cuda","39":"cuda","40":"cuda","41":"cuda","42":"cuda","43":"cuda","44":"cuda","45":"cuda","46":"cuda","47":"cuda","48":"cuda","49":"cuda"}}