{"epoch":{"0":0,"1":1,"2":2,"3":3,"4":4,"5":5,"6":6,"7":7,"8":8,"9":9,"10":10,"11":11,"12":12,"13":13,"14":14,"15":15,"16":16,"17":17,"18":18,"19":19,"20":20,"21":21,"22":22,"23":23,"24":24},"avg_loss":{"0":0.5867205085,"1":0.1844825136,"2":0.1313749851,"3":0.1270834036,"4":0.1125567955,"5":0.0908600052,"6":0.0866756557,"7":0.0902234691,"8":0.0764666148,"9":0.0711581593,"10":0.0742970447,"11":0.0634225262,"12":0.0660110148,"13":0.0527460448,"14":0.0567424924,"15":0.0455681978,"16":0.0485579723,"17":0.0420231796,"18":0.0380734255,"19":0.0432965446,"20":0.0480498938,"21":0.0319996848,"22":0.0377825673,"23":0.0352976892,"24":0.0426185985},"avg_acc":{"0":0.8200112581,"1":0.9407560825,"2":0.9580590725,"3":0.9601278901,"4":0.9655820727,"5":0.9700959325,"6":0.972540915,"7":0.9700959325,"8":0.9755501151,"9":0.9755501151,"10":0.9755501151,"11":0.9794996977,"12":0.9794996977,"13":0.9834492803,"14":0.9825088978,"15":0.986082375,"16":0.9840135574,"17":0.9868346453,"18":0.9875869751,"19":0.9851419926,"20":0.9853300452,"21":0.9909723401,"22":0.9866465926,"23":0.9858942628,"24":0.9870227575},"avg_loss_val":{"0":0.2466046091,"1":0.2015619465,"2":0.1685451475,"3":0.1528548255,"4":0.1438763829,"5":0.1362535722,"6":0.1345648436,"7":0.1320975617,"8":0.1266564147,"9":0.1268975256,"10":0.1282751729,"11":0.1108649736,"12":0.1199476935,"13":0.1230949761,"14":0.1296199631,"15":0.1187373527,"16":0.1347075293,"17":0.1136602886,"18":0.1228891183,"19":0.0978150869,"20":0.1219768108,"21":0.1245956103,"22":0.1314917945,"23":0.0890165844,"24":0.0854529629},"avg_acc_val":{"0":0.9219348431,"1":0.9382183552,"2":0.9458811879,"3":0.9521072507,"4":0.9535440207,"5":0.9549807906,"6":0.9602490067,"7":0.9554597735,"8":0.9588122368,"9":0.9616857767,"10":0.9588122368,"11":0.9650382996,"12":0.962643683,"13":0.9578543901,"14":0.9636015296,"15":0.9636015296,"16":0.9588122368,"17":0.9669539928,"18":0.9650382996,"19":0.9717432857,"20":0.9597700834,"21":0.9631226063,"22":0.9612068534,"23":0.9703065157,"24":0.9741379023},"device_type":{"0":"cuda","1":"cuda","2":"cuda","3":"cuda","4":"cuda","5":"cuda","6":"cuda","7":"cuda","8":"cuda","9":"cuda","10":"cuda","11":"cuda","12":"cuda","13":"cuda","14":"cuda","15":"cuda","16":"cuda","17":"cuda","18":"cuda","19":"cuda","20":"cuda","21":"cuda","22":"cuda","23":"cuda","24":"cuda"}}