{"epoch":{"0":0,"1":1,"2":2,"3":3,"4":4,"5":5,"6":6,"7":7,"8":8,"9":9,"10":10,"11":11,"12":12,"13":13,"14":14,"15":15,"16":16,"17":17,"18":18,"19":19,"20":20,"21":21,"22":22,"23":23,"24":24,"25":25,"26":26,"27":27,"28":28,"29":29,"30":30,"31":31,"32":32,"33":33,"34":34,"35":35,"36":36,"37":37,"38":38,"39":39,"40":40,"41":41,"42":42,"43":43,"44":44,"45":45,"46":46,"47":47,"48":48,"49":49,"50":50,"51":51,"52":52,"53":53,"54":54,"55":55,"56":56,"57":57,"58":58,"59":59,"60":60,"61":61,"62":62,"63":63,"64":64,"65":65,"66":66,"67":67,"68":68,"69":69,"70":70,"71":71,"72":72,"73":73,"74":74,"75":75,"76":76,"77":77,"78":78,"79":79,"80":80,"81":81,"82":82,"83":83,"84":84,"85":85,"86":86,"87":87,"88":88,"89":89,"90":90,"91":91,"92":92,"93":93,"94":94,"95":95,"96":96,"97":97,"98":98,"99":99},"avg_loss":{"0":0.638891517,"1":0.3663966236,"2":0.2874285111,"3":0.2430667085,"4":0.1934077235,"5":0.1766345473,"6":0.1401970296,"7":0.1437148038,"8":0.1491549479,"9":0.1090147559,"10":0.093944486,"11":0.1017126734,"12":0.0882617173,"13":0.0934389962,"14":0.0763590207,"15":0.0635842478,"16":0.0823171202,"17":0.0586291055,"18":0.0686150288,"19":0.0437170535,"20":0.0611380394,"21":0.0568459706,"22":0.0557317285,"23":0.0493595261,"24":0.0511067609,"25":0.0444241666,"26":0.0455183081,"27":0.0370675764,"28":0.0371609308,"29":0.0444869298,"30":0.0435782799,"31":0.0447796005,"32":0.0371115155,"33":0.0365064372,"34":0.0333707161,"35":0.0341454284,"36":0.0352093236,"37":0.0328540075,"38":0.025740288,"39":0.0321021155,"40":0.0189108917,"41":0.0357328597,"42":0.0217040621,"43":0.0330065137,"44":0.0416427735,"45":0.0431792231,"46":0.0257646523,"47":0.0256636328,"48":0.029670397,"49":0.0355256414,"50":0.0185118296,"51":0.0302985584,"52":0.0280484754,"53":0.0331928755,"54":0.0242252037,"55":0.0346408424,"56":0.0154952282,"57":0.0187044592,"58":0.0135690619,"59":0.0201108774,"60":0.0168777102,"61":0.0157719606,"62":0.0226698578,"63":0.022401045,"64":0.0173397588,"65":0.0224844744,"66":0.0200455037,"67":0.0167845728,"68":0.0115707164,"69":0.0214090698,"70":0.0123330489,"71":0.020827573,"72":0.0171858113,"73":0.0157544327,"74":0.0122577062,"75":0.0241256216,"76":0.0213538486,"77":0.020199514,"78":0.021128016,"79":0.0167839216,"80":0.0220068904,"81":0.021315189,"82":0.0085366503,"83":0.010140322,"84":0.0062142124,"85":0.0328578544,"86":0.0112694202,"87":0.0065734872,"88":0.0187419979,"89":0.0121101975,"90":0.0184686765,"91":0.0164136036,"92":0.0080305096,"93":0.0189616353,"94":0.0049565391,"95":0.0066665788,"96":0.0125424471,"97":0.0098129905,"98":0.0131173363,"99":0.0100738876},"avg_acc":{"0":0.7978125215,"1":0.8853106499,"2":0.9079446793,"3":0.9214643836,"4":0.9392374158,"5":0.9413641095,"6":0.9532127976,"7":0.9533647299,"8":0.9509342313,"9":0.9639981985,"10":0.9696186781,"11":0.9688591957,"12":0.9711377621,"13":0.9694668055,"14":0.9752392173,"15":0.9794926047,"16":0.9758468866,"17":0.9807078838,"18":0.9776697755,"19":0.9860246181,"20":0.9811636209,"21":0.9838979244,"22":0.9832903147,"23":0.9857208133,"24":0.9831383824,"25":0.9861764908,"26":0.9846574664,"27":0.9889107943,"28":0.9873917699,"29":0.9867841601,"30":0.9861764908,"31":0.9861764908,"32":0.9881513119,"33":0.9887589216,"34":0.9905818105,"35":0.9892146587,"36":0.9895184636,"37":0.9898222685,"38":0.9924046993,"39":0.9901260734,"40":0.9942275286,"41":0.9893665314,"42":0.9931641817,"43":0.9886069894,"44":0.9873917699,"45":0.9884551167,"46":0.9928603768,"47":0.992556572,"48":0.9899741411,"49":0.9902780056,"50":0.9948351979,"51":0.9905818105,"52":0.9913413525,"53":0.9902780056,"54":0.9924046993,"55":0.9899741411,"56":0.9951390028,"57":0.9952908754,"58":0.9962023497,"59":0.9945313334,"60":0.9945313334,"61":0.9949870706,"62":0.9927085042,"63":0.9922527671,"64":0.9945313334,"65":0.9931641817,"66":0.9928603768,"67":0.9949870706,"68":0.9962023497,"69":0.992556572,"70":0.9963542223,"71":0.9936199188,"72":0.9949870706,"73":0.9955946803,"74":0.9954428077,"75":0.9930123091,"76":0.9933161139,"77":0.9931641817,"78":0.9934679866,"79":0.9945313334,"80":0.9928603768,"81":0.9936199188,"82":0.9980251789,"83":0.9974175692,"84":0.9980251789,"85":0.9896703362,"86":0.9966580272,"87":0.9978733063,"88":0.9946832657,"89":0.9962023497,"90":0.9937718511,"91":0.9942275286,"92":0.9978733063,"93":0.9945313334,"94":0.9983290434,"95":0.9981771111,"96":0.9960504174,"97":0.9962023497,"98":0.9958985448,"99":0.9965061545},"avg_loss_val":{"0":0.1912815684,"1":0.1881688539,"2":0.1128714182,"3":0.0705187833,"4":0.0449652482,"5":0.0562855927,"6":0.0499923242,"7":0.1047966682,"8":0.0314990781,"9":0.0155471767,"10":0.0213065806,"11":0.0146502562,"12":0.0213365825,"13":0.0340672602,"14":0.0056280557,"15":0.0182713335,"16":0.0095659571,"17":0.0107939979,"18":0.0033933625,"19":0.003508529,"20":0.0168978431,"21":0.0111233361,"22":0.004797014,"23":0.0036454031,"24":0.0095980618,"25":0.0018357839,"26":0.0081656575,"27":0.0016593653,"28":0.0009630011,"29":0.0009145765,"30":0.02366842,"31":0.0080748389,"32":0.0004171635,"33":0.0008307292,"34":0.0008897806,"35":0.0026913533,"36":0.0030965051,"37":0.0007220884,"38":0.0087780023,"39":0.0004898874,"40":0.0002528273,"41":0.0007022041,"42":0.0021388463,"43":0.0017843874,"44":0.0094450037,"45":0.0002168632,"46":0.0001659969,"47":0.0001136604,"48":0.0138403903,"49":0.00152157,"50":0.0016510613,"51":0.0026581585,"52":0.0028023188,"53":0.0015413178,"54":0.0007293447,"55":0.0024791978,"56":0.0006535486,"57":0.0028936463,"58":0.004543291,"59":0.0011524646,"60":0.0005950716,"61":0.0025787499,"62":0.0629624247,"63":0.0003981831,"64":0.0001291786,"65":0.0000847251,"66":0.001653132,"67":0.0017545544,"68":0.0001187266,"69":0.0018465497,"70":0.0004758631,"71":0.0020436253,"72":0.0000499628,"73":0.0000380236,"74":0.0001081241,"75":0.0006790682,"76":0.0013546742,"77":0.0122359039,"78":0.0015253112,"79":0.012313523,"80":0.0131499164,"81":0.0007118754,"82":0.0001141219,"83":0.000014549,"84":0.0000265094,"85":0.000377093,"86":0.0013136879,"87":0.0015580728,"88":0.0001029436,"89":0.0004694711,"90":0.0005509101,"91":0.0009856194,"92":0.0000991003,"93":0.0000514705,"94":0.0011693139,"95":0.0001438382,"96":0.0000978069,"97":0.0001950142,"98":0.0211276183,"99":0.0000911537},"avg_acc_val":{"0":0.9430000186,"1":0.9300000668,"2":0.962000072,"3":0.9740000367,"4":0.9850000739,"5":0.9800000191,"6":0.9850000739,"7":0.9630000591,"8":0.9890000224,"9":0.9960000515,"10":0.9910000563,"11":0.9960000515,"12":0.9920000434,"13":0.9880000353,"14":0.9980000257,"15":0.9940000176,"16":0.9970000386,"17":0.9990000725,"18":0.9990000725,"19":0.9990000725,"20":0.9920000434,"21":0.9980000257,"22":0.9980000257,"23":0.9990000725,"24":0.9970000386,"25":1.0,"26":0.9980000257,"27":1.0,"28":1.0,"29":1.0,"30":0.9940000176,"31":0.9970000386,"32":1.0,"33":1.0,"34":1.0,"35":0.9990000725,"36":1.0,"37":1.0,"38":0.9970000386,"39":1.0,"40":1.0,"41":1.0,"42":0.9990000725,"43":1.0,"44":0.9970000386,"45":1.0,"46":1.0,"47":1.0,"48":0.9960000515,"49":1.0,"50":1.0,"51":0.9990000725,"52":0.9990000725,"53":1.0,"54":1.0,"55":0.9990000725,"56":1.0,"57":0.9990000725,"58":0.9990000725,"59":0.9990000725,"60":1.0,"61":0.9990000725,"62":0.9820000529,"63":1.0,"64":1.0,"65":1.0,"66":1.0,"67":0.9990000725,"68":1.0,"69":0.9990000725,"70":1.0,"71":0.9990000725,"72":1.0,"73":1.0,"74":1.0,"75":1.0,"76":1.0,"77":0.9970000386,"78":0.9990000725,"79":0.9980000257,"80":0.9950000644,"81":1.0,"82":1.0,"83":1.0,"84":1.0,"85":1.0,"86":0.9990000725,"87":1.0,"88":1.0,"89":1.0,"90":1.0,"91":1.0,"92":1.0,"93":1.0,"94":0.9990000725,"95":1.0,"96":1.0,"97":1.0,"98":0.9940000176,"99":1.0},"image_size":{"0":256,"1":256,"2":256,"3":256,"4":256,"5":256,"6":256,"7":256,"8":256,"9":256,"10":256,"11":256,"12":256,"13":256,"14":256,"15":256,"16":256,"17":256,"18":256,"19":256,"20":256,"21":256,"22":256,"23":256,"24":256,"25":256,"26":256,"27":256,"28":256,"29":256,"30":256,"31":256,"32":256,"33":256,"34":256,"35":256,"36":256,"37":256,"38":256,"39":256,"40":256,"41":256,"42":256,"43":256,"44":256,"45":256,"46":256,"47":256,"48":256,"49":256,