{"epoch":{"0":0,"1":1,"2":2,"3":3,"4":4,"5":5,"6":6,"7":7,"8":8,"9":9,"10":10,"11":11,"12":12,"13":13,"14":14,"15":15,"16":16,"17":17,"18":18,"19":19,"20":20,"21":21,"22":22,"23":23,"24":24,"25":25,"26":26,"27":27,"28":28,"29":29,"30":30,"31":31,"32":32,"33":33,"34":34,"35":35,"36":36,"37":37,"38":38,"39":39,"40":40,"41":41,"42":42,"43":43,"44":44,"45":45,"46":46,"47":47,"48":48,"49":49},"avg_loss":{"0":0.5500702115,"1":0.2695770725,"2":0.1996552608,"3":0.1780945417,"4":0.1342859943,"5":0.127901052,"6":0.1034213889,"7":0.0950488195,"8":0.0819632361,"9":0.0784772737,"10":0.0801588316,"11":0.070215122,"12":0.0612902386,"13":0.0675852865,"14":0.0550966759,"15":0.0369327602,"16":0.0438254783,"17":0.0596875053,"18":0.0459680193,"19":0.048764629,"20":0.0352978204,"21":0.05237042,"22":0.0402530453,"23":0.0319549905,"24":0.0526315368,"25":0.0317815454,"26":0.0415126547,"27":0.0337299995,"28":0.0400771883,"29":0.0363063148,"30":0.029324814,"31":0.0228432631,"32":0.051781364,"33":0.0460828468,"34":0.027461704,"35":0.0331192284,"36":0.0322354179,"37":0.0257641704,"38":0.0173751302,"39":0.0369640702,"40":0.0128665007,"41":0.0278916653,"42":0.0245599138,"43":0.0178900799,"44":0.0174781325,"45":0.0134998442,"46":0.0256470153,"47":0.0216939984,"48":0.0084532918,"49":0.006080468},"avg_acc":{"0":0.8224942684,"1":0.9112471342,"2":0.9303749204,"3":0.9385998845,"4":0.9565799832,"5":0.9586840272,"6":0.9665263891,"7":0.9703519344,"8":0.9739862084,"9":0.9758990407,"10":0.9755164385,"11":0.9774292111,"12":0.9814460874,"13":0.9791507125,"14":0.9825937152,"15":0.989097178,"16":0.9852716327,"17":0.9825937152,"18":0.98335886,"19":0.985462904,"20":0.9889059067,"21":0.9829763174,"22":0.9868018627,"23":0.9892884493,"24":0.9831675887,"25":0.9894797206,"26":0.9894797206,"27":0.990627408,"28":0.9887146354,"29":0.9875669479,"30":0.990627408,"31":0.9921576381,"32":0.9831675887,"33":0.9864192605,"34":0.9915837646,"35":0.9908186793,"36":0.9892884493,"37":0.9925401807,"38":0.9952180386,"39":0.9892884493,"40":0.9946442246,"41":0.9898622632,"42":0.9912012219,"43":0.9946442246,"44":0.9946442246,"45":0.9961744547,"46":0.9925401807,"47":0.9923489094,"48":0.9961744547,"49":0.9971308708},"avg_loss_val":{"0":0.3285620947,"1":0.3281346453,"2":0.3439373479,"3":0.2141953342,"4":0.2585990547,"5":0.3113354762,"6":0.2325284539,"7":0.1746115349,"8":0.2338243795,"9":0.179173177,"10":0.1855880175,"11":0.1607259665,"12":0.3190314756,"13":0.2685842341,"14":0.2667273598,"15":0.2322172493,"16":0.2712542396,"17":0.195239928,"18":0.2982393005,"19":0.2109835359,"20":0.2343047851,"21":0.2370904235,"22":0.2250181473,"23":0.2977656737,"24":0.2342582581,"25":0.1989031883,"26":0.2325110692,"27":0.2708101059,"28":0.2771339862,"29":0.260825309,"30":0.2499345935,"31":0.2533825517,"32":0.332700463,"33":0.2855770363,"34":0.2140311531,"35":0.2216066916,"36":0.3722283544,"37":0.280590801,"38":0.288906744,"39":0.204226558,"40":0.4377186388,"41":0.241947335,"42":0.2180269878,"43":0.2055656957,"44":0.1843690865,"45":0.1936574037,"46":0.229429889,"47":0.2357824654,"48":0.2983912523,"49":0.2287660661},"avg_acc_val":{"0":0.8884401917,"1":0.8914690018,"2":0.9000505209,"3":0.9348813891,"4":0.9156991839,"5":0.89096421,"6":0.9328622222,"7":0.9404341578,"8":0.9283190966,"9":0.9439677596,"10":0.9394245744,"11":0.9535588622,"12":0.910651207,"13":0.9182231426,"14":0.9273094535,"15":0.9348813891,"16":0.9318526387,"17":0.9449773431,"18":0.9338718057,"19":0.94699651,"20":0.9374054074,"21":0.9353861809,"22":0.9374054074,"23":0.9217567444,"24":0.9268046618,"25":0.9449773431,"26":0.9439677596,"27":0.9348813891,"28":0.9348813891,"29":0.936395824,"30":0.92932868,"31":0.9419485331,"32":0.9151943922,"33":0.9227663279,"34":0.9409389496,"35":0.9308430552,"36":0.9000505209,"37":0.9323574305,"38":0.9318526387,"39":0.9480060935,"40":0.913680017,"41":0.9374054074,"42":0.9389197826,"43":0.9535588622,"44":0.9560828209,"45":0.9505300522,"46":0.9404341578,"47":0.9414437413,"48":0.9389197826,"49":0.9586067796},"device_type":{"0":"cuda","1":"cuda","2":"cuda","3":"cuda","4":"cuda","5":"cuda","6":"cuda","7":"cuda","8":"cuda","9":"cuda","10":"cuda","11":"cuda","12":"cuda","13":"cuda","14":"cuda","15":"cuda","16":"cuda","17":"cuda","18":"cuda","19":"cuda","20":"cuda","21":"cuda","22":"cuda","23":"cuda","24":"cuda","25":"cuda","26":"cuda","27":"cuda","28":"cuda","29":"cuda","30":"cuda","31":"cuda","32":"cuda","33":"cuda","34":"cuda","35":"cuda","36":"cuda","37":"cuda","38":"cuda","39":"cuda","40":"cuda","41":"cuda","42":"cuda","43":"cuda","44":"cuda","45":"cuda","46":"cuda","47":"cuda","48":"cuda","49":"cuda"}}