{"epoch":{"0":0,"1":1,"2":2,"3":3,"4":4,"5":5,"6":6,"7":7,"8":8,"9":9,"10":10,"11":11,"12":12,"13":13,"14":14,"15":15,"16":16,"17":17,"18":18,"19":19,"20":20,"21":21,"22":22,"23":23,"24":24,"25":25,"26":26,"27":27,"28":28,"29":29,"30":30,"31":31,"32":32,"33":33,"34":34,"35":35,"36":36,"37":37,"38":38,"39":39,"40":40,"41":41,"42":42,"43":43,"44":44,"45":45,"46":46,"47":47,"48":48,"49":49},"avg_loss":{"0":0.5495434099,"1":0.2566057157,"2":0.2088221041,"3":0.1689806476,"4":0.1272949308,"5":0.1171440413,"6":0.0864627503,"7":0.1037888878,"8":0.0930885161,"9":0.0782692151,"10":0.081307378,"11":0.0732256527,"12":0.0739402083,"13":0.0747430381,"14":0.0624758069,"15":0.0532990956,"16":0.0622563585,"17":0.064225571,"18":0.0401090212,"19":0.0520796009,"20":0.0412823493,"21":0.0223193815,"22":0.03723882,"23":0.034940059,"24":0.0370014147,"25":0.0308272433,"26":0.0296615054,"27":0.02963567,"28":0.0351171082,"29":0.0152650042,"30":0.0208896051,"31":0.022215186,"32":0.0268942967,"33":0.03736349,"34":0.034232935,"35":0.0073069029,"36":0.0267037718,"37":0.0253485327,"38":0.023425758,"39":0.0433499641,"40":0.0267758092,"41":0.0187108257,"42":0.0095562081,"43":0.0418768526,"44":0.02139444,"45":0.0167171365,"46":0.0219574467,"47":0.0296834289,"48":0.0225629207,"49":0.0201954145},"avg_acc":{"0":0.831610322,"1":0.9171193242,"2":0.9355177879,"3":0.9435780644,"4":0.9609251618,"5":0.9623269439,"6":0.9733660221,"7":0.9686350226,"8":0.9695111513,"9":0.9737164974,"10":0.9740669131,"11":0.9786227345,"12":0.9770457149,"13":0.9772209525,"14":0.9810758829,"15":0.9826529026,"16":0.9812511206,"17":0.9800245166,"18":0.9875591397,"19":0.9840546846,"20":0.9879095554,"21":0.9940423965,"22":0.9873839021,"23":0.9900122881,"24":0.9886104465,"25":0.9903627038,"26":0.9900122881,"27":0.9896618128,"28":0.9886104465,"29":0.9959698319,"30":0.9933415055,"31":0.9924653769,"32":0.9928158522,"33":0.9896618128,"34":0.9903627038,"35":0.9973716736,"36":0.9915892482,"37":0.9919397235,"38":0.9914140701,"39":0.9882600307,"40":0.9922901392,"41":0.9943928719,"42":0.9971964359,"43":0.9873839021,"44":0.9924653769,"45":0.9938671589,"46":0.9917644858,"47":0.9908883572,"48":0.9928158522,"49":0.9940423965},"avg_loss_val":{"0":0.3156626856,"1":0.3436178324,"2":0.3252757679,"3":0.2279055294,"4":0.1732855034,"5":0.2026043565,"6":0.1476040209,"7":0.1796754047,"8":0.1768146425,"9":0.1731648688,"10":0.1475422279,"11":0.1524634923,"12":0.2539152064,"13":0.1644940743,"14":0.2043596561,"15":0.24284496,"16":0.2190400683,"17":0.1493985787,"18":0.221446488,"19":0.1609119006,"20":0.1546484821,"21":0.1802810894,"22":0.1583232614,"23":0.1705706447,"24":0.1635536865,"25":0.1596340531,"26":0.128907234,"27":0.1667297514,"28":0.2846478435,"29":0.4758103285,"30":0.1428040265,"31":0.2065464676,"32":0.2301226673,"33":0.1742009593,"34":0.1367892175,"35":0.1948434144,"36":0.2083809012,"37":0.1961268164,"38":0.2924273381,"39":0.1987525609,"40":0.1682579047,"41":0.1898131361,"42":0.1502405462,"43":0.2416913365,"44":0.2185706196,"45":0.1325990675,"46":0.1601794938,"47":0.1904856582,"48":0.2188159577,"49":0.1397880218},"avg_acc_val":{"0":0.9016726017,"1":0.8945768476,"2":0.8986315727,"3":0.9239736795,"4":0.936644733,"5":0.9346174002,"6":0.9564116001,"7":0.9381652474,"8":0.9477952719,"9":0.9437405467,"10":0.9457678795,"11":0.9503294826,"12":0.9189052582,"13":0.9467815757,"14":0.941206336,"15":0.9315763116,"16":0.9341105223,"17":0.9472884536,"18":0.9386721253,"19":0.9457678795,"20":0.9569184184,"21":0.9452610612,"22":0.9553979039,"23":0.9523568749,"24":0.9584389925,"25":0.9538773894,"26":0.9645210505,"27":0.9559047818,"28":0.9341105223,"29":0.9052205086,"30":0.9609732032,"31":0.9498226643,"32":0.9447542429,"33":0.9508363008,"34":0.9604663253,"35":0.951849997,"36":0.9406994581,"37":0.9462747574,"38":0.9280284047,"39":0.9488089681,"40":0.9472884536,"41":0.9538773894,"42":0.9609732032,"43":0.9295489192,"44":0.9361379147,"45":0.9635074139,"46":0.9533705115,"47":0.9437405467,"48":0.941206336,"49":0.9538773894},"device_type":{"0":"cuda","1":"cuda","2":"cuda","3":"cuda","4":"cuda","5":"cuda","6":"cuda","7":"cuda","8":"cuda","9":"cuda","10":"cuda","11":"cuda","12":"cuda","13":"cuda","14":"cuda","15":"cuda","16":"cuda","17":"cuda","18":"cuda","19":"cuda","20":"cuda","21":"cuda","22":"cuda","23":"cuda","24":"cuda","25":"cuda","26":"cuda","27":"cuda","28":"cuda","29":"cuda","30":"cuda","31":"cuda","32":"cuda","33":"cuda","34":"cuda","35":"cuda","36":"cuda","37":"cuda","38":"cuda","39":"cuda","40":"cuda","41":"cuda","42":"cuda","43":"cuda","44":"cuda","45":"cuda","46":"cuda","47":"cuda","48":"cuda","49":"cuda"}}