{"beta2":{"0":0.99999,"1":0.9999535841,"2":0.9997845565,"3":0.999,"4":0.9953584112,"5":0.9784556531,"6":0.9},"avg_loss_val":{"0":0.3186216668,"1":0.3949878051,"2":0.3759039251,"3":0.5175100435,"4":0.6100452421,"5":1.1916840286,"6":2.1908967296},"avg_acc_val":{"0":0.9184444944,"1":0.9032778276,"2":0.9136111604,"3":0.8907778263,"4":0.8990556002,"5":0.7855556011,"6":0.4740555816},"time":{"0":4817.6810901165,"1":4789.6931724548,"2":4791.0004143715,"3":4792.3478415012,"4":4818.4628419876,"5":4864.4830527306,"6":4873.0133712292}}