{"lr":{"0":0.0001,"1":0.0002154435,"2":0.0004641589,"3":0.001,"4":0.0021544347,"5":0.0046415888,"6":0.01},"avg_loss_val":{"0":0.1234900517,"1":0.1338692203,"2":0.1463453868,"3":0.1631659186,"4":0.2545193924,"5":0.3092984326,"6":null},"avg_acc_val":{"0":0.9657861193,"1":0.9641595549,"2":0.9625890719,"3":0.9584946301,"4":0.9344887932,"5":0.9171574778,"6":0.0984351411},"time":{"0":3383.474635601,"1":3380.1263492107,"2":3380.5927727222,"3":3381.7706439495,"4":3374.3371937275,"5":3376.9322001934,"6":3358.821833849}}