{"epoch":{"0":0,"1":1,"2":2,"3":3,"4":4,"5":5,"6":6,"7":7,"8":8,"9":9,"10":10,"11":11,"12":12,"13":13,"14":14,"15":15,"16":16,"17":17,"18":18,"19":19,"20":20,"21":21,"22":22,"23":23,"24":24,"25":25,"26":26,"27":27,"28":28,"29":29,"30":30,"31":31,"32":32,"33":33,"34":34,"35":35,"36":36,"37":37,"38":38,"39":39,"40":40,"41":41,"42":42,"43":43,"44":44,"45":45,"46":46,"47":47,"48":48,"49":49,"50":50,"51":51,"52":52,"53":53,"54":54,"55":55,"56":56,"57":57,"58":58,"59":59,"60":60,"61":61,"62":62,"63":63,"64":64,"65":65,"66":66,"67":67,"68":68,"69":69,"70":70,"71":71,"72":72,"73":73,"74":74,"75":75,"76":76,"77":77,"78":78,"79":79,"80":80,"81":81,"82":82,"83":83,"84":84,"85":85,"86":86,"87":87,"88":88,"89":89,"90":90,"91":91,"92":92,"93":93,"94":94,"95":95,"96":96,"97":97,"98":98,"99":99},"avg_loss":{"0":0.4745648194,"1":0.2520884882,"2":0.2144722788,"3":0.1600232619,"4":0.1112111915,"5":0.1390721283,"6":0.1085069043,"7":0.0898417863,"8":0.0821999369,"9":0.0683155343,"10":0.0313277588,"11":0.0261060855,"12":0.022119484,"13":0.0162576857,"14":0.0148989159,"15":0.0179612772,"16":0.0130246399,"17":0.0144428563,"18":0.0122439659,"19":0.0114730627,"20":0.0093172927,"21":0.0102866074,"22":0.0159240301,"23":0.0141351001,"24":0.0097729001,"25":0.0115056144,"26":0.0090670625,"27":0.0134674927,"28":0.0082113479,"29":0.0095646407,"30":0.0102200279,"31":0.0114657183,"32":0.00983408,"33":0.0140906131,"34":0.0106718479,"35":0.0098965339,"36":0.0102072701,"37":0.0093117025,"38":0.0109503485,"39":0.0089519083,"40":0.0120905099,"41":0.0095975841,"42":0.0121794876,"43":0.0086449629,"44":0.0131505198,"45":0.0089234744,"46":0.0075685944,"47":0.0126642799,"48":0.0112737001,"49":0.0071592773,"50":0.0089395397,"51":0.0120096848,"52":0.0091584873,"53":0.0067240732,"54":0.0109857566,"55":0.0091519724,"56":0.0127284642,"57":0.0078573232,"58":0.0110979722,"59":0.011581786,"60":0.0072837425,"61":0.0093511283,"62":0.008650085,"63":0.0096165873,"64":0.0085148343,"65":0.0126028757,"66":0.0086507954,"67":0.0094603705,"68":0.0110603686,"69":0.0089178802,"70":0.0084713485,"71":0.0112955352,"72":0.0084746841,"73":0.010562617,"74":0.0092851189,"75":0.0083973594,"76":0.0091284265,"77":0.0091562835,"78":0.009358537,"79":0.0101249815,"80":0.0113025776,"81":0.0098662443,"82":0.0079380076,"83":0.0105691074,"84":0.0105880122,"85":0.0120097128,"86":0.0104165505,"87":0.0070425415,"88":0.0114343918,"89":0.0087604808,"90":0.0083219783,"91":0.0092694965,"92":0.0118734061,"93":0.0106315743,"94":0.0086839836,"95":0.0129747414,"96":0.013801102,"97":0.0118183828,"98":0.0096136405,"99":0.0107496341},"avg_acc":{"0":0.853341341,"1":0.9213685393,"2":0.932973206,"3":0.9467787147,"4":0.9621848464,"5":0.9553821683,"6":0.9643857479,"7":0.9733893275,"8":0.9737895131,"9":0.9789915681,"10":0.9905962348,"11":0.9919967651,"12":0.9923969507,"13":0.9949979782,"14":0.9959983826,"15":0.9943977594,"16":0.9961984754,"17":0.995198071,"18":0.9961984754,"19":0.9969987869,"20":0.9973989725,"21":0.9973989725,"22":0.995198071,"23":0.9961984754,"24":0.9969987869,"25":0.9965986609,"26":0.9969987869,"27":0.9955982566,"28":0.9977990985,"29":0.9961984754,"30":0.9965986609,"31":0.9963985682,"32":0.9969987869,"33":0.9945978522,"34":0.9973989725,"35":0.9971988797,"36":0.9977990985,"37":0.9967986941,"38":0.9959983826,"39":0.9965986609,"40":0.9967986941,"41":0.9969987869,"42":0.9955982566,"43":0.9983993769,"44":0.9961984754,"45":0.9971988797,"46":0.9981992841,"47":0.9961984754,"48":0.9969987869,"49":0.9981992841,"50":0.9977990985,"51":0.9955982566,"52":0.9967986941,"53":0.9983993769,"54":0.9967986941,"55":0.9983993769,"56":0.9953981638,"57":0.9965986609,"58":0.9959983826,"59":0.9955982566,"60":0.9981992841,"61":0.9973989725,"62":0.9971988797,"63":0.9969987869,"64":0.9969987869,"65":0.9955982566,"66":0.9975990057,"67":0.9973989725,"68":0.9967986941,"69":0.9979991913,"70":0.9973989725,"71":0.9963985682,"72":0.9967986941,"73":0.9967986941,"74":0.9979991913,"75":0.9979991913,"76":0.9975990057,"77":0.9977990985,"78":0.9967986941,"79":0.9969987869,"80":0.9955982566,"81":0.9969987869,"82":0.9977990985,"83":0.9965986609,"84":0.9961984754,"85":0.9961984754,"86":0.9973989725,"87":0.9977990985,"88":0.9961984754,"89":0.9971988797,"90":0.9971988797,"91":0.9971988797,"92":0.9955982566,"93":0.9965986609,"94":0.9975990057,"95":0.9965986609,"96":0.9957982898,"97":0.995198071,"98":0.9969987869,"99":0.9969987869},"avg_loss_val":{"0":0.2871343409,"1":0.2762276929,"2":0.1590016951,"3":0.124377564,"4":0.1092450782,"5":0.180522428,"6":0.1236084862,"7":0.1408182134,"8":0.2504376446,"9":0.1083053255,"10":0.1083269382,"11":0.1043555668,"12":0.100904894,"13":0.1056002825,"14":0.0850544235,"15":0.0698471255,"16":0.091313242,"17":0.0743910091,"18":0.0953879043,"19":0.0960923929,"20":0.0828563114,"21":0.1095820807,"22":0.0772518877,"23":0.1005623557,"24":0.0763619764,"25":0.1028817379,"26":0.0804334848,"27":0.090235838,"28":0.1153440416,"29":0.0851396769,"30":0.0924601693,"31":0.0881970551,"32":0.0723019084,"33":0.0949382994,"34":0.089010591,"35":0.0985956483,"36":0.0775258003,"37":0.0986155939,"38":0.0753349031,"39":0.0869380383,"40":0.0872748905,"41":0.1071445592,"42":0.098730299,"43":0.0852984567,"44":0.0946337302,"45":0.0904835015,"46":0.1045578941,"47":0.0868384285,"48":0.0976338046,"49":0.0914665001,"50":0.0840999678,"51":0.0789681927,"52":0.0838168024,"53":0.0958472912,"54":0.0998573343,"55":0.0821726066,"56":0.0961200366,"57":0.1236351177,"58":0.0770988656,"59":0.0954968785,"60":0.0883255631,"61":0.0937381602,"62":0.0846448462,"63":0.0908523401,"64":0.0973525222,"65":0.0866320812,"66":0.0874786762,"67":0.0995945483,"68":0.096516751,"69":0.0727683156,"70":0.0892317339,"71":0.0950243116,"72":0.108366943,"73":0.0892220903,"74":0.0943013798,"75":0.1031901718,"76":0.0991084839,"77":0.0976124414,"78":0.0902293466,"79":0.0984723301,"80":0.0930638127,"81":0.0874792995,"82":0.0839843541,"83":0.064841164,"84":0.0960381744,"85":0.0620317085,"86":0.0789601266,"87":0.0936595288,"88":0.0895330068,"89":0.0869403736,"90":0.0922195265,"91":0.0862596262,"92":0.0959834565,"93":0.0994248105,"94":0.1018435804,"95":0.0812425169,"96":0.0745307395,"97":0.0958956809,"98":0.0794743727,"99":0.1104143084},"avg_acc_val":{"0":0.9088176489,"1":0.9068136215,"2":0.9478958249,"3":0.9569138288,"4":0.9589178562,"5":0.9448897839,"6":0.9669339061,"7":0.9569138288,"8":0.9328657389,"9":0.9659318924,"10":0.9679358602,"11":0.9689378738,"12":0.9669339061,"13":0.9719439149,"14":0.9719439149,"15":0.9809619188,"16":0.9729459286,"17":0.97595191,"18":0.9689378738,"19":0.9719439149,"20":0.97595191,"21":0.9719439149,"22":0.9729459286,"23":0.9699398875,"24":0.9789579511,"25":0.9699398875,"26":0.9729459286,"27":0.97595191,"28":0.9729459286,"29":0.9789579511,"30":0.9739478827,"31":0.9729459286,"32":0.9789579511,"33":0.9749498963,"34":0.9769539237,"35":0.9719439149,"36":0.9779559374,"37":0.9729459286,"38":0.9729459286,"39":0.9769539237,"40":0.9709419012,"41":0.9679358602,"42":0.9769539237,"43":0.9729459286,"44":0.9729459286,"45":0.9789579511,"46":0.9729459286,"47":0.9729459286,"48":0.9699398875,"49":0.9769539237,"50":0.9769539237,"51":0.9769539237,"52":0.97595191,"53":0.9749498963,"54":0.9729459286,"55":0.97595191,"56":0.9749498963,"57":0.9689378738,"58":0.9809619188,"59":0.9719439149,"60":0.9729459286,"61":0.9729459286,"62":0.97595191,"63":0.9789579511,"64":0.9749498963,"65":0.9779559374,"66":0.9729459286,"67":0.9699398875,"68":0.9719439149,"69":0.9769539237,"70":0.9779559374,"71":0.9699398875,"72":0.9719439149,"73":0.9769539237,"74":0.9709419012,"75":0.9699398875,"76":0.9739478827,"77":0.9729459286,"78":0.9739478827,"79":0.9749498963,"80":0.9719439149,"81":0.97595191,"82":0.9779559374,"83":0.9749498963,"84":0.97595191,"85":0.97595191,"86":0.9749498963,"87":0.9779559374,"88":0.97595191,"89":0.9779559374,"90":0.97595191,"91":0.9789579511,"92":0.9729459286,"93":0.9709419012,"94":0.9739478827,"95":0.9779559374,"96":0.9749498963,"97":0.9679358602,"98":0.9809619188,"99":0.9739478827},"image_size":{"0":256,"1":256,