{"epoch":{"0":0,"1":1,"2":2,"3":3,"4":4,"5":5,"6":6,"7":7,"8":8,"9":9,"10":10,"11":11,"12":12,"13":13,"14":14,"15":15,"16":16,"17":17,"18":18,"19":19,"20":20,"21":21,"22":22,"23":23,"24":24,"25":25,"26":26,"27":27,"28":28,"29":29,"30":30,"31":31,"32":32,"33":33,"34":34,"35":35,"36":36,"37":37,"38":38,"39":39,"40":40,"41":41,"42":42,"43":43,"44":44,"45":45,"46":46,"47":47,"48":48,"49":49,"50":50,"51":51,"52":52,"53":53,"54":54,"55":55,"56":56,"57":57,"58":58,"59":59,"60":60,"61":61,"62":62,"63":63,"64":64,"65":65,"66":66,"67":67,"68":68,"69":69,"70":70,"71":71,"72":72,"73":73,"74":74,"75":75,"76":76,"77":77,"78":78,"79":79,"80":80,"81":81,"82":82,"83":83,"84":84,"85":85,"86":86,"87":87,"88":88,"89":89,"90":90,"91":91,"92":92,"93":93,"94":94,"95":95,"96":96,"97":97,"98":98,"99":99},"avg_loss":{"0":0.5781071797,"1":0.3005465879,"2":0.2391177145,"3":0.1782069166,"4":0.1625303359,"5":0.1287995247,"6":0.1442960926,"7":0.1118158858,"8":0.0986116046,"9":0.0765819301,"10":0.0850460533,"11":0.0593380118,"12":0.0803552512,"13":0.0599510871,"14":0.0683762585,"15":0.0562501301,"16":0.0682112149,"17":0.044877737,"18":0.0452647416,"19":0.0405250214,"20":0.0381022271,"21":0.0561791192,"22":0.0609737418,"23":0.0325238159,"24":0.034992374,"25":0.0272699703,"26":0.0320863142,"27":0.0259779105,"28":0.0553088412,"29":0.0334686902,"30":0.029804584,"31":0.0353513492,"32":0.0249195374,"33":0.0301281851,"34":0.0273791571,"35":0.0421452749,"36":0.023198001,"37":0.0191658947,"38":0.0383910731,"39":0.0246507279,"40":0.0279521896,"41":0.0191657143,"42":0.0188100021,"43":0.0195228673,"44":0.0425310197,"45":0.0101320597,"46":0.0251655098,"47":0.0273177247,"48":0.0194564955,"49":0.0258651432,"50":0.0162290834,"51":0.0165591126,"52":0.0231198812,"53":0.0143964533,"54":0.0192542922,"55":0.014741079,"56":0.0166274852,"57":0.0117330603,"58":0.0144080569,"59":0.0219179571,"60":0.0236646573,"61":0.0177664883,"62":0.0111695139,"63":0.0095002071,"64":0.0244418903,"65":0.0194509833,"66":0.0177303868,"67":0.0116217919,"68":0.0230432616,"69":0.0135322307,"70":0.0305311023,"71":0.0128520684,"72":0.0182876539,"73":0.0178450051,"74":0.0036199457,"75":0.0246351023,"76":0.0059512775,"77":0.0250393892,"78":0.0079967673,"79":0.0112215035,"80":0.0051521069,"81":0.0081194497,"82":0.009826783,"83":0.0045086221,"84":0.0100309209,"85":0.018071662,"86":0.0323315966,"87":0.0089508034,"88":0.0117166587,"89":0.007768657,"90":0.0138734761,"91":0.0109167785,"92":0.0071206751,"93":0.0023987126,"94":0.0196474752,"95":0.0121073401,"96":0.010036928,"97":0.0105496834,"98":0.0100983741,"99":0.0103532926},"avg_acc":{"0":0.8117246628,"1":0.9039615989,"2":0.9217687249,"3":0.9413765669,"4":0.9479792118,"5":0.9581832886,"6":0.9499799609,"7":0.9621848464,"8":0.9699879885,"9":0.9767907262,"10":0.9729892015,"11":0.9841936827,"12":0.972589016,"13":0.9813925624,"14":0.9777911305,"15":0.9843937755,"16":0.9791916609,"17":0.986994803,"18":0.9841936827,"19":0.9879952073,"20":0.9875950217,"21":0.9813925624,"22":0.9815926552,"23":0.9911964536,"24":0.9889956117,"25":0.9911964536,"26":0.989996016,"27":0.9913965464,"28":0.980792284,"29":0.9907963276,"30":0.9915966392,"31":0.989996016,"32":0.9919967651,"33":0.9893957376,"34":0.9915966392,"35":0.9881953001,"36":0.9929971695,"37":0.9929971695,"38":0.9909964204,"39":0.9919967651,"40":0.9911964536,"41":0.9945978522,"42":0.9939975739,"43":0.9939975739,"44":0.9889956117,"45":0.9967986941,"46":0.9923969507,"47":0.9933973551,"48":0.9933973551,"49":0.9931972623,"50":0.9943977594,"51":0.9957982898,"52":0.9927971363,"53":0.9959983826,"54":0.9947978854,"55":0.9959983826,"56":0.9955982566,"57":0.9965986609,"58":0.9959983826,"59":0.9935974479,"60":0.9927971363,"61":0.9937975407,"62":0.9959983826,"63":0.9965986609,"64":0.9927971363,"65":0.9935974479,"66":0.9941976666,"67":0.9961984754,"68":0.9943977594,"69":0.9959983826,"70":0.9921968579,"71":0.9967986941,"72":0.9945978522,"73":0.9943977594,"74":0.9983993769,"75":0.9935974479,"76":0.9989995956,"77":0.9929971695,"78":0.9969987869,"79":0.9975990057,"80":0.9981992841,"81":0.9975990057,"82":0.9961984754,"83":0.9979991913,"84":0.9961984754,"85":0.995198071,"86":0.9895958304,"87":0.9981992841,"88":0.9955982566,"89":0.9977990985,"90":0.9945978522,"91":0.9959983826,"92":0.9971988797,"93":0.9995998144,"94":0.995198071,"95":0.9963985682,"96":0.9971988797,"97":0.9965986609,"98":0.9967986941,"99":0.9971988797},"avg_loss_val":{"0":0.3828687207,"1":0.2521499379,"2":0.2323285515,"3":0.2651365513,"4":0.224907851,"5":0.2253589266,"6":0.2418904343,"7":0.1541953741,"8":0.1838812535,"9":0.1680993958,"10":0.1794455058,"11":0.2301252014,"12":0.1958822369,"13":0.2710258718,"14":0.1260482928,"15":0.154254157,"16":0.1695569712,"17":0.2588386396,"18":0.1525387709,"19":0.1507989631,"20":0.1745406698,"21":0.2423454003,"22":0.1605800067,"23":0.2222673921,"24":0.1657227986,"25":0.213075394,"26":0.1541545768,"27":0.2352801299,"28":0.1687522561,"29":0.1817887,"30":0.1569172679,"31":0.2973492076,"32":0.1578924637,"33":0.219560681,"34":0.1907183278,"35":0.1574550276,"36":0.1516582018,"37":0.1557359035,"38":0.2200071999,"39":0.2646665519,"40":0.1523545519,"41":0.170653306,"42":0.2515575281,"43":0.2861288693,"44":0.2035139991,"45":0.1726163139,"46":0.3058157707,"47":0.2063980118,"48":0.218688856,"49":0.2175734982,"50":0.1928786898,"51":0.2447746807,"52":0.1514224748,"53":0.2910878024,"54":0.2388124111,"55":0.2380247218,"56":0.2083159696,"57":0.2871367481,"58":0.3682361223,"59":0.2348392976,"60":0.2025119444,"61":0.2787605077,"62":0.2590748964,"63":0.229605225,"64":0.2355246524,"65":0.1628420239,"66":0.263292793,"67":0.2803357795,"68":0.2484097446,"69":0.2293105787,"70":0.1867390267,"71":0.1713741907,"72":0.3604979102,"73":0.2213282507,"74":0.1822825581,"75":0.1922817486,"76":0.242597899,"77":0.259362202,"78":0.2141277752,"79":0.1885954925,"80":0.1863293064,"81":0.157340868,"82":0.2138340966,"83":0.2673496804,"84":0.2370897101,"85":0.3078597785,"86":0.2002235491,"87":0.2493218256,"88":0.234898254,"89":0.209992975,"90":0.230664391,"91":0.1815906041,"92":0.2320676661,"93":0.1652012103,"94":0.267663057,"95":0.1578224078,"96":0.2057077522,"97":0.2389222895,"98":0.1547948544,"99":0.1696203645},"avg_acc_val":{"0":0.8797595501,"1":0.9068136215,"2":0.9198396802,"3":0.9258517027,"4":0.9278557301,"5":0.9308617115,"6":0.9188376665,"7":0.9539078474,"8":0.9428857565,"9":0.9539078474,"10":0.9428857565,"11":0.9428857565,"12":0.9509018064,"13":0.9208416939,"14":0.963927865,"15":0.9559118152,"16":0.9559118152,"17":0.9308617115,"18":0.9629258513,"19":0.9549098611,"20":0.9509018064,"21":0.9378757477,"22":0.9549098611,"23":0.9388777614,"24":0.9509018064,"25":0.9438877702,"26":0.9529058337,"27":0.9468938112,"28":0.9478958249,"29":0.9509018064,"30":0.9599198699,"31":0.9198396802,"32":0.9529058337,"33":0.9458917975,"34":0.9559118152,"35":0.9579158425,"36":0.9579158425,"37":0.9529058337,"38":0.9338677526,"39":0.9288577437,"40":0.9599198699,"41":0.9539078474,"42":0.9478958249,"43":0.9448897839,"44":0.9478958249,"45":0.9599198699,"46":0.9288577437,"47":0.9539078474,"48":0.9418838024,"49":0.948897779,"50":0.9569138288,"51":0.9418838024,"52":0.9569138288,"53":0.9408817887,"54":0.9418838024,"55":0.9498997927,"56":0.9589178562,"57":0.9438877702,"58":0.9258517027,"59":0.9388777614,"60":0.9458917975,"61":0.9458917975,"62":0.9428857565,"63":0.9498997927,"64":0.9468938112,"65":0.9549098611,"66":0.9458917975,"67":0.948897779,"68":0.9448897839,"69":0.9458917975,"70":0.9539078474,"71":0.9579158425,"72":0.936873734,"73":0.948897779,"74":0.9589178562,"75":0.9609218836,"76":0.9509018064,"77":0.9428857565,"78":0.9529058337,"79":0.9579158425,"80":0.9539078474,"81":0.9589178562,"82":0.9569138288,"83":0.9478958249,"84":0.9549098611,"85":0.9138276577,"86":0.9569138288,"87":0.9468938112,"88":0.95190382,"89":0.9569138288,"90":0.9509018064,"91":0.9569138288,"92":0.9589178562,"93":0.9649298787,"94":0.9418838024,"95":0.963927865,"96":0.9509018064,"97":0.9509018064,"98":0.9559118152,"99":0.9599198699},"image_size":{"0":256,"1":256,