{"epoch":{"0":0,"1":1,"2":2,"3":3,"4":4,"5":5,"6":6,"7":7,"8":8,"9":9,"10":10,"11":11,"12":12,"13":13,"14":14,"15":15,"16":16,"17":17,"18":18,"19":19,"20":20,"21":21,"22":22,"23":23,"24":24,"25":25,"26":26,"27":27,"28":28,"29":29,"30":30,"31":31,"32":32,"33":33,"34":34,"35":35,"36":36,"37":37,"38":38,"39":39,"40":40,"41":41,"42":42,"43":43,"44":44,"45":45,"46":46,"47":47,"48":48,"49":49},"avg_loss":{"0":0.4383464845,"1":0.2223438887,"2":0.1605908251,"3":0.1494296765,"4":0.1244724091,"5":0.1093832845,"6":0.092030387,"7":0.0842754571,"8":0.0673748947,"9":0.0832599573,"10":0.0767104913,"11":0.0585734254,"12":0.0447481382,"13":0.0504731372,"14":0.0493310047,"15":0.0381283796,"16":0.0428179607,"17":0.0375165367,"18":0.0377952449,"19":0.0399306732,"20":0.0253465011,"21":0.0382598048,"22":0.0212485485,"23":0.0436528782,"24":0.0207155771,"25":0.0284429247,"26":0.0310616343,"27":0.0209687435,"28":0.0228008416,"29":0.0289791823,"30":0.028128956,"31":0.0262448681,"32":0.0213918266,"33":0.0221717431,"34":0.0241521602,"35":0.0137382501,"36":0.0092926651,"37":0.024226241,"38":0.0199516297,"39":0.0095970395,"40":0.022841989,"41":0.0194497436,"42":0.0110577435,"43":0.0143882713,"44":0.0187692718,"45":0.016463347,"46":0.0129724888,"47":0.0086121337,"48":0.0099505823,"49":0.0255217692},"avg_acc":{"0":0.8568609953,"1":0.928968668,"2":0.9481614828,"3":0.9510314465,"4":0.9583857059,"5":0.9650224447,"6":0.9720179439,"7":0.9743497968,"8":0.9765022993,"9":0.9747085571,"10":0.9757847786,"11":0.979372263,"12":0.9872646332,"13":0.982421577,"14":0.9843946695,"15":0.9878027439,"16":0.9870852232,"17":0.9870852232,"18":0.9878027439,"19":0.9879820943,"20":0.9903139472,"21":0.988520205,"22":0.9940807819,"23":0.9874439836,"24":0.9942601323,"25":0.9899551868,"26":0.9892377257,"27":0.9933632612,"28":0.9922870398,"29":0.9904932976,"30":0.9910314083,"31":0.9908520579,"32":0.9924663901,"33":0.993901372,"34":0.9919282794,"35":0.9955157042,"36":0.9973094463,"37":0.9922870398,"38":0.9928251505,"39":0.9967713356,"40":0.9933632612,"41":0.993901372,"42":0.9960538745,"43":0.9960538745,"44":0.993901372,"45":0.9965919852,"46":0.9955157042,"47":0.9978475571,"48":0.9960538745,"49":0.9922870398},"avg_loss_val":{"0":0.2554472462,"1":0.2512885281,"2":0.2270101272,"3":0.186897022,"4":0.256289461,"5":0.2047091734,"6":0.211353148,"7":0.1830018646,"8":0.1560884676,"9":0.145381897,"10":0.1683990185,"11":0.1869604159,"12":0.1563695026,"13":0.1984494727,"14":0.2003182136,"15":0.1751628495,"16":0.1879111606,"17":0.1857945789,"18":0.1791722298,"19":0.1625587109,"20":0.2234969559,"21":0.1593578251,"22":0.1965960585,"23":0.1896589771,"24":0.2048797141,"25":0.1359751028,"26":0.1769542203,"27":0.178039363,"28":0.2371232581,"29":0.2039723918,"30":0.1881697164,"31":0.1987292074,"32":0.1836974751,"33":0.203011202,"34":0.1715395359,"35":0.1582358339,"36":0.1871429386,"37":0.2177409257,"38":0.1582327475,"39":0.164984162,"40":0.2203513504,"41":0.1615910238,"42":0.1787899532,"43":0.1832559329,"44":0.1932657873,"45":0.1659928158,"46":0.2069555889,"47":0.1955238323,"48":0.1923859513,"49":0.1598913337},"avg_acc_val":{"0":0.911257565,"1":0.9213995934,"2":0.9340770841,"3":0.9401622415,"4":0.9244421721,"5":0.9350912571,"6":0.9300202727,"7":0.9437119365,"8":0.9574036002,"9":0.9538539052,"10":0.9553752542,"11":0.9467545152,"12":0.9548681378,"13":0.9452332258,"14":0.9411764741,"15":0.9487829208,"16":0.9411764741,"17":0.9457403421,"18":0.9538539052,"19":0.9523326159,"20":0.9482758641,"21":0.9568965435,"22":0.9437119365,"23":0.9563894272,"24":0.9462474585,"25":0.9650101066,"26":0.9487829208,"27":0.9528397322,"28":0.9426977634,"29":0.9452332258,"30":0.9472616315,"31":0.9437119365,"32":0.9518255591,"33":0.9548681378,"34":0.9503042102,"35":0.9574036002,"36":0.9599391222,"37":0.9467545152,"38":0.9558823109,"39":0.9533468485,"40":0.9508113265,"41":0.9579107165,"42":0.9518255591,"43":0.9533468485,"44":0.9558823109,"45":0.9558823109,"46":0.9497971535,"47":0.9568965435,"48":0.9528397322,"49":0.9533468485},"device_type":{"0":"cuda","1":"cuda","2":"cuda","3":"cuda","4":"cuda","5":"cuda","6":"cuda","7":"cuda","8":"cuda","9":"cuda","10":"cuda","11":"cuda","12":"cuda","13":"cuda","14":"cuda","15":"cuda","16":"cuda","17":"cuda","18":"cuda","19":"cuda","20":"cuda","21":"cuda","22":"cuda","23":"cuda","24":"cuda","25":"cuda","26":"cuda","27":"cuda","28":"cuda","29":"cuda","30":"cuda","31":"cuda","32":"cuda","33":"cuda","34":"cuda","35":"cuda","36":"cuda","37":"cuda","38":"cuda","39":"cuda","40":"cuda","41":"cuda","42":"cuda","43":"cuda","44":"cuda","45":"cuda","46":"cuda","47":"cuda","48":"cuda","49":"cuda"}}