{"epoch":{"0":0,"1":1,"2":2,"3":3,"4":4,"5":5,"6":6,"7":7,"8":8,"9":9,"10":10,"11":11,"12":12,"13":13,"14":14,"15":15,"16":16,"17":17,"18":18,"19":19,"20":20,"21":21,"22":22,"23":23,"24":24,"25":25,"26":26,"27":27,"28":28,"29":29,"30":30,"31":31,"32":32,"33":33,"34":34,"35":35,"36":36,"37":37,"38":38,"39":39,"40":40,"41":41,"42":42,"43":43,"44":44,"45":45,"46":46,"47":47,"48":48,"49":49},"avg_loss":{"0":0.4988433309,"1":0.2865159426,"2":0.1957541907,"3":0.154292113,"4":0.1323162631,"5":0.1263500544,"6":0.093403382,"7":0.0979358425,"8":0.0994704056,"9":0.1093121115,"10":0.0443609036,"11":0.0336294607,"12":0.0244737505,"13":0.0198881547,"14":0.0217470581,"15":0.0164114685,"16":0.0195874342,"17":0.0144180681,"18":0.0155115478,"19":0.0156831343,"20":0.0118828335,"21":0.0140260766,"22":0.0138858857,"23":0.0129463844,"24":0.0113437837,"25":0.008373436,"26":0.0091643682,"27":0.0092214129,"28":0.0084908709,"29":0.0117393868,"30":0.0120611237,"31":0.011187939,"32":0.0135255541,"33":0.009570947,"34":0.008694933,"35":0.0148464628,"36":0.0108407046,"37":0.0104265292,"38":0.0131387257,"39":0.0106177722,"40":0.0096177616,"41":0.0153616408,"42":0.0112471759,"43":0.010826578,"44":0.0098977197,"45":0.0140420717,"46":0.0136540531,"47":0.0140435105,"48":0.0130051178,"49":0.0115645216},"avg_acc":{"0":0.8465386033,"1":0.9097638726,"2":0.9397758842,"3":0.9485794306,"4":0.9581832886,"5":0.9597839117,"6":0.9697878957,"7":0.9691876769,"8":0.9679871798,"9":0.9651860595,"10":0.9867947102,"11":0.9891956449,"12":0.9927971363,"13":0.9933973551,"14":0.9919967651,"15":0.9955982566,"16":0.9939975739,"17":0.9961984754,"18":0.9945978522,"19":0.9943977594,"20":0.9955982566,"21":0.9959983826,"22":0.9967986941,"23":0.9957982898,"24":0.9965986609,"25":0.9975990057,"26":0.9977990985,"27":0.9967986941,"28":0.9975990057,"29":0.9973989725,"30":0.9961984754,"31":0.9967986941,"32":0.9961984754,"33":0.9977990985,"34":0.9973989725,"35":0.9959983826,"36":0.9969987869,"37":0.9965986609,"38":0.9963985682,"39":0.9965986609,"40":0.9967986941,"41":0.9961984754,"42":0.9969987869,"43":0.9967986941,"44":0.9961984754,"45":0.9957982898,"46":0.9955982566,"47":0.995198071,"48":0.9961984754,"49":0.9967986941},"avg_loss_val":{"0":0.261949002,"1":0.164541222,"2":0.2035960296,"3":0.2103005856,"4":0.1707722508,"5":0.1760352712,"6":0.1494038532,"7":0.1501227204,"8":0.1569205033,"9":0.1740722144,"10":0.1160380276,"11":0.1024861918,"12":0.0968420785,"13":0.0951267394,"14":0.0993801965,"15":0.1022037329,"16":0.0821542305,"17":0.0869710951,"18":0.0957330394,"19":0.1051153537,"20":0.1170877217,"21":0.1275326274,"22":0.1006226853,"23":0.1013898443,"24":0.107923032,"25":0.0961521432,"26":0.0901188394,"27":0.1016888184,"28":0.0991622666,"29":0.1030443237,"30":0.095166721,"31":0.1063317952,"32":0.0707984291,"33":0.1130950709,"34":0.0853889646,"35":0.1131490755,"36":0.1108704724,"37":0.0942917775,"38":0.128425596,"39":0.1115627795,"40":0.0883878303,"41":0.1033028435,"42":0.0989369749,"43":0.1061890433,"44":0.1045541854,"45":0.1097716953,"46":0.1146847942,"47":0.085234744,"48":0.1124399081,"49":0.1084235487},"avg_acc_val":{"0":0.9258517027,"1":0.9418838024,"2":0.9348697662,"3":0.9328657389,"4":0.9448897839,"5":0.9468938112,"6":0.9569138288,"7":0.9579158425,"8":0.9529058337,"9":0.9498997927,"10":0.9669339061,"11":0.9659318924,"12":0.97595191,"13":0.9709419012,"14":0.9699398875,"15":0.9689378738,"16":0.97595191,"17":0.9689378738,"18":0.97595191,"19":0.9749498963,"20":0.9739478827,"21":0.9729459286,"22":0.9779559374,"23":0.9769539237,"24":0.9749498963,"25":0.97595191,"26":0.9779559374,"27":0.9769539237,"28":0.9739478827,"29":0.9729459286,"30":0.9729459286,"31":0.9719439149,"32":0.9849699736,"33":0.9709419012,"34":0.9769539237,"35":0.9749498963,"36":0.9769539237,"37":0.9789579511,"38":0.9619238377,"39":0.9729459286,"40":0.97595191,"41":0.97595191,"42":0.9739478827,"43":0.9779559374,"44":0.9729459286,"45":0.9769539237,"46":0.9709419012,"47":0.9769539237,"48":0.97595191,"49":0.9749498963},"image_size":{"0":256,"1":256,"2":256,"3":256,"4":256,"5":256,"6":256,"7":256,"8":256,"9":256,"10":256,"11":256,"12":256,"13":256,"14":256,"15":256,"16":256,"17":256,"18":256,"19":256,"20":256,"21":256,"22":256,"23":256,"24":256,"25":256,"26":256,"27":256,"28":256,"29":256,"30":256,"31":256,"32":256,"33":256,"34":256,"35":256,"36":256,"37":256,"38":256,"39":256,"40":256,"41":256,"42":256,"43":256,"44":256,"45":256,"46":256,"47":256,"48":256,"49":256},"device":{"0":"cuda:0","1":"cuda:0","2":"cuda:0","3":"cuda:0","4":"cuda:0","5":"cuda:0","6":"cuda:0","7":"cuda:0","8":"cuda:0","9":"cuda:0","10":"cuda:0","11":"cuda:0","12":"cuda:0","13":"cuda:0","14":"cuda:0","15":"cuda:0","16":"cuda:0","17":"cuda:0","18":"cuda:0","19":"cuda:0","20":"cuda:0","21":"cuda:0","22":"cuda:0","23":"cuda:0","24":"cuda:0","25":"cuda:0","26":"cuda:0","27":"cuda:0","28":"cuda:0","29":"cuda:0","30":"cuda:0","31":"cuda:0","32":"cuda:0","33":"cuda:0","34":"cuda:0","35":"cuda:0","36":"cuda:0","37":"cuda:0","38":"cuda:0","39":"cuda:0","40":"cuda:0","41":"cuda:0","42":"cuda:0","43":"cuda:0","44":"cuda:0","45":"cuda:0","46":"cuda:0","47":"cuda:0","48":"cuda:0","49":"cuda:0"},"model":{"0":"vgg16_lin","1":"vgg16_lin","2":"vgg16_lin","3":"vgg16_lin","4":"vgg16_lin","5":"vgg16_lin","6":"vgg16_lin","7":"vgg16_lin","8":"vgg16_lin","9":"vgg16_lin","10":"vgg16_lin","11":"vgg16_lin","12":"vgg16_lin","13":"vgg16_lin","14":"vgg16_lin","15":"vgg16_lin","16":"vgg16_lin","17":"vgg16_lin","18":"vgg16_lin","19":"vgg16_lin","20":"vgg16_lin","21":"vgg16_lin","22":"vgg16_lin","23":"vgg16_lin","24":"vgg16_lin","25":"vgg16_lin","26":"vgg16_lin","27":"vgg16_lin","28":"vgg16_lin","29":"vgg16_lin","30":"vgg16_lin","31":"vgg16_lin","32":"vgg16_lin","33":"vgg16_lin","34":"vgg16_lin","35":"vgg16_lin","36":"vgg16_lin","37":"vgg16_lin","38":"vgg16_lin","39":"vgg16_lin","40":"vgg16_lin","41":"vgg16_lin","42":"vgg16_lin","43":"vgg16_lin","44":"vgg16_lin","45":"vgg16_lin","46":"vgg16_lin","47":"vgg16_lin","48":"vgg16_lin","49":"vgg16_lin"}}