{"epoch":{"0":0,"1":1,"2":2,"3":3,"4":4,"5":5,"6":6,"7":7,"8":8,"9":9,"10":10,"11":11,"12":12,"13":13,"14":14,"15":15,"16":16,"17":17,"18":18,"19":19,"20":20,"21":21,"22":22,"23":23,"24":24,"25":25,"26":26,"27":27,"28":28,"29":29,"30":30,"31":31,"32":32,"33":33,"34":34,"35":35,"36":36,"37":37,"38":38,"39":39,"40":40,"41":41,"42":42,"43":43,"44":44,"45":45,"46":46,"47":47,"48":48,"49":49,"50":50,"51":51,"52":52,"53":53,"54":54,"55":55,"56":56,"57":57,"58":58,"59":59,"60":60,"61":61,"62":62,"63":63,"64":64,"65":65,"66":66,"67":67,"68":68,"69":69,"70":70,"71":71,"72":72,"73":73,"74":74,"75":75,"76":76,"77":77,"78":78,"79":79,"80":80,"81":81,"82":82,"83":83,"84":84,"85":85,"86":86,"87":87,"88":88,"89":89,"90":90,"91":91,"92":92,"93":93,"94":94,"95":95,"96":96,"97":97,"98":98},"avg_loss":{"0":0.4974281436,"1":0.2915080384,"2":0.2375198292,"3":0.2036017532,"4":0.1797710542,"5":0.1425534282,"6":0.1257301258,"7":0.0980250736,"8":0.0816805675,"9":0.3120944258,"10":0.2505331246,"11":0.2039149311,"12":0.1677356251,"13":0.1493161175,"14":0.1479698316,"15":0.1207383539,"16":0.1005416708,"17":0.0987357814,"18":0.1410498514,"19":0.138727838,"20":0.1156843291,"21":0.1238914197,"22":0.1095588183,"23":0.1014236273,"24":0.082181333,"25":0.0739575554,"26":0.073130273,"27":0.1243036522,"28":0.1186432954,"29":0.1019368936,"30":0.1026105597,"31":0.0851571312,"32":0.081681301,"33":0.0664432494,"34":0.0888680156,"35":0.0793740266,"36":0.1301482061,"37":0.1149216305,"38":0.0982463113,"39":0.1057113206,"40":0.0888924278,"41":0.0924153166,"42":0.0922707952,"43":0.0760257264,"44":0.068809309,"45":0.1177627295,"46":0.1134793436,"47":0.1072009269,"48":0.0879446959,"49":0.0804295004,"50":0.0828142277,"51":0.0826962255,"52":0.0626363746,"53":0.0674735299,"54":0.1312389688,"55":0.0896092178,"56":0.0969790669,"57":0.0947805215,"58":0.0825199673,"59":0.0898779416,"60":0.0717864214,"61":0.0802770753,"62":0.0744239429,"63":0.1156587923,"64":0.0771946373,"65":0.0986013714,"66":0.0949395658,"67":0.0671392868,"68":0.0654319411,"69":0.0815474351,"70":0.0774046359,"71":0.070540711,"72":0.0992416015,"73":0.1012317835,"74":0.0759724013,"75":0.0799499442,"76":0.0743042125,"77":0.0644690185,"78":0.0636185728,"79":0.0848643459,"80":0.0611509224,"81":0.0847495333,"82":0.0956581461,"83":0.0937415765,"84":0.0821592778,"85":0.0751729555,"86":0.0819177926,"87":0.0630818214,"88":0.0643389371,"89":0.0485534878,"90":0.0824137365,"91":0.0781771817,"92":0.0651763549,"93":0.0761765244,"94":0.0745827912,"95":0.0685449424,"96":0.0584876722,"97":0.0684462797,"98":0.0517398038},"avg_acc":{"0":0.8429287672,"1":0.9049065709,"2":0.9252620339,"3":0.9361993074,"4":0.9427312613,"5":0.9564028382,"6":0.9606562257,"7":0.967492044,"8":0.9764544964,"9":0.9006531835,"10":0.9210086465,"11":0.9342244864,"12":0.9474403858,"13":0.953820467,"14":0.9535166025,"15":0.9597448111,"16":0.9699225426,"17":0.9679477215,"18":0.95776999,"19":0.9567066431,"20":0.9638462663,"21":0.9597448111,"22":0.9656691551,"23":0.9680996537,"24":0.9764544964,"25":0.9758468866,"26":0.9776697755,"27":0.9606562257,"28":0.9626309872,"29":0.9676439166,"30":0.9650614858,"31":0.9717453718,"32":0.9741758704,"33":0.978125453,"34":0.9737201929,"35":0.9750873446,"36":0.9611119628,"37":0.9602004886,"38":0.9661248326,"39":0.9665805697,"40":0.9700744152,"41":0.9703782201,"42":0.9712896943,"43":0.9761506915,"44":0.9758468866,"45":0.9630867243,"46":0.963694334,"47":0.9658210278,"48":0.9715934992,"49":0.9743278027,"50":0.9741758704,"51":0.9749354124,"52":0.979644537,"53":0.9793407321,"54":0.9565547705,"55":0.9705301523,"56":0.9688591957,"57":0.9703782201,"58":0.9722011089,"59":0.9722011089,"60":0.9764544964,"61":0.9755430818,"62":0.9769102335,"63":0.9609600306,"64":0.9758468866,"65":0.9676439166,"66":0.9691630006,"67":0.9775178432,"68":0.9790369272,"69":0.9758468866,"70":0.9743278027,"71":0.9778216481,"72":0.9691630006,"73":0.967492044,"74":0.9753911495,"75":0.9758468866,"76":0.9769102335,"77":0.979644537,"78":0.9793407321,"79":0.9705301523,"80":0.979644537,"81":0.9729606509,"82":0.9696186781,"83":0.9680996537,"84":0.9731125832,"85":0.9755430818,"86":0.9732644558,"87":0.9810116887,"88":0.9787331223,"89":0.9852650762,"90":0.9729606509,"91":0.9758468866,"92":0.9791887999,"93":0.9746316075,"94":0.9776697755,"95":0.9785811901,"96":0.9807078838,"97":0.9775178432,"98":0.9843536019},"avg_loss_val":{"0":0.0448351343,"1":0.0537650689,"2":0.0244753747,"3":0.0621349554,"4":0.0158060278,"5":0.0025256983,"6":0.0064684191,"7":0.0410136794,"8":0.0079115634,"9":0.0882017395,"10":0.0387034081,"11":0.0315533803,"12":0.2624270807,"13":0.0055054653,"14":0.0012960888,"15":0.0113232072,"16":0.0035262016,"17":0.0024034612,"18":0.0172676253,"19":0.0128796226,"20":0.001117309,"21":0.0351740122,"22":0.0022170107,"23":0.0402818105,"24":0.0026927712,"25":0.0197780093,"26":0.0005130114,"27":0.003074366,"28":0.0101017297,"29":0.0051729039,"30":0.022620535,"31":0.0008272526,"32":0.0077333122,"33":0.0010661734,"34":0.0012353699,"35":0.0069476596,"36":0.0101639926,"37":0.0052456975,"38":0.0008777412,"39":0.0038035527,"40":0.021642608,"41":0.0072502469,"42":0.0002891379,"43":0.0008963016,"44":0.0040493477,"45":0.0046808521,"46":0.1333746165,"47":0.0028212458,"48":0.0118856195,"49":0.0183584195,"50":0.0036894277,"51":0.0018355134,"52":0.0003969849,"53":0.0238197196,"54":0.0052649386,"55":0.0024659857,"56":0.0054305756,"57":0.0388922924,"58":0.0239673258,"59":0.026193245,"60":0.0494793535,"61":0.0007227659,"62":0.0009742108,"63":0.0066148031,"64":0.0028870885,"65":0.0095138312,"66":0.0092735722,"67":0.0151452302,"68":0.0056816594,"69":0.016735357,"70":0.0223996604,"71":0.0010296765,"72":0.0004259514,"73":0.0109098294,"74":0.0101568945,"75":0.0106157434,"76":0.0798796658,"77":0.0004520748,"78":0.0193583477,"79":0.0118174016,"80":0.0061858956,"81":0.0163467224,"82":0.0035741506,"83":0.0046987861,"84":0.0012924881,"85":0.0019368811,"86":0.0003401997,"87":0.013271376,"88":0.0142306342,"89":0.0079400929,"90":0.0029854613,"91":0.0016655435,"92":0.0003401611,"93":0.028335276,"94":0.0021377318,"95":0.0027494895,"96":0.0002160644,"97":0.0179769096,"98":0.0009920968},"avg_acc_val":{"0":1.0,"1":0.9799999595,"2":1.0,"3":0.9799999595,"4":1.0,"5":1.0,"6":1.0,"7":0.9899999499,"8":1.0,"9":0.9899999499,"10":0.9899999499,"11":0.9899999499,"12":0.9599999785,"13":1.0,"14":1.0,"15":1.0,"16":1.0,"17":1.0,"18":0.9899999499,"19":1.0,"20":1.0,"21":0.9899999499,"22":1.0,"23":0.9899999499,"24":1.0,"25":0.9899999499,"26":1.0,"27":1.0,"28":1.0,"29":1.0,"30":0.9899999499,"31":1.0,"32":1.0,"33":1.0,"34":1.0,"35":1.0,"36":1.0,"37":1.0,"38":1.0,"39":1.0,"40":1.0,"41":1.0,"42":1.0,"43":1.0,"44":1.0,"45":1.0,"46":0.9399999976,"47":1.0,"48":0.9899999499,"49":0.9899999499,"50":1.0,"51":1.0,"52":1.0,"53":0.9899999499,"54":1.0,"55":1.0,"56":1.0,"57":0.9899999499,"58":0.9799999595,"59":0.9899999499,"60":0.9899999499,"61":1.0,"62":1.0,"63":1.0,"64":1.0,"65":0.9899999499,"66":1.0,"67":1.0,"68":1.0,"69":0.9899999499,"70":0.9899999499,"71":1.0,"72":1.0,"73":1.0,"74":0.9899999499,"75":0.9899999499,"76":0.969999969,"77":1.0,"78":0.9899999499,"79":1.0,"80":1.0,"81":1.0,"82":1.0,"83":1.0,"84":1.0,"85":1.0,"86":1.0,"87":0.9899999499,"88":0.9899999499,"89":1.0,"90":1.0,"91":1.0,"92":1.0,"93":0.9899999499,"94":1.0,"95":1.0,"96":1.0,"97":0.9899999499,"98":1.0},"image_size":{"0":256,"1":256,"2":256,"3":256,"4":256,"5":256,"6":256,"7":256,"8":256,"9":256,"10":256,"11":256,"12":256,"13":256,"14":256,"15":256,"16":256,"17":256,"18":256,"19":256,"20":256,"21":256,"22":256,"23":256,"24":256,"25":256,"26":256,"27":256,"28":256,"29":256,"30":256,"31":256,"32":256,"33":256,"34":256,"35":256,"36":256,"37":256,"38":256,"39":256,"40":256,"41":256,"42":256,"43":256,"44":256,"45":256,"46":256,"47":256,"48":256,"49":256,"50":256,"51":256,"52":256,"53":256,"54":256,"55":256,"56":256,"57":256,"58":256,"59":256,"60":256,"61":256,"62":256,"63":256,"64":256,"65":256,"66":256,"67":256,"68":256,"69":256,"70":256,"71":256,"72":256,"73":256,"74":256,"75":256,"76":256,"77":256,