{"epoch":{"0":0,"1":1,"2":2,"3":3,"4":4,"5":5,"6":6,"7":7,"8":8,"9":9,"10":10,"11":11,"12":12,"13":13,"14":14,"15":15,"16":16,"17":17,"18":18,"19":19,"20":20,"21":21,"22":22,"23":23,"24":24,"25":25,"26":26,"27":27,"28":28,"29":29,"30":30,"31":31,"32":32,"33":33,"34":34,"35":35,"36":36,"37":37,"38":38,"39":39,"40":40,"41":41,"42":42,"43":43,"44":44,"45":45,"46":46,"47":47,"48":48,"49":49},"avg_loss":{"0":0.4448315931,"1":0.2056701901,"2":0.1727409537,"3":0.0949472763,"4":0.1087405074,"5":0.10692072,"6":0.0959100726,"7":0.0756789564,"8":0.0749437847,"9":0.1005201279,"10":0.0750824341,"11":0.0519853076,"12":0.0404873533,"13":0.0902282671,"14":0.0339348846,"15":0.06065303,"16":0.0290300471,"17":0.0226106971,"18":0.0289179722,"19":0.0471389114,"20":0.0279488397,"21":0.0391181641,"22":0.0327393527,"23":0.0331955197,"24":0.0537341467,"25":0.0302870144,"26":0.0571695802,"27":0.0307326325,"28":0.0247647715,"29":0.0193976013,"30":0.038477459,"31":0.0231869056,"32":0.0250803126,"33":0.0209341952,"34":0.0195963602,"35":0.0068709579,"36":0.0226107679,"37":0.0153969355,"38":0.0185662936,"39":0.0465660716,"40":0.0192065109,"41":0.015575461,"42":0.0209799649,"43":0.0173604303,"44":0.0072086692,"45":0.0204383413,"46":0.0162436121,"47":0.016257116,"48":0.0254409257,"49":0.016591331},"avg_acc":{"0":0.8610117435,"1":0.9305058718,"2":0.9402145743,"3":0.9647419453,"4":0.9632089734,"5":0.9647419453,"6":0.9729177356,"7":0.9739397168,"8":0.9775165915,"9":0.972406745,"10":0.9764946103,"11":0.9826264381,"12":0.9908022285,"13":0.9713847637,"14":0.9902912378,"15":0.9785385728,"16":0.9908022285,"17":0.9933571815,"18":0.9902912378,"19":0.9867143631,"20":0.9902912378,"21":0.988758266,"22":0.9913132191,"23":0.9908022285,"24":0.9821154475,"25":0.9908022285,"26":0.9821154475,"27":0.988758266,"28":0.9928461909,"29":0.9933571815,"30":0.9923352003,"31":0.9928461909,"32":0.9938681722,"33":0.9913132191,"34":0.9938681722,"35":0.9984670281,"36":0.9913132191,"37":0.9943791628,"38":0.9928461909,"39":0.9877363443,"40":0.9933571815,"41":0.995912075,"42":0.9933571815,"43":0.9948900938,"44":0.9974450469,"45":0.9928461909,"46":0.9954010844,"47":0.995912075,"48":0.9933571815,"49":0.9943791628},"avg_loss_val":{"0":0.2471143179,"1":0.2768995031,"2":0.2888634539,"3":0.2342085895,"4":0.2298749549,"5":0.2266454745,"6":0.208793425,"7":0.2271792619,"8":0.2613620302,"9":0.2522759586,"10":0.3080962075,"11":0.2244176137,"12":0.443253862,"13":0.2213959624,"14":0.2561527912,"15":0.2854729392,"16":0.212317054,"17":0.2582952086,"18":0.3031785292,"19":0.2342244298,"20":0.2851294397,"21":0.2644000587,"22":0.2850504022,"23":0.2460392955,"24":0.2048190983,"25":0.2125671595,"26":0.2506342805,"27":0.2794688897,"28":0.2626212328,"29":0.2332827109,"30":0.260828914,"31":0.2132582186,"32":0.3152185435,"33":0.296841739,"34":0.199691112,"35":0.2832571718,"36":0.2338585997,"37":0.2836993659,"38":0.2755546266,"39":0.344383892,"40":0.2527840982,"41":0.3057605418,"42":0.2808187775,"43":0.2278844015,"44":0.2187534716,"45":0.2973663729,"46":0.2709144802,"47":0.2938458884,"48":0.2457456424,"49":0.2775311554},"avg_acc_val":{"0":0.9120103121,"1":0.914258182,"2":0.9094412327,"3":0.9287090898,"4":0.9309569597,"5":0.9319203496,"6":0.9377007484,"7":0.934489429,"8":0.9177906513,"9":0.9242132306,"10":0.9062299728,"11":0.9367373586,"12":0.8869621158,"13":0.9373795986,"14":0.9325626493,"15":0.912973702,"16":0.9431599379,"17":0.9396275282,"18":0.9238921404,"19":0.934489429,"20":0.9248555303,"21":0.9309569597,"22":0.9238921404,"23":0.9335260391,"24":0.9402697682,"25":0.9380218387,"26":0.9242132306,"27":0.9328837395,"28":0.92903018,"29":0.9399486184,"30":0.9293513298,"31":0.9354528189,"32":0.9203596711,"33":0.9293513298,"34":0.9438021779,"35":0.9335260391,"36":0.9415543079,"37":0.9360950589,"38":0.9373795986,"39":0.9152215719,"40":0.9354528189,"41":0.92678231,"42":0.9383429885,"43":0.9425176978,"44":0.9447655678,"45":0.9360950589,"46":0.9377007484,"47":0.9338471293,"48":0.9348105788,"49":0.9296724796},"device_type":{"0":"cuda","1":"cuda","2":"cuda","3":"cuda","4":"cuda","5":"cuda","6":"cuda","7":"cuda","8":"cuda","9":"cuda","10":"cuda","11":"cuda","12":"cuda","13":"cuda","14":"cuda","15":"cuda","16":"cuda","17":"cuda","18":"cuda","19":"cuda","20":"cuda","21":"cuda","22":"cuda","23":"cuda","24":"cuda","25":"cuda","26":"cuda","27":"cuda","28":"cuda","29":"cuda","30":"cuda","31":"cuda","32":"cuda","33":"cuda","34":"cuda","35":"cuda","36":"cuda","37":"cuda","38":"cuda","39":"cuda","40":"cuda","41":"cuda","42":"cuda","43":"cuda","44":"cuda","45":"cuda","46":"cuda","47":"cuda","48":"cuda","49":"cuda"}}