{"epoch":{"0":0,"1":1,"2":2,"3":3,"4":4,"5":5,"6":6,"7":7,"8":8,"9":9,"10":10,"11":11,"12":12,"13":13,"14":14,"15":15,"16":16,"17":17,"18":18,"19":19,"20":20,"21":21,"22":22,"23":23,"24":24,"25":25,"26":26,"27":27,"28":28,"29":29,"30":30,"31":31,"32":32,"33":33,"34":34,"35":35,"36":36,"37":37,"38":38,"39":39,"40":40,"41":41,"42":42,"43":43,"44":44,"45":45,"46":46,"47":47,"48":48,"49":49,"50":50,"51":51,"52":52,"53":53,"54":54,"55":55,"56":56,"57":57,"58":58,"59":59,"60":60,"61":61,"62":62,"63":63,"64":64,"65":65,"66":66,"67":67,"68":68,"69":69,"70":70,"71":71,"72":72,"73":73,"74":74,"75":75,"76":76,"77":77,"78":78,"79":79,"80":80,"81":81,"82":82,"83":83,"84":84,"85":85,"86":86,"87":87,"88":88,"89":89,"90":90,"91":91,"92":92,"93":93,"94":94,"95":95,"96":96,"97":97,"98":98,"99":99},"avg_loss":{"0":0.5060939835,"1":0.2704873259,"2":0.2447079354,"3":0.16296689,"4":0.146283894,"5":0.1499696949,"6":0.1100642189,"7":0.0992235781,"8":0.0934743898,"9":0.0807887945,"10":0.0790741637,"11":0.0465594998,"12":0.0317401349,"13":0.0626202294,"14":0.0573219289,"15":0.0645020706,"16":0.0534222241,"17":0.0466678446,"18":0.0397921469,"19":0.0227395722,"20":0.0743180091,"21":0.0393187179,"22":0.0293097029,"23":0.0471131131,"24":0.0224114038,"25":0.0291061242,"26":0.0368104821,"27":0.032171156,"28":0.0383056064,"29":0.0282579854,"30":0.0246548222,"31":0.0216360601,"32":0.0212157608,"33":0.0345226329,"34":0.0338669539,"35":0.0278878577,"36":0.022729325,"37":0.0222128042,"38":0.0253214775,"39":0.0144403455,"40":0.0337570749,"41":0.0225327698,"42":0.0113797771,"43":0.0157160396,"44":0.0143488667,"45":0.016359943,"46":0.0422215727,"47":0.0190799899,"48":0.019102417,"49":0.0261536206,"50":0.0080580801,"51":0.0037588794,"52":0.0048033842,"53":0.0055465037,"54":0.0035411595,"55":0.0039107738,"56":0.0050047376,"57":0.0032452894,"58":0.0031374137,"59":0.0033550975,"60":0.0024784663,"61":0.0036620547,"62":0.0030214936,"63":0.0020306638,"64":0.0035286185,"65":0.0019166939,"66":0.0013677528,"67":0.0032579892,"68":0.0012210592,"69":0.0011598582,"70":0.0033451719,"71":0.0009455459,"72":0.0023354662,"73":0.0014441228,"74":0.0019811944,"75":0.001006515,"76":0.0015197377,"77":0.0024054574,"78":0.0010099062,"79":0.0012070823,"80":0.0014113194,"81":0.0009492138,"82":0.0012153356,"83":0.0003684891,"84":0.0006136561,"85":0.0011755478,"86":0.0013177496,"87":0.0012163465,"88":0.000966256,"89":0.0011770278,"90":0.0017217064,"91":0.0013307065,"92":0.0007733337,"93":0.0010935659,"94":0.0008644584,"95":0.0009356558,"96":0.0017198594,"97":0.0010113083,"98":0.0004753414,"99":0.0018950721},"avg_acc":{"0":0.8413365483,"1":0.9177671075,"2":0.9221688509,"3":0.948179245,"4":0.9527810812,"5":0.9509803653,"6":0.9667866826,"7":0.9697878957,"8":0.9689875841,"9":0.9731892943,"10":0.9735894203,"11":0.9845938087,"12":0.9907963276,"13":0.9767907262,"14":0.9853941798,"15":0.9805922508,"16":0.9829931855,"17":0.9853941798,"18":0.9873949289,"19":0.9929971695,"20":0.9775910378,"21":0.9887955189,"22":0.990396142,"23":0.9865946174,"24":0.9925970435,"25":0.990396142,"26":0.9895958304,"27":0.9901960492,"28":0.9879952073,"29":0.989996016,"30":0.9929971695,"31":0.9937975407,"32":0.9945978522,"33":0.9889956117,"34":0.9889956117,"35":0.9923969507,"36":0.9933973551,"37":0.9939975739,"38":0.9921968579,"39":0.9947978854,"40":0.9897959232,"41":0.9935974479,"42":0.9967986941,"43":0.9943977594,"44":0.995198071,"45":0.995198071,"46":0.9893957376,"47":0.9943977594,"48":0.9939975739,"49":0.9929971695,"50":0.9975990057,"51":0.9993997812,"52":0.9987995028,"53":0.9987995028,"54":0.9991996884,"55":0.9991996884,"56":0.9987995028,"57":0.9987995028,"58":0.9991996884,"59":0.9987995028,"60":0.9993997812,"61":0.9987995028,"62":0.9989995956,"63":0.9995998144,"64":0.9987995028,"65":0.9993997812,"66":1.0,"67":0.9989995956,"68":0.9997999072,"69":0.9997999072,"70":0.9991996884,"71":0.9997999072,"72":0.9993997812,"73":0.9995998144,"74":0.9993997812,"75":0.9997999072,"76":0.9997999072,"77":0.9991996884,"78":0.9995998144,"79":0.9997999072,"80":0.9995998144,"81":0.9997999072,"82":0.9997999072,"83":1.0,"84":0.9997999072,"85":0.9993997812,"86":0.9997999072,"87":0.9995998144,"88":0.9997999072,"89":0.9993997812,"90":0.9995998144,"91":0.9997999072,"92":0.9997999072,"93":0.9993997812,"94":0.9995998144,"95":0.9997999072,"96":0.9997999072,"97":0.9995998144,"98":1.0,"99":0.9995998144},"avg_loss_val":{"0":0.3804382398,"1":0.2549427987,"2":0.3036291619,"3":0.166203209,"4":0.1502852138,"5":0.2167066496,"6":0.1517251712,"7":0.197817117,"8":0.1520593536,"9":0.163605494,"10":0.1616565241,"11":0.1497604506,"12":0.2126006085,"13":0.2318628906,"14":0.1061320314,"15":0.1655909451,"16":0.1454366114,"17":0.1516197627,"18":0.1336267763,"19":0.1256731896,"20":0.2213204074,"21":0.1475152815,"22":0.1307810603,"23":0.1453233802,"24":0.1315584563,"25":0.1177982352,"26":0.1667954633,"27":0.1552059306,"28":0.1498169204,"29":0.1251133405,"30":0.1668708577,"31":0.145527871,"32":0.141512816,"33":0.172971966,"34":0.1836817224,"35":0.1415187811,"36":0.1577268816,"37":0.1599602849,"38":0.1455104586,"39":0.1817781925,"40":0.1394922144,"41":0.4206442483,"42":0.108835047,"43":0.2295842082,"44":0.2014925846,"45":0.1750397498,"46":0.1733595748,"47":0.1303467646,"48":0.2966903164,"49":0.1093212258,"50":0.0936265704,"51":0.0747503937,"52":0.0868939402,"53":0.1000859,"54":0.0744261133,"55":0.106915631,"56":0.0909089465,"57":0.0771553894,"58":0.0932376019,"59":0.0892211983,"60":0.0985549693,"61":0.0998435946,"62":0.0911995732,"63":0.0979335232,"64":0.0818429593,"65":0.1000112233,"66":0.1120198274,"67":0.0885664033,"68":0.1035065824,"69":0.1073934821,"70":0.1142700563,"71":0.0955497703,"72":0.0739700063,"73":0.0817133305,"74":0.0993891718,"75":0.085776033,"76":0.1000543677,"77":0.0963899881,"78":0.1386351033,"79":0.0870617015,"80":0.1120760773,"81":0.1217213084,"82":0.0848341704,"83":0.1152362843,"84":0.0879512238,"85":0.1131911565,"86":0.0613889083,"87":0.0924374678,"88":0.0897401842,"89":0.0861382571,"90":0.0999970422,"91":0.1022827725,"92":0.0835771975,"93":0.0803477682,"94":0.0882491955,"95":0.0897765506,"96":0.0931940744,"97":0.110378213,"98":0.1299617458,"99":0.0852378386},"avg_acc_val":{"0":0.8717435002,"1":0.9158316851,"2":0.8927856088,"3":0.9408817887,"4":0.939879775,"5":0.9348697662,"6":0.963927865,"7":0.9468938112,"8":0.948897779,"9":0.9569138288,"10":0.9559118152,"11":0.9529058337,"12":0.9569138288,"13":0.9288577437,"14":0.9629258513,"15":0.9559118152,"16":0.9659318924,"17":0.9569138288,"18":0.9619238377,"19":0.9599198699,"20":0.9338677526,"21":0.9589178562,"22":0.9659318924,"23":0.9539078474,"24":0.963927865,"25":0.97595191,"26":0.9559118152,"27":0.9629258513,"28":0.9569138288,"29":0.9629258513,"30":0.9529058337,"31":0.9659318924,"32":0.9609218836,"33":0.9559118152,"34":0.9539078474,"35":0.9609218836,"36":0.9589178562,"37":0.9579158425,"38":0.9569138288,"39":0.9599198699,"40":0.9629258513,"41":0.9198396802,"42":0.9699398875,"43":0.9539078474,"44":0.9529058337,"45":0.9609218836,"46":0.9589178562,"47":0.9609218836,"48":0.9388777614,"49":0.9659318924,"50":0.9749498963,"51":0.9739478827,"52":0.9769539237,"53":0.9739478827,"54":0.97595191,"55":0.9729459286,"56":0.9739478827,"57":0.9789579511,"58":0.9779559374,"59":0.9769539237,"60":0.9809619188,"61":0.9739478827,"62":0.9779559374,"63":0.9749498963,"64":0.97595191,"65":0.97595191,"66":0.9769539237,"67":0.9739478827,"68":0.9729459286,"69":0.9789579511,"70":0.9649298787,"71":0.97595191,"72":0.9789579511,"73":0.9779559374,"74":0.9729459286,"75":0.9789579511,"76":0.9739478827,"77":0.9769539237,"78":0.9689378738,"79":0.9729459286,"80":0.9699398875,"81":0.9689378738,"82":0.9789579511,"83":0.9719439149,"84":0.9749498963,"85":0.9699398875,"86":0.9839679599,"87":0.9729459286,"88":0.9789579511,"89":0.9809619188,"90":0.9769539237,"91":0.9729459286,"92":0.9789579511,"93":0.9769539237,"94":0.9749498963,"95":0.9789579511,"96":0.97595191,"97":0.9709419012,"98":0.9689378738,"99":0.97595191},"image_size":{"0":256,"1":256,"2":256,"3":256,"4":256,"5":256,