{"epoch":{"0":0,"1":1,"2":2,"3":3,"4":4,"5":5,"6":6,"7":7,"8":8,"9":9,"10":10,"11":11,"12":12,"13":13,"14":14,"15":15,"16":16,"17":17,"18":18,"19":19,"20":20,"21":21,"22":22,"23":23,"24":24,"25":25,"26":26,"27":27,"28":28,"29":29,"30":30,"31":31,"32":32,"33":33,"34":34,"35":35,"36":36,"37":37,"38":38,"39":39,"40":40,"41":41,"42":42,"43":43,"44":44,"45":45,"46":46,"47":47,"48":48,"49":49},"avg_loss":{"0":0.339047977,"1":0.1916265376,"2":0.1403517192,"3":0.118865219,"4":0.1020406308,"5":0.0884485784,"6":0.0707219974,"7":0.0638169014,"8":0.0667738149,"9":0.0456880021,"10":0.0506966518,"11":0.0634385568,"12":0.045449002,"13":0.0355987263,"14":0.0519090886,"15":0.0424980306,"16":0.0339872187,"17":0.0284092529,"18":0.0347025901,"19":0.0333627327,"20":0.0383319295,"21":0.0257555256,"22":0.0190464779,"23":0.0240351733,"24":0.0232161299,"25":0.0302408035,"26":0.0212897078,"27":0.0272413453,"28":0.0232376494,"29":0.0185414243,"30":0.0196756828,"31":0.0254241017,"32":0.021873579,"33":0.0215589699,"34":0.0208406548,"35":0.0197784888,"36":0.0214633501,"37":0.0141139017,"38":0.0164766946,"39":0.0106574832,"40":0.0166128488,"41":0.0124438604,"42":0.0252696117,"43":0.0187679365,"44":0.0136491685,"45":0.0140495429,"46":0.009308364,"47":0.0132554722,"48":0.0087577278,"49":0.0101649407},"avg_acc":{"0":0.8927354813,"1":0.937219739,"2":0.9573094249,"3":0.9628700018,"4":0.9664574265,"5":0.9709417224,"6":0.9777578712,"7":0.9804484844,"8":0.9768610001,"9":0.9847533703,"10":0.9834977984,"11":0.9797309637,"12":0.9861883521,"13":0.988520205,"14":0.9840359092,"15":0.9874439836,"16":0.9901345372,"17":0.9912108183,"18":0.988699615,"19":0.9901345372,"20":0.9876233339,"21":0.9931839108,"22":0.993901372,"23":0.993901372,"24":0.9922870398,"25":0.9908520579,"26":0.9944394827,"27":0.9922870398,"28":0.9937220216,"29":0.993901372,"30":0.9935426116,"31":0.991748929,"32":0.9931839108,"33":0.9926458001,"34":0.994798243,"35":0.9942601323,"36":0.9942601323,"37":0.9962332249,"38":0.9960538745,"39":0.9964125752,"40":0.9940807819,"41":0.9951570034,"42":0.9921076894,"43":0.9942601323,"44":0.9955157042,"45":0.9951570034,"46":0.9967713356,"47":0.9962332249,"48":0.996950686,"49":0.996950686},"avg_loss_val":{"0":0.2168867905,"1":0.2155186674,"2":0.1968554109,"3":0.1634347222,"4":0.1555789334,"5":0.1150510842,"6":0.1162816243,"7":0.1478380386,"8":0.1720629951,"9":0.1302399692,"10":0.1222537866,"11":0.1437229989,"12":0.1249107819,"13":0.1271596444,"14":0.146631765,"15":0.1350699214,"16":0.1126867093,"17":0.1107843476,"18":0.1337103169,"19":0.1548857568,"20":0.1081198362,"21":0.1278552791,"22":0.1214855676,"23":0.1781932458,"24":0.1654456782,"25":0.1387259133,"26":0.1269428906,"27":0.1913947756,"28":0.1530160864,"29":0.138557425,"30":0.1347991904,"31":0.2382597035,"32":0.1398246614,"33":0.1293351573,"34":0.1489920619,"35":0.1229747451,"36":0.1064800428,"37":0.1934879111,"38":0.1454624874,"39":0.1404200829,"40":0.1344460996,"41":0.1454875475,"42":0.1034779927,"43":0.1463155933,"44":0.1115416812,"45":0.1114758541,"46":0.1230338647,"47":0.1208433569,"48":0.1623150382,"49":0.1885606916},"avg_acc_val":{"0":0.9320486784,"1":0.9300202727,"2":0.9386409521,"3":0.9492900372,"4":0.9543610215,"5":0.9650101066,"6":0.9594320059,"7":0.9558823109,"8":0.9432048202,"9":0.9650101066,"10":0.9584178329,"11":0.9563894272,"12":0.9639959335,"13":0.9645029902,"14":0.9574036002,"15":0.9538539052,"16":0.9665313959,"17":0.9705882072,"18":0.9584178329,"19":0.9523326159,"20":0.9665313959,"21":0.9629817009,"22":0.9695740342,"23":0.9497971535,"24":0.9528397322,"25":0.9639959335,"26":0.9624746442,"27":0.9513184428,"28":0.9553752542,"29":0.9639959335,"30":0.9650101066,"31":0.9381338358,"32":0.9609532952,"33":0.9639959335,"34":0.9645029902,"35":0.9685598016,"36":0.9716024399,"37":0.9477687478,"38":0.9614604115,"39":0.9619675279,"40":0.9634888172,"41":0.9619675279,"42":0.9736307859,"43":0.9594320059,"44":0.9695740342,"45":0.9690669179,"46":0.9690669179,"47":0.9670385122,"48":0.9619675279,"49":0.9609532952},"device_type":{"0":"cuda","1":"cuda","2":"cuda","3":"cuda","4":"cuda","5":"cuda","6":"cuda","7":"cuda","8":"cuda","9":"cuda","10":"cuda","11":"cuda","12":"cuda","13":"cuda","14":"cuda","15":"cuda","16":"cuda","17":"cuda","18":"cuda","19":"cuda","20":"cuda","21":"cuda","22":"cuda","23":"cuda","24":"cuda","25":"cuda","26":"cuda","27":"cuda","28":"cuda","29":"cuda","30":"cuda","31":"cuda","32":"cuda","33":"cuda","34":"cuda","35":"cuda","36":"cuda","37":"cuda","38":"cuda","39":"cuda","40":"cuda","41":"cuda","42":"cuda","43":"cuda","44":"cuda","45":"cuda","46":"cuda","47":"cuda","48":"cuda","49":"cuda"}}