{"epoch":{"0":0,"1":1,"2":2,"3":3,"4":4,"5":5,"6":6,"7":7,"8":8,"9":9,"10":10,"11":11,"12":12,"13":13,"14":14,"15":15,"16":16,"17":17,"18":18,"19":19,"20":20,"21":21,"22":22,"23":23,"24":24},"avg_loss":{"0":0.3790879522,"1":0.1576129017,"2":0.1213397595,"3":0.109443747,"4":0.1064840872,"5":0.0909555261,"6":0.0712428233,"7":0.0704035201,"8":0.0648268326,"9":0.059931017,"10":0.0630540711,"11":0.065581063,"12":0.0582346513,"13":0.0565224372,"14":0.0533338141,"15":0.0474936489,"16":0.0342990841,"17":0.0379197514,"18":0.0413176063,"19":0.0422098465,"20":0.0330678525,"21":0.0326066339,"22":0.0384269384,"23":0.035180185,"24":0.0327155191},"avg_acc":{"0":0.8790671229,"1":0.9458341002,"2":0.9588113427,"3":0.9642655253,"4":0.9680270553,"5":0.9687793851,"6":0.97592628,"7":0.9749858975,"8":0.9785593152,"9":0.9806281924,"10":0.9791235328,"11":0.9783712626,"12":0.98119241,"13":0.9808162451,"14":0.984577775,"15":0.984577775,"16":0.9877750278,"17":0.9866465926,"18":0.9857062101,"19":0.9868346453,"20":0.9883393049,"21":0.9887154102,"22":0.9889035225,"23":0.9887154102,"24":0.9894677401},"avg_loss_val":{"0":0.1833469291,"1":0.1728510315,"2":0.168601797,"3":0.145897646,"4":0.1200438072,"5":0.1237895278,"6":0.1563288901,"7":0.1365117518,"8":0.1193319755,"9":0.1326094326,"10":0.124155488,"11":0.1099479557,"12":0.1366565371,"13":0.1158516707,"14":0.1226280003,"15":0.0929627669,"16":0.1094038113,"17":0.1148367471,"18":0.1145100493,"19":0.1259785728,"20":0.1061565229,"21":0.1150756195,"22":0.1068150167,"23":0.1084188194,"24":0.113207023},"avg_acc_val":{"0":0.9372605085,"1":0.9463601112,"2":0.9425287247,"3":0.9568965435,"4":0.9616857767,"5":0.9655172229,"6":0.954022944,"7":0.9554597735,"8":0.9621647,"9":0.9607279301,"10":0.9588122368,"11":0.9621647,"12":0.9616857767,"13":0.9602490067,"14":0.962643683,"15":0.9693486094,"16":0.9669539928,"17":0.9612068534,"18":0.9679118395,"19":0.9636015296,"20":0.9645593762,"21":0.9636015296,"22":0.9669539928,"23":0.9659961462,"24":0.9636015296},"device_type":{"0":"cuda","1":"cuda","2":"cuda","3":"cuda","4":"cuda","5":"cuda","6":"cuda","7":"cuda","8":"cuda","9":"cuda","10":"cuda","11":"cuda","12":"cuda","13":"cuda","14":"cuda","15":"cuda","16":"cuda","17":"cuda","18":"cuda","19":"cuda","20":"cuda","21":"cuda","22":"cuda","23":"cuda","24":"cuda"}}