{"model":{"0":"vgg16","1":"vgg","2":"vgg16","3":"vgg","4":"vgg16","5":"vgg","6":"vgg16","7":"vgg","8":"vgg16","9":"vgg","10":"vgg16","11":"vgg","12":"vgg16","13":"vgg","14":"vgg16","15":"vgg","16":"vgg16","17":"vgg","18":"vgg16","19":"vgg","20":"vgg16","21":"vgg","22":"vgg16","23":"vgg","24":"vgg16","25":"vgg","26":"vgg16","27":"vgg","28":"vgg16","29":"vgg","30":"vgg16","31":"vgg","32":"vgg16","33":"vgg","34":"vgg16","35":"vgg","36":"vgg16","37":"vgg"},"perf":{"0":8.2211694717,"1":99.84375,"2":9.077829361,"3":99.5658493042,"4":18.2371520996,"5":99.9925231934,"6":52.1381149292,"7":27.4958400726,"8":34.0122680664,"9":11.276102066,"10":8.9880990982,"11":0.390823245,"12":58.434223175,"13":86.0738067627,"14":45.911819458,"15":35.8862953186,"16":27.1203937531,"17":31.4751205444,"18":6.9323091507,"19":99.9999847412,"20":9.5136184692,"21":99.7231674194,"22":36.5437011719,"23":100.0,"24":56.476020813,"25":99.9990081787,"26":26.9234962463,"27":99.7867736816,"28":33.2524223328,"29":15.6623840332,"30":11.5487689972,"31":99.2652206421,"32":33.2524223328,"33":15.6623840332,"34":11.5487689972,"35":99.2652206421,"36":29.3285903931,"37":99.9981765747},"fps":{"0":1.3104648689,"1":1.531400564,"2":1.5229115494,"3":1.5315062481,"4":1.507242252,"5":1.5348509228,"6":1.5436596952,"7":1.5106514095,"8":1.3055053222,"9":1.4375560166,"10":1.376405512,"11":1.3954379075,"12":1.3308136222,"13":1.354168059,"14":1.4338726318,"15":1.3905386571,"16":1.0345712674,"17":1.3648526138,"18":1.2224684729,"19":1.1445246487,"20":1.3037182183,"21":1.2736113435,"22":1.0373049042,"23":0.9785579751,"24":1.2937915462,"25":1.4780151491,"26":1.4100733259,"27":1.3467337652,"28":1.4999236503,"29":1.1510047785,"30":1.563220687,"31":1.5485244857,"32":1.5152898062,"33":1.556953107,"34":1.5559989167,"35":1.5428953787,"36":1.5362822394,"37":1.5522524163},"time":{"0":0.7630879879,"1":0.6529970169,"2":0.6566369534,"3":0.6529519558,"4":0.6634633541,"5":0.6515290737,"6":0.6478111744,"7":0.6619660854,"8":0.7659869194,"9":0.6956250668,"10":0.7265300751,"11":0.7166209221,"12":0.7514200211,"13":0.7384607792,"14":0.697412014,"15":0.7191457748,"16":0.9665839672,"17":0.7326798439,"18":0.8180170059,"19":0.8737251759,"20":0.7670369148,"21":0.7851688862,"22":0.9640367031,"23":1.0219118595,"24":0.772922039,"25":0.6765830517,"26":0.7091829777,"27":0.7425372601,"28":0.6667006016,"29":0.8688061237,"30":0.6397049427,"31":0.6457760334,"32":0.6599397659,"33":0.6422801018,"34":0.6426739693,"35":0.6481320858,"36":0.65092206,"37":0.6442251205},"label":{"0":"albatross","1":"albatross","2":"ant","3":"ant","4":"combination lock","5":"combination lock","6":"goldfish","7":"goldfish","8":"goldfish","9":"goldfish","10":"goldfish","11":"goldfish","12":"goldfish","13":"goldfish","14":"goldfish","15":"goldfish","16":"goldfish","17":"goldfish","18":"macaque","19":"macaque","20":"ocarina","21":"ocarina","22":"oscilloscope","23":"oscilloscope","24":"pineapple","25":"pineapple","26":"pineapple","27":"pineapple","28":"screwdriver","29":"screwdriver","30":"screwdriver","31":"screwdriver","32":"screwdriver","33":"screwdriver","34":"screwdriver","35":"screwdriver","36":"sea lion","37":"sea lion"},"i_label":{"0":146,"1":146,"2":310,"3":310,"4":507,"5":507,"6":1,"7":1,"8":1,"9":1,"10":1,"11":1,"12":1,"13":1,"14":1,"15":1,"16":1,"17":1,"18":373,"19":373,"20":684,"21":684,"22":688,"23":688,"24":953,"25":953,"26":953,"27":953,"28":784,"29":784,"30":784,"31":784,"32":784,"33":784,"34":784,"35":784,"36":150,"37":150},"i_image":{"0":0,"1":0,"2":1,"3":1,"4":2,"5":2,"6":3,"7":3,"8":4,"9":4,"10":5,"11":5,"12":6,"13":6,"14":7,"15":7,"16":8,"17":8,"18":9,"19":9,"20":10,"21":10,"22":11,"23":11,"24":12,"25":12,"26":13,"27":13,"28":14,"29":14,"30":15,"31":15,"32":16,"33":16,"34":17,"35":17,"36":18,"37":18},"filename":{"0":"\/Users\/jjn\/Nextcloud\/2021_StageM2_Jean-Nicolas\/dev\/2021-01-07_transfer_learning\/data\/test\/albatross\/2855867852_d697ce5617.jpg","1":"\/Users\/jjn\/Nextcloud\/2021_StageM2_Jean-Nicolas\/dev\/2021-01-07_transfer_learning\/data\/test\/albatross\/2855867852_d697ce5617.jpg","2":"\/Users\/jjn\/Nextcloud\/2021_StageM2_Jean-Nicolas\/dev\/2021-01-07_transfer_learning\/data\/test\/ant\/2288450506_d20bc35405.jpg","3":"\/Users\/jjn\/Nextcloud\/2021_StageM2_Jean-Nicolas\/dev\/2021-01-07_transfer_learning\/data\/test\/ant\/2288450506_d20bc35405.jpg","4":"\/Users\/jjn\/Nextcloud\/2021_StageM2_Jean-Nicolas\/dev\/2021-01-07_transfer_learning\/data\/test\/combination lock\/1424913717_b64fa4d6d6.jpg","5":"\/Users\/jjn\/Nextcloud\/2021_StageM2_Jean-Nicolas\/dev\/2021-01-07_transfer_learning\/data\/test\/combination lock\/1424913717_b64fa4d6d6.jpg","6":"\/Users\/jjn\/Nextcloud\/2021_StageM2_Jean-Nicolas\/dev\/2021-01-07_transfer_learning\/data\/test\/goldfish\/3050927387_6374cedf8c.jpg","7":"\/Users\/jjn\/Nextcloud\/2021_StageM2_Jean-Nicolas\/dev\/2021-01-07_transfer_learning\/data\/test\/goldfish\/3050927387_6374cedf8c.jpg","8":"\/Users\/jjn\/Nextcloud\/2021_StageM2_Jean-Nicolas\/dev\/2021-01-07_transfer_learning\/data\/test\/goldfish\/5.jpeg","9":"\/Users\/jjn\/Nextcloud\/2021_StageM2_Jean-Nicolas\/dev\/2021-01-07_transfer_learning\/data\/test\/goldfish\/5.jpeg","10":"\/Users\/jjn\/Nextcloud\/2021_StageM2_Jean-Nicolas\/dev\/2021-01-07_transfer_learning\/data\/test\/goldfish\/6.jpeg","11":"\/Users\/jjn\/Nextcloud\/2021_StageM2_Jean-Nicolas\/dev\/2021-01-07_transfer_learning\/data\/test\/goldfish\/6.jpeg","12":"\/Users\/jjn\/Nextcloud\/2021_StageM2_Jean-Nicolas\/dev\/2021-01-07_transfer_learning\/data\/test\/goldfish\/7.jpeg","13":"\/Users\/jjn\/Nextcloud\/2021_StageM2_Jean-Nicolas\/dev\/2021-01-07_transfer_learning\/data\/test\/goldfish\/7.jpeg","14":"\/Users\/jjn\/Nextcloud\/2021_StageM2_Jean-Nicolas\/dev\/2021-01-07_transfer_learning\/data\/test\/goldfish\/8.jpeg","15":"\/Users\/jjn\/Nextcloud\/2021_StageM2_Jean-Nicolas\/dev\/2021-01-07_transfer_learning\/data\/test\/goldfish\/8.jpeg","16":"\/Users\/jjn\/Nextcloud\/2021_StageM2_Jean-Nicolas\/dev\/2021-01-07_transfer_learning\/data\/test\/goldfish\/9.jpeg","17":"\/Users\/jjn\/Nextcloud\/2021_StageM2_Jean-Nicolas\/dev\/2021-01-07_transfer_learning\/data\/test\/goldfish\/9.jpeg","18":"\/Users\/jjn\/Nextcloud\/2021_StageM2_Jean-Nicolas\/dev\/2021-01-07_transfer_learning\/data\/test\/macaque\/1159918831_66d87789ea.jpg","19":"\/Users\/jjn\/Nextcloud\/2021_StageM2_Jean-Nicolas\/dev\/2021-01-07_transfer_learning\/data\/test\/macaque\/1159918831_66d87789ea.jpg","20":"\/Users\/jjn\/Nextcloud\/2021_StageM2_Jean-Nicolas\/dev\/2021-01-07_transfer_learning\/data\/test\/ocarina\/371527806_2b400a7e7a.jpg","21":"\/Users\/jjn\/Nextcloud\/2021_StageM2_Jean-Nicolas\/dev\/2021-01-07_transfer_learning\/data\/test\/ocarina\/371527806_2b400a7e7a.jpg","22":"\/Users\/jjn\/Nextcloud\/2021_StageM2_Jean-Nicolas\/dev\/2021-01-07_transfer_learning\/data\/test\/oscilloscope\/1208662868_02c488b92c.jpg","23":"\/Users\/jjn\/Nextcloud\/2021_StageM2_Jean-Nicolas\/dev\/2021-01-07_transfer_learning\/data\/test\/oscilloscope\/1208662868_02c488b92c.jpg","24":"\/Users\/jjn\/Nextcloud\/2021_StageM2_Jean-Nicolas\/dev\/2021-01-07_transfer_learning\/data\/test\/pineapple\/2186321933_d863073d47.jpg","25":"\/Users\/jjn\/Nextcloud\/2021_StageM2_Jean-Nicolas\/dev\/2021-01-07_transfer_learning\/data\/test\/pineapple\/2186321933_d863073d47.jpg","26":"\/Users\/jjn\/Nextcloud\/2021_StageM2_Jean-Nicolas\/dev\/2021-01-07_transfer_learning\/data\/test\/pineapple\/2639485892_207cb27e5a.jpg","27":"\/Users\/jjn\/Nextcloud\/2021_StageM2_Jean-Nicolas\/dev\/2021-01-07_transfer_learning\/data\/test\/pineapple\/2639485892_207cb27e5a.jpg","28":"\/Users\/jjn\/Nextcloud\/2021_StageM2_Jean-Nicolas\/dev\/2021-01-07_transfer_learning\/data\/test\/screwdriver\/2360538357_ea67e8603c.jpg","29":"\/Users\/jjn\/Nextcloud\/2021_StageM2_Jean-Nicolas\/dev\/2021-01-07_transfer_learning\/data\/test\/screwdriver\/2360538357_ea67e8603c.jpg","30":"\/Users\/jjn\/Nextcloud\/2021_StageM2_Jean-Nicolas\/dev\/2021-01-07_transfer_learning\/data\/test\/screwdriver\/451625077_6c9e34b2f2.jpg",